id,source,url,local_path,file_size_kb,downloaded_at,status
3,cob,https://kiambu.go.ke/wp-content/uploads/2025/03/CBIRR-2024-25-24.02.2025-DR-25225-b-17-1.pdf,C:\Users\user\Data_Science_Course\kenya_public_finance_intelligence\kenya_public_finance_intelligence\data\raw\cob\cob_county_2024-25_half-year.pdf,32692.03,2026-06-12 12:06:55,ok
4,treasury,https://www.treasury.go.ke/sites/default/files/2025-Budget-Review-and-Outlook-Paper-1.pdf,C:\Users\user\Data_Science_Course\kenya_public_finance_intelligence\kenya_public_finance_intelligence\data\raw\treasury\treasury__brop_brop-2025.pdf,2552.1,2026-06-12 12:08:09,ok
5,treasury,https://www.treasury.go.ke/sites/default/files/Budget%20summary/Budget-Summary-for-the-FY-2023_24.pdf,C:\Users\user\Data_Science_Course\kenya_public_finance_intelligence\kenya_public_finance_intelligence\data\raw\treasury\treasury_2023-24_budget-summary_fy-20232024-budget-summary.pdf,1917.47,2026-06-12 12:10:42,ok
6,treasury,https://www.treasury.go.ke/sites/default/files/Budget%20summary/Budget-Summary-for-the-FY-2022_23.pdf,C:\Users\user\Data_Science_Course\kenya_public_finance_intelligence\kenya_public_finance_intelligence\data\raw\treasury\treasury_2022-23_budget-summary_fy-20222023-budget-summary.pdf,1571.78,2026-06-12 12:10:45,ok
7,treasury,https://www.treasury.go.ke/sites/default/files/Budget%20summary/29.04.2021_Final-Budget-Summary_TP.pdf,C:\Users\user\Data_Science_Course\kenya_public_finance_intelligence\kenya_public_finance_intelligence\data\raw\treasury\treasury_2021-22_budget-summary_fy-20212022-budget-summary-tp.pdf,2009.75,2026-06-12 12:10:47,ok
8,treasury,https://www.treasury.go.ke/sites/default/files/Internal%20Downloads/TNT-%20Expenditure%20Requisition%20Form%20Final.pdf,C:\Users\user\Data_Science_Course\kenya_public_finance_intelligence\kenya_public_finance_intelligence\data\raw\treasury\treasury__other_expenditure-requisition-form.pdf,103.59,2026-06-12 12:10:48,ok
9,oag,https://www.oagkenya.go.ke/wp-content/uploads/2025/04/Auditor-Generals-summary-Report-on-County-Governments-2023-2024.pdf,C:\Users\user\Data_Science_Course\kenya_public_finance_intelligence\kenya_public_finance_intelligence\data\raw\oag\oag_2023-24_summary_county-summary-2023-24.pdf,2031.58,2026-06-13 10:52:56,ok
10,oag,https://www.oagkenya.go.ke/wp-content/uploads/2025/02/GREEN-BOOK-EXECUTIVES-2024-FINAL-5.3.2025-SIGNED.pdf,C:\Users\user\Data_Science_Course\kenya_public_finance_intelligence\kenya_public_finance_intelligence\data\raw\oag\oag_2023-24_county-executive_county-executives-2023-24.pdf,33256.95,2026-06-13 10:58:44,ok
11,oag,https://www.oagkenya.go.ke/wp-content/uploads/2025/02/GREEN-BOOK-ASSEMBLIES-2024-FINAL-01-April-2025-KLB.pdf,C:\Users\user\Data_Science_Course\kenya_public_finance_intelligence\kenya_public_finance_intelligence\data\raw\oag\oag_2023-24_financial-audit_county-assemblies-2023-24.pdf,31620.81,2026-06-13 11:04:54,ok
12,oag,https://www.oagkenya.go.ke/wp-content/uploads/2025/04/Auditor-Generals-summary-Report-on-National-Government-2023-2024.pdf,C:\Users\user\Data_Science_Course\kenya_public_finance_intelligence\kenya_public_finance_intelligence\data\raw\oag\oag_2023-24_national_national-govt-summary-2023-24.pdf,2892.6,2026-06-13 11:05:31,ok
13,oag,https://www.oagkenya.go.ke/wp-content/uploads/2025/06/Auditor-Generals-Popular-Report-on-National-Government-2023-2024.pdf,C:\Users\user\Data_Science_Course\kenya_public_finance_intelligence\kenya_public_finance_intelligence\data\raw\oag\oag_2023-24_national_national-govt-popular-2023-24.pdf,7213.28,2026-06-13 11:07:47,ok
14,oag,https://www.oagkenya.go.ke/wp-content/uploads/2026/05/AUDITOR-GENERALS-REPORT-ON-COUNTY-GOVERNMENTS-COUNTY-ASSEMBLIES-2024-2025-1.pdf#new_tab,C:\Users\user\Data_Science_Course\kenya_public_finance_intelligence\kenya_public_finance_intelligence\data\raw\oag\oag_2024-25_county-executive_auditor-generals-report-on-county-govern.pdf,11177.9,2026-06-13 11:11:08,ok
15,oag,https://www.oagkenya.go.ke/wp-content/uploads/2026/05/AUDITOR-GENERALS-REPORT-ON-COUNTY-GOVERNMENTS-COUNTY-ASSEMBLIES-2024-2025-1.pdf,C:\Users\user\Data_Science_Course\kenya_public_finance_intelligence\kenya_public_finance_intelligence\data\raw\oag\oag_2024-25_county-executive_auditor-generals-report-on-county-govern.pdf,11177.9,2026-06-13 11:11:08,ok
16,oag,https://www.oagkenya.go.ke/wp-content/uploads/2026/05/AUDITOR-GENERALS-REPORT-ON-COUNTY-GOVERNMENTS-COUNTY-EXECUTIVES-2024-2025-1.pdf#new_tab,C:\Users\user\Data_Science_Course\kenya_public_finance_intelligence\kenya_public_finance_intelligence\data\raw\oag\oag_2024-25_county-executive_auditor-generals-report-on-the-county-go.pdf,13514.85,2026-06-13 11:14:43,ok
17,oag,https://www.oagkenya.go.ke/wp-content/uploads/2026/05/AUDITOR-GENERALS-REPORT-ON-COUNTY-GOVERNMENTS-COUNTY-EXECUTIVES-2024-2025-1.pdf,C:\Users\user\Data_Science_Course\kenya_public_finance_intelligence\kenya_public_finance_intelligence\data\raw\oag\oag_2024-25_county-executive_auditor-generals-report-on-the-county-go.pdf,13514.85,2026-06-13 11:14:43,ok
18,oag,https://www.oagkenya.go.ke/wp-content/uploads/2026/05/AUDITOR-GENERALS-SUMMARY-REPORT-ON-COUNTY-GOVERNMENTS-2024-2025.pdf#new_tab,C:\Users\user\Data_Science_Course\kenya_public_finance_intelligence\kenya_public_finance_intelligence\data\raw\oag\oag_2024-25_county-executive_auditor-generals-summary-report-on-the-c.pdf,17719.35,2026-06-13 11:18:19,ok
19,oag,https://www.oagkenya.go.ke/wp-content/uploads/2026/05/AUDITOR-GENERALS-SUMMARY-REPORT-ON-COUNTY-GOVERNMENTS-2024-2025.pdf,C:\Users\user\Data_Science_Course\kenya_public_finance_intelligence\kenya_public_finance_intelligence\data\raw\oag\oag_2024-25_county-executive_auditor-generals-summary-report-on-the-c.pdf,17719.35,2026-06-13 11:18:19,ok
20,oag,https://www.oagkenya.go.ke/wp-content/uploads/2025/04/Auditor-Generals-summary-Report-on-County-Governments-2023-2024.pdf#new_tab,C:\Users\user\Data_Science_Course\kenya_public_finance_intelligence\kenya_public_finance_intelligence\data\raw\oag\oag_2023-24_county-executive_auditor-generals-summary-report-on-count.pdf,2031.58,2026-06-13 11:18:38,ok
21,oag,https://www.oagkenya.go.ke/wp-content/uploads/2025/02/GREEN-BOOK-EXECUTIVES-2024-FINAL-5.3.2025-SIGNED.pdf#new_tab,C:\Users\user\Data_Science_Course\kenya_public_finance_intelligence\kenya_public_finance_intelligence\data\raw\oag\oag_2023-24_county-executive_auditor-generals-report-on-the-county-go.pdf,33256.95,2026-06-13 11:28:37,ok
22,oag,https://www.oagkenya.go.ke/wp-content/uploads/2025/02/GREEN-BOOK-ASSEMBLIES-2024-FINAL-01-April-2025-KLB.pdf#new_tab,C:\Users\user\Data_Science_Course\kenya_public_finance_intelligence\kenya_public_finance_intelligence\data\raw\oag\oag_2023-24_county-executive_auditor-generals-report-on-the-county-go.pdf,33256.95,2026-06-13 11:28:37,ok
23,oag,https://www.oagkenya.go.ke/wp-content/uploads/2024/04/GREEN-BOOK-COUNTY-ASSEMBLIES-VOL.-2-2022-2023.pdf#new_tab,C:\Users\user\Data_Science_Course\kenya_public_finance_intelligence\kenya_public_finance_intelligence\data\raw\oag\oag_2022-23_county-executive_green-book-county-assemblies-vol-2-2022-.pdf,6851.83,2026-06-13 11:29:43,ok
24,oag,https://www.oagkenya.go.ke/wp-content/uploads/2024/04/GREEN-BOOK-COUNTY-ASSEMBLIES-VOL.-2-2022-2023.pdf,C:\Users\user\Data_Science_Course\kenya_public_finance_intelligence\kenya_public_finance_intelligence\data\raw\oag\oag_2022-23_county-executive_green-book-county-assemblies-vol-2-2022-.pdf,6851.83,2026-06-13 11:29:43,ok
25,oag,https://www.oagkenya.go.ke/wp-content/uploads/2024/04/GREEN-BOOK-COUNTY-EXECUTIVES-VOL-1-2022-2023-1.pdf#new_tab,C:\Users\user\Data_Science_Course\kenya_public_finance_intelligence\kenya_public_finance_intelligence\data\raw\oag\oag_2022-23_county-executive_green-book-county-executives-vol-1-2022-.pdf,8550.86,2026-06-13 11:30:47,ok
26,oag,https://www.oagkenya.go.ke/wp-content/uploads/2024/04/GREEN-BOOK-COUNTY-EXECUTIVES-VOL-1-2022-2023-1.pdf,C:\Users\user\Data_Science_Course\kenya_public_finance_intelligence\kenya_public_finance_intelligence\data\raw\oag\oag_2022-23_county-executive_green-book-county-executives-vol-1-2022-.pdf,8550.86,2026-06-13 11:30:47,ok
27,oag,https://www.oagkenya.go.ke/wp-content/uploads/2023/11/County-Assemby-of-Garissa-2021-2022.pdf#new_tab,C:\Users\user\Data_Science_Course\kenya_public_finance_intelligence\kenya_public_finance_intelligence\data\raw\oag\oag_2021-22_county-executive_county-assemby-of-garissa-2021-2022.pdf,506.34,2026-06-13 11:30:54,ok
28,oag,https://www.oagkenya.go.ke/wp-content/uploads/2023/11/County-Assemby-of-Garissa-2021-2022.pdf,C:\Users\user\Data_Science_Course\kenya_public_finance_intelligence\kenya_public_finance_intelligence\data\raw\oag\oag_2021-22_county-executive_county-assemby-of-garissa-2021-2022.pdf,506.34,2026-06-13 11:30:55,ok
29,oag,https://www.oagkenya.go.ke/wp-content/uploads/2023/11/County-Assembly-of-Marsabit-2021-2022.pdf#new_tab,C:\Users\user\Data_Science_Course\kenya_public_finance_intelligence\kenya_public_finance_intelligence\data\raw\oag\oag_2021-22_county-assembly_county-assembly-of-marsabit-2021-2022.pdf,671.44,2026-06-13 11:30:58,ok
30,oag,https://www.oagkenya.go.ke/wp-content/uploads/2023/11/County-Assembly-of-Marsabit-2021-2022.pdf,C:\Users\user\Data_Science_Course\kenya_public_finance_intelligence\kenya_public_finance_intelligence\data\raw\oag\oag_2021-22_county-assembly_county-assembly-of-marsabit-2021-2022.pdf,671.44,2026-06-13 11:30:58,ok
31,oag,https://www.oagkenya.go.ke/wp-content/uploads/2023/11/County-Assembly-of-Machakos-2021-2022.pdf#new_tab,C:\Users\user\Data_Science_Course\kenya_public_finance_intelligence\kenya_public_finance_intelligence\data\raw\oag\oag_2021-22_county-assembly_county-assembly-of-machakos-2021-2022.pdf,526.19,2026-06-13 11:31:02,ok
32,oag,https://www.oagkenya.go.ke/wp-content/uploads/2023/11/County-Assembly-of-Machakos-2021-2022.pdf,C:\Users\user\Data_Science_Course\kenya_public_finance_intelligence\kenya_public_finance_intelligence\data\raw\oag\oag_2021-22_county-assembly_county-assembly-of-machakos-2021-2022.pdf,526.19,2026-06-13 11:31:02,ok
33,oag,https://www.oagkenya.go.ke/wp-content/uploads/2023/11/County-Assembly-of-Kitui-2021-2022.pdf#new_tab,C:\Users\user\Data_Science_Course\kenya_public_finance_intelligence\kenya_public_finance_intelligence\data\raw\oag\oag_2021-22_county-assembly_county-assembly-of-kitui-2021-2022.pdf,525.47,2026-06-13 11:31:05,ok
34,oag,https://www.oagkenya.go.ke/wp-content/uploads/2023/11/County-Assembly-of-Kitui-2021-2022.pdf,C:\Users\user\Data_Science_Course\kenya_public_finance_intelligence\kenya_public_finance_intelligence\data\raw\oag\oag_2021-22_county-assembly_county-assembly-of-kitui-2021-2022.pdf,525.47,2026-06-13 11:31:05,ok
35,oag,https://www.oagkenya.go.ke/wp-content/uploads/2023/11/County-Assembly-of-Muranga-2021-2022.pdf#new_tab,C:\Users\user\Data_Science_Course\kenya_public_finance_intelligence\kenya_public_finance_intelligence\data\raw\oag\oag_2021-22_county-assembly_county-assembly-of-muranga-2021-2022.pdf,733.79,2026-06-13 11:31:11,ok
36,oag,https://www.oagkenya.go.ke/wp-content/uploads/2023/11/County-Assembly-of-Muranga-2021-2022.pdf,C:\Users\user\Data_Science_Course\kenya_public_finance_intelligence\kenya_public_finance_intelligence\data\raw\oag\oag_2021-22_county-assembly_county-assembly-of-muranga-2021-2022.pdf,733.79,2026-06-13 11:31:11,ok
37,oag,https://www.oagkenya.go.ke/wp-content/uploads/2023/11/County-Assembly-of-Kisumu-2021-2022.pdf#new_tab,C:\Users\user\Data_Science_Course\kenya_public_finance_intelligence\kenya_public_finance_intelligence\data\raw\oag\oag_2021-22_county-assembly_county-assembly-of-kisumu-2021-2022.pdf,364.1,2026-06-13 11:31:17,ok
38,oag,https://www.oagkenya.go.ke/wp-content/uploads/2023/11/County-Assembly-of-Kisumu-2021-2022.pdf,C:\Users\user\Data_Science_Course\kenya_public_finance_intelligence\kenya_public_finance_intelligence\data\raw\oag\oag_2021-22_county-assembly_county-assembly-of-kisumu-2021-2022.pdf,364.1,2026-06-13 11:31:17,ok
39,oag,https://www.oagkenya.go.ke/wp-content/uploads/2023/11/County-Assembly-of-Nyeri-2021-2022.pdf#new_tab,C:\Users\user\Data_Science_Course\kenya_public_finance_intelligence\kenya_public_finance_intelligence\data\raw\oag\oag_2021-22_county-assembly_county-assembly-of-nyeri-2021-2022.pdf,400.32,2026-06-13 11:31:24,ok
40,oag,https://www.oagkenya.go.ke/wp-content/uploads/2023/11/County-Assembly-of-Nyeri-2021-2022.pdf,C:\Users\user\Data_Science_Course\kenya_public_finance_intelligence\kenya_public_finance_intelligence\data\raw\oag\oag_2021-22_county-assembly_county-assembly-of-nyeri-2021-2022.pdf,400.32,2026-06-13 11:31:24,ok
41,oag,https://www.oagkenya.go.ke/wp-content/uploads/2023/11/County-Assembly-of-Kisii-2021-2022.pdf#new_tab,C:\Users\user\Data_Science_Course\kenya_public_finance_intelligence\kenya_public_finance_intelligence\data\raw\oag\oag_2021-22_county-assembly_county-assembly-of-kisii-2021--2022.pdf,580.37,2026-06-13 11:31:42,ok
42,oag,https://www.oagkenya.go.ke/wp-content/uploads/2023/11/County-Assembly-of-Kisii-2021-2022.pdf,C:\Users\user\Data_Science_Course\kenya_public_finance_intelligence\kenya_public_finance_intelligence\data\raw\oag\oag_2021-22_county-assembly_county-assembly-of-kisii-2021--2022.pdf,580.37,2026-06-13 11:31:43,ok
43,oag,https://www.oagkenya.go.ke/wp-content/uploads/2023/11/County-Assembly-of-Laikipia-2021-2022.pdf#new_tab,C:\Users\user\Data_Science_Course\kenya_public_finance_intelligence\kenya_public_finance_intelligence\data\raw\oag\oag_2021-22_county-assembly_county-assembly-of-laikipia-2021-2022.pdf,510.48,2026-06-13 11:31:54,ok
44,oag,https://www.oagkenya.go.ke/wp-content/uploads/2023/11/County-Assembly-of-Laikipia-2021-2022.pdf,C:\Users\user\Data_Science_Course\kenya_public_finance_intelligence\kenya_public_finance_intelligence\data\raw\oag\oag_2021-22_county-assembly_county-assembly-of-laikipia-2021-2022.pdf,510.48,2026-06-13 11:31:54,ok
45,oag,https://www.oagkenya.go.ke/wp-content/uploads/2023/11/County-Assembly-of-Bungoma-2021-2022.pdf#new_tab,C:\Users\user\Data_Science_Course\kenya_public_finance_intelligence\kenya_public_finance_intelligence\data\raw\oag\oag_2021-22_county-assembly_county-assembly-of-bungoma-2021--2022.pdf,487.74,2026-06-13 11:32:04,ok
46,oag,https://www.oagkenya.go.ke/wp-content/uploads/2023/11/County-Assembly-of-Bungoma-2021-2022.pdf,C:\Users\user\Data_Science_Course\kenya_public_finance_intelligence\kenya_public_finance_intelligence\data\raw\oag\oag_2021-22_county-assembly_county-assembly-of-bungoma-2021--2022.pdf,487.74,2026-06-13 11:32:04,ok
47,oag,https://www.oagkenya.go.ke/wp-content/uploads/2023/11/County-Assembly-of-Kajiado-2021-2022.pdf#new_tab,C:\Users\user\Data_Science_Course\kenya_public_finance_intelligence\kenya_public_finance_intelligence\data\raw\oag\oag_2021-22_county-assembly_county-assembly-of-kajiado-2021-2022.pdf,527.74,2026-06-13 11:32:13,ok
48,oag,https://www.oagkenya.go.ke/wp-content/uploads/2023/11/County-Assembly-of-Kajiado-2021-2022.pdf,C:\Users\user\Data_Science_Course\kenya_public_finance_intelligence\kenya_public_finance_intelligence\data\raw\oag\oag_2021-22_county-assembly_county-assembly-of-kajiado-2021-2022.pdf,527.74,2026-06-13 11:32:13,ok
49,oag,https://www.oagkenya.go.ke/wp-content/uploads/2023/11/County-Assembly-of-Homa-Bay-2021-2022-1.pdf#new_tab,C:\Users\user\Data_Science_Course\kenya_public_finance_intelligence\kenya_public_finance_intelligence\data\raw\oag\oag_2021-22_county-assembly_county-assembly-of-homa-bay-2021-2022.pdf,650.5,2026-06-13 11:32:36,ok
50,oag,https://www.oagkenya.go.ke/wp-content/uploads/2023/11/County-Assembly-of-Homa-Bay-2021-2022-1.pdf,C:\Users\user\Data_Science_Course\kenya_public_finance_intelligence\kenya_public_finance_intelligence\data\raw\oag\oag_2021-22_county-assembly_county-assembly-of-homa-bay-2021-2022.pdf,650.5,2026-06-13 11:32:36,ok
51,oag,https://www.oagkenya.go.ke/wp-content/uploads/2023/11/County-Assembly-of-Bomet-2021-2022.pdf#new_tab,C:\Users\user\Data_Science_Course\kenya_public_finance_intelligence\kenya_public_finance_intelligence\data\raw\oag\oag_2021-22_county-assembly_county-assembly-of-bomet-2021--2022.pdf,509.38,2026-06-13 11:32:54,ok
52,oag,https://www.oagkenya.go.ke/wp-content/uploads/2023/11/County-Assembly-of-Bomet-2021-2022.pdf,C:\Users\user\Data_Science_Course\kenya_public_finance_intelligence\kenya_public_finance_intelligence\data\raw\oag\oag_2021-22_county-assembly_county-assembly-of-bomet-2021--2022.pdf,509.38,2026-06-13 11:32:54,ok
53,oag,https://www.oagkenya.go.ke/wp-content/uploads/2023/11/County-Assembly-of-Mandera-2021-2022.pdf#new_tab,C:\Users\user\Data_Science_Course\kenya_public_finance_intelligence\kenya_public_finance_intelligence\data\raw\oag\oag_2021-22_county-assembly_county-assembly-of-mandera-2021-2022.pdf,404.99,2026-06-13 11:33:14,ok
54,oag,https://www.oagkenya.go.ke/wp-content/uploads/2023/11/County-Assembly-of-Mandera-2021-2022.pdf,C:\Users\user\Data_Science_Course\kenya_public_finance_intelligence\kenya_public_finance_intelligence\data\raw\oag\oag_2021-22_county-assembly_county-assembly-of-mandera-2021-2022.pdf,404.99,2026-06-13 11:33:14,ok
55,oag,https://www.oagkenya.go.ke/wp-content/uploads/2023/11/County-Assembly-of-Nyamira-2021-2022.pdf#new_tab,C:\Users\user\Data_Science_Course\kenya_public_finance_intelligence\kenya_public_finance_intelligence\data\raw\oag\oag_2021-22_county-assembly_county-assembly-of-nyamira-2021--2022.pdf,519.9,2026-06-13 11:33:20,ok
56,oag,https://www.oagkenya.go.ke/wp-content/uploads/2023/11/County-Assembly-of-Nyamira-2021-2022.pdf,C:\Users\user\Data_Science_Course\kenya_public_finance_intelligence\kenya_public_finance_intelligence\data\raw\oag\oag_2021-22_county-assembly_county-assembly-of-nyamira-2021--2022.pdf,519.9,2026-06-13 11:33:20,ok
57,oag,https://www.oagkenya.go.ke/wp-content/uploads/2023/11/County-Assembly-of-Nairobi-City-2021-2022-.pdf#new_tab,C:\Users\user\Data_Science_Course\kenya_public_finance_intelligence\kenya_public_finance_intelligence\data\raw\oag\oag_2021-22_county-assembly_county-assembly-of-nairobi-city-2021-202.pdf,725.69,2026-06-13 11:33:35,ok
58,oag,https://www.oagkenya.go.ke/wp-content/uploads/2023/11/County-Assembly-of-Nairobi-City-2021-2022-.pdf,C:\Users\user\Data_Science_Course\kenya_public_finance_intelligence\kenya_public_finance_intelligence\data\raw\oag\oag_2021-22_county-assembly_county-assembly-of-nairobi-city-2021-202.pdf,725.69,2026-06-13 11:33:35,ok
59,oag,https://www.oagkenya.go.ke/wp-content/uploads/2023/11/County-Assembly-of-Turkana-2021-2022.pdf#new_tab,C:\Users\user\Data_Science_Course\kenya_public_finance_intelligence\kenya_public_finance_intelligence\data\raw\oag\oag_2021-22_county-assembly_county-assembly-of-turkana-2021-2022.pdf,461.91,2026-06-13 11:33:40,ok
60,oag,https://www.oagkenya.go.ke/wp-content/uploads/2023/11/County-Assembly-of-Turkana-2021-2022.pdf,C:\Users\user\Data_Science_Course\kenya_public_finance_intelligence\kenya_public_finance_intelligence\data\raw\oag\oag_2021-22_county-assembly_county-assembly-of-turkana-2021-2022.pdf,461.91,2026-06-13 11:33:40,ok
61,oag,https://www.oagkenya.go.ke/wp-content/uploads/2023/11/County-Assembly-of-Elgeyo-Marakwet-2021-2022.pdf#new_tab,C:\Users\user\Data_Science_Course\kenya_public_finance_intelligence\kenya_public_finance_intelligence\data\raw\oag\oag_2021-22_county-assembly_county-assembly-of-elgeyo-marakwet-2021-.pdf,505.36,2026-06-13 11:33:53,ok
62,oag,https://www.oagkenya.go.ke/wp-content/uploads/2023/11/County-Assembly-of-Elgeyo-Marakwet-2021-2022.pdf,C:\Users\user\Data_Science_Course\kenya_public_finance_intelligence\kenya_public_finance_intelligence\data\raw\oag\oag_2021-22_county-assembly_county-assembly-of-elgeyo-marakwet-2021-.pdf,505.36,2026-06-13 11:33:53,ok
63,oag,https://www.oagkenya.go.ke/wp-content/uploads/2023/11/County-Assembly-of-Trans-Nzoia-2021-2022-.pdf#new_tab,C:\Users\user\Data_Science_Course\kenya_public_finance_intelligence\kenya_public_finance_intelligence\data\raw\oag\oag_2021-22_county-assembly_county-assembly-of-trans-nzoia-2021--202.pdf,421.45,2026-06-13 11:34:10,ok
64,oag,https://www.oagkenya.go.ke/wp-content/uploads/2023/11/County-Assembly-of-Trans-Nzoia-2021-2022-.pdf,C:\Users\user\Data_Science_Course\kenya_public_finance_intelligence\kenya_public_finance_intelligence\data\raw\oag\oag_2021-22_county-assembly_county-assembly-of-trans-nzoia-2021--202.pdf,421.45,2026-06-13 11:34:10,ok
65,oag,https://www.oagkenya.go.ke/wp-content/uploads/2023/11/County-Assembly-of-Lamu-2021-2022.pdf#new_tab,C:\Users\user\Data_Science_Course\kenya_public_finance_intelligence\kenya_public_finance_intelligence\data\raw\oag\oag_2021-22_county-assembly_county-assembly-of-lamu-2021-2022.pdf,535.29,2026-06-13 11:34:14,ok
66,oag,https://www.oagkenya.go.ke/wp-content/uploads/2023/11/County-Assembly-of-Lamu-2021-2022.pdf,C:\Users\user\Data_Science_Course\kenya_public_finance_intelligence\kenya_public_finance_intelligence\data\raw\oag\oag_2021-22_county-assembly_county-assembly-of-lamu-2021-2022.pdf,535.29,2026-06-13 11:34:14,ok
67,oag,https://www.oagkenya.go.ke/wp-content/uploads/2023/11/County-Assembly-of-Busia-2021-2022.pdf#new_tab,C:\Users\user\Data_Science_Course\kenya_public_finance_intelligence\kenya_public_finance_intelligence\data\raw\oag\oag_2021-22_county-assembly_county-assembly-of-busia-2021-2022.pdf,522.72,2026-06-13 11:34:20,ok
68,oag,https://www.oagkenya.go.ke/wp-content/uploads/2023/11/County-Assembly-of-Busia-2021-2022.pdf,C:\Users\user\Data_Science_Course\kenya_public_finance_intelligence\kenya_public_finance_intelligence\data\raw\oag\oag_2021-22_county-assembly_county-assembly-of-busia-2021-2022.pdf,522.72,2026-06-13 11:34:20,ok
69,oag,https://www.oagkenya.go.ke/wp-content/uploads/2023/11/County-Assembly-of-Isiolo-2021-2022.pdf#new_tab,C:\Users\user\Data_Science_Course\kenya_public_finance_intelligence\kenya_public_finance_intelligence\data\raw\oag\oag_2021-22_county-assembly_county-assembly-of-isiolo-2021-2022.pdf,424.28,2026-06-13 11:34:30,ok
70,oag,https://www.oagkenya.go.ke/wp-content/uploads/2023/11/County-Assembly-of-Isiolo-2021-2022.pdf,C:\Users\user\Data_Science_Course\kenya_public_finance_intelligence\kenya_public_finance_intelligence\data\raw\oag\oag_2021-22_county-assembly_county-assembly-of-isiolo-2021-2022.pdf,424.28,2026-06-13 11:34:30,ok
71,oag,https://www.oagkenya.go.ke/wp-content/uploads/2023/11/County-Assembly-of-Kericho-2021-2022.pdf#new_tab,C:\Users\user\Data_Science_Course\kenya_public_finance_intelligence\kenya_public_finance_intelligence\data\raw\oag\oag_2021-22_county-assembly_county-assembly-of-kericho-2021--2022.pdf,526.19,2026-06-13 11:34:34,ok
72,oag,https://www.oagkenya.go.ke/wp-content/uploads/2023/11/County-Assembly-of-Kericho-2021-2022.pdf,C:\Users\user\Data_Science_Course\kenya_public_finance_intelligence\kenya_public_finance_intelligence\data\raw\oag\oag_2021-22_county-assembly_county-assembly-of-kericho-2021--2022.pdf,526.19,2026-06-13 11:34:35,ok
73,oag,https://www.oagkenya.go.ke/wp-content/uploads/2023/11/County-Assembly-of-Kiambu-2021-2022.pdf#new_tab,C:\Users\user\Data_Science_Course\kenya_public_finance_intelligence\kenya_public_finance_intelligence\data\raw\oag\oag_2021-22_county-assembly_county-assembly-of-kiambu-2021-2022.pdf,689.18,2026-06-13 11:34:47,ok
74,oag,https://www.oagkenya.go.ke/wp-content/uploads/2023/11/County-Assembly-of-Kiambu-2021-2022.pdf,C:\Users\user\Data_Science_Course\kenya_public_finance_intelligence\kenya_public_finance_intelligence\data\raw\oag\oag_2021-22_county-assembly_county-assembly-of-kiambu-2021-2022.pdf,689.18,2026-06-13 11:34:48,ok
75,oag,https://www.oagkenya.go.ke/wp-content/uploads/2023/11/County-Assembly-of-Samburu-2021-2022.pdf#new_tab,C:\Users\user\Data_Science_Course\kenya_public_finance_intelligence\kenya_public_finance_intelligence\data\raw\oag\oag_2021-22_county-assembly_county-assembly-of-samburu-2021-2022.pdf,530.41,2026-06-13 11:34:52,ok
76,oag,https://www.oagkenya.go.ke/wp-content/uploads/2023/11/County-Assembly-of-Samburu-2021-2022.pdf,C:\Users\user\Data_Science_Course\kenya_public_finance_intelligence\kenya_public_finance_intelligence\data\raw\oag\oag_2021-22_county-assembly_county-assembly-of-samburu-2021-2022.pdf,530.41,2026-06-13 11:34:52,ok
77,oag,https://www.oagkenya.go.ke/wp-content/uploads/2023/11/County-Assembly-of-Migori-2021-2022.pdf#new_tab,C:\Users\user\Data_Science_Course\kenya_public_finance_intelligence\kenya_public_finance_intelligence\data\raw\oag\oag_2021-22_county-assembly_county-assembly-of-migori-2021--2022.pdf,541.34,2026-06-13 11:35:03,ok
78,oag,https://www.oagkenya.go.ke/wp-content/uploads/2023/11/County-Assembly-of-Migori-2021-2022.pdf,C:\Users\user\Data_Science_Course\kenya_public_finance_intelligence\kenya_public_finance_intelligence\data\raw\oag\oag_2021-22_county-assembly_county-assembly-of-migori-2021--2022.pdf,541.34,2026-06-13 11:35:03,ok
79,oag,https://www.oagkenya.go.ke/wp-content/uploads/2023/11/County-Assembly-of-Wajir-2021-2022.pdf#new_tab,C:\Users\user\Data_Science_Course\kenya_public_finance_intelligence\kenya_public_finance_intelligence\data\raw\oag\oag_2021-22_county-assembly_county-assembly-of-wajir-2021-2022.pdf,525.17,2026-06-13 11:35:15,ok
80,oag,https://www.oagkenya.go.ke/wp-content/uploads/2023/11/County-Assembly-of-Wajir-2021-2022.pdf,C:\Users\user\Data_Science_Course\kenya_public_finance_intelligence\kenya_public_finance_intelligence\data\raw\oag\oag_2021-22_county-assembly_county-assembly-of-wajir-2021-2022.pdf,525.17,2026-06-13 11:35:15,ok
81,oag,https://www.oagkenya.go.ke/wp-content/uploads/2023/11/County-Assembly-of-Makueni-2021-2022.pdf#new_tab,C:\Users\user\Data_Science_Course\kenya_public_finance_intelligence\kenya_public_finance_intelligence\data\raw\oag\oag_2021-22_county-assembly_county-assembly-of-makueni-2021--2022.pdf,524.94,2026-06-13 11:35:25,ok
82,oag,https://www.oagkenya.go.ke/wp-content/uploads/2023/11/County-Assembly-of-Makueni-2021-2022.pdf,C:\Users\user\Data_Science_Course\kenya_public_finance_intelligence\kenya_public_finance_intelligence\data\raw\oag\oag_2021-22_county-assembly_county-assembly-of-makueni-2021--2022.pdf,524.94,2026-06-13 11:35:25,ok
83,oag,https://www.oagkenya.go.ke/wp-content/uploads/2023/11/County-Assembly-of-Mombasa-2021-2022.pdf#new_tab,C:\Users\user\Data_Science_Course\kenya_public_finance_intelligence\kenya_public_finance_intelligence\data\raw\oag\oag_2021-22_county-assembly_county-assembly-of-mombasa-2021--2022.pdf,495.91,2026-06-13 11:35:33,ok
84,oag,https://www.oagkenya.go.ke/wp-content/uploads/2023/11/County-Assembly-of-Mombasa-2021-2022.pdf,C:\Users\user\Data_Science_Course\kenya_public_finance_intelligence\kenya_public_finance_intelligence\data\raw\oag\oag_2021-22_county-assembly_county-assembly-of-mombasa-2021--2022.pdf,495.91,2026-06-13 11:35:33,ok
85,oag,https://www.oagkenya.go.ke/wp-content/uploads/2023/11/County-Assembly-of-Kilifi-2021-2022.pdf#new_tab,C:\Users\user\Data_Science_Course\kenya_public_finance_intelligence\kenya_public_finance_intelligence\data\raw\oag\oag_2021-22_county-assembly_county-assembly-of-kilifi-2021--2022.pdf,503.94,2026-06-13 11:35:47,ok
86,oag,https://www.oagkenya.go.ke/wp-content/uploads/2023/11/County-Assembly-of-Kilifi-2021-2022.pdf,C:\Users\user\Data_Science_Course\kenya_public_finance_intelligence\kenya_public_finance_intelligence\data\raw\oag\oag_2021-22_county-assembly_county-assembly-of-kilifi-2021--2022.pdf,503.94,2026-06-13 11:35:47,ok
87,oag,https://www.oagkenya.go.ke/wp-content/uploads/2023/10/County-Executive-of-Wajir-2021-2022.pdf#new_tab,C:\Users\user\Data_Science_Course\kenya_public_finance_intelligence\kenya_public_finance_intelligence\data\raw\oag\oag_2021-22_county-executive_county-executive-of-wajir-2021-2022.pdf,719.55,2026-06-13 11:36:08,ok
88,oag,https://www.oagkenya.go.ke/wp-content/uploads/2023/10/County-Executive-of-Wajir-2021-2022.pdf,C:\Users\user\Data_Science_Course\kenya_public_finance_intelligence\kenya_public_finance_intelligence\data\raw\oag\oag_2021-22_county-executive_county-executive-of-wajir-2021-2022.pdf,719.55,2026-06-13 11:36:08,ok
89,oag,https://www.oagkenya.go.ke/wp-content/uploads/2023/10/County-Executive-of-Turkana-2021-2022.pdf#new_tab,C:\Users\user\Data_Science_Course\kenya_public_finance_intelligence\kenya_public_finance_intelligence\data\raw\oag\oag_2021-22_county-executive_county-executive-of-turkana-2021-2022.pdf,608.23,2026-06-13 11:36:17,ok
90,oag,https://www.oagkenya.go.ke/wp-content/uploads/2023/10/County-Executive-of-Turkana-2021-2022.pdf,C:\Users\user\Data_Science_Course\kenya_public_finance_intelligence\kenya_public_finance_intelligence\data\raw\oag\oag_2021-22_county-executive_county-executive-of-turkana-2021-2022.pdf,608.23,2026-06-13 11:36:17,ok
91,oag,https://www.oagkenya.go.ke/wp-content/uploads/2023/10/County-Executive-of-Trans-Nzoia-2021-2022.pdf#new_tab,C:\Users\user\Data_Science_Course\kenya_public_finance_intelligence\kenya_public_finance_intelligence\data\raw\oag\oag_2021-22_county-executive_county-executive-of-trans-nzoia-2021-202.pdf,509.2,2026-06-13 11:36:27,ok
92,oag,https://www.oagkenya.go.ke/wp-content/uploads/2023/10/County-Executive-of-Trans-Nzoia-2021-2022.pdf,C:\Users\user\Data_Science_Course\kenya_public_finance_intelligence\kenya_public_finance_intelligence\data\raw\oag\oag_2021-22_county-executive_county-executive-of-trans-nzoia-2021-202.pdf,509.2,2026-06-13 11:36:27,ok
93,oag,https://www.oagkenya.go.ke/wp-content/uploads/2023/10/County-Executive-of-Samburu-2021-2022.pdf#new_tab,C:\Users\user\Data_Science_Course\kenya_public_finance_intelligence\kenya_public_finance_intelligence\data\raw\oag\oag_2021-22_county-executive_county-executive-of-samburu-2021-2022.pdf,587.84,2026-06-13 11:36:34,ok
94,oag,https://www.oagkenya.go.ke/wp-content/uploads/2023/10/County-Executive-of-Samburu-2021-2022.pdf,C:\Users\user\Data_Science_Course\kenya_public_finance_intelligence\kenya_public_finance_intelligence\data\raw\oag\oag_2021-22_county-executive_county-executive-of-samburu-2021-2022.pdf,587.84,2026-06-13 11:36:34,ok
95,oag,https://www.oagkenya.go.ke/wp-content/uploads/2023/10/County-Executive-of-Nyeri-2021-2022.pdf#new_tab,C:\Users\user\Data_Science_Course\kenya_public_finance_intelligence\kenya_public_finance_intelligence\data\raw\oag\oag_2021-22_county-executive_county-executive-of-nyeri-2021-2022.pdf,555.9,2026-06-13 11:36:52,ok
96,oag,https://www.oagkenya.go.ke/wp-content/uploads/2023/10/County-Executive-of-Nyeri-2021-2022.pdf,C:\Users\user\Data_Science_Course\kenya_public_finance_intelligence\kenya_public_finance_intelligence\data\raw\oag\oag_2021-22_county-executive_county-executive-of-nyeri-2021-2022.pdf,555.9,2026-06-13 11:36:52,ok
97,oag,https://www.oagkenya.go.ke/wp-content/uploads/2023/10/County-Executive-of-Nyandarua-2021-2022.pdf#new_tab,C:\Users\user\Data_Science_Course\kenya_public_finance_intelligence\kenya_public_finance_intelligence\data\raw\oag\oag_2021-22_county-executive_county-executive-of-nyandarua-2021-2022.pdf,396.13,2026-06-13 11:37:01,ok
98,oag,https://www.oagkenya.go.ke/wp-content/uploads/2023/10/County-Executive-of-Nyandarua-2021-2022.pdf,C:\Users\user\Data_Science_Course\kenya_public_finance_intelligence\kenya_public_finance_intelligence\data\raw\oag\oag_2021-22_county-executive_county-executive-of-nyandarua-2021-2022.pdf,396.13,2026-06-13 11:37:01,ok
99,oag,https://www.oagkenya.go.ke/wp-content/uploads/2023/10/County-Executive-of-Nyamira-2021-2022.pdf#new_tab,C:\Users\user\Data_Science_Course\kenya_public_finance_intelligence\kenya_public_finance_intelligence\data\raw\oag\oag_2021-22_county-executive_county-executive-of-nyamira-2021-2022.pdf,632.61,2026-06-13 11:37:10,ok
100,oag,https://www.oagkenya.go.ke/wp-content/uploads/2023/10/County-Executive-of-Nyamira-2021-2022.pdf,C:\Users\user\Data_Science_Course\kenya_public_finance_intelligence\kenya_public_finance_intelligence\data\raw\oag\oag_2021-22_county-executive_county-executive-of-nyamira-2021-2022.pdf,632.61,2026-06-13 11:37:10,ok
101,oag,https://www.oagkenya.go.ke/wp-content/uploads/2023/10/County-Executive-of-Nairobi-2021-2022.pdf#new_tab,C:\Users\user\Data_Science_Course\kenya_public_finance_intelligence\kenya_public_finance_intelligence\data\raw\oag\oag_2021-22_county-executive_county-executive-of-nairobi-2021-2022.pdf,623.79,2026-06-13 11:37:23,ok
102,oag,https://www.oagkenya.go.ke/wp-content/uploads/2023/10/County-Executive-of-Nairobi-2021-2022.pdf,C:\Users\user\Data_Science_Course\kenya_public_finance_intelligence\kenya_public_finance_intelligence\data\raw\oag\oag_2021-22_county-executive_county-executive-of-nairobi-2021-2022.pdf,623.79,2026-06-13 11:37:23,ok
103,oag,https://www.oagkenya.go.ke/wp-content/uploads/2023/10/County-Executive-of-Muranga-2021-2022-1.pdf#new_tab,C:\Users\user\Data_Science_Course\kenya_public_finance_intelligence\kenya_public_finance_intelligence\data\raw\oag\oag_2021-22_county-executive_county-executive-of-muranga-2021-2022.pdf,609.7,2026-06-13 11:37:39,ok
104,oag,https://www.oagkenya.go.ke/wp-content/uploads/2023/10/County-Executive-of-Muranga-2021-2022-1.pdf,C:\Users\user\Data_Science_Course\kenya_public_finance_intelligence\kenya_public_finance_intelligence\data\raw\oag\oag_2021-22_county-executive_county-executive-of-muranga-2021-2022.pdf,609.7,2026-06-13 11:37:39,ok
105,oag,https://www.oagkenya.go.ke/wp-content/uploads/2023/10/County-Executive-of-Mombasa-2021-2022.pdf#new_tab,C:\Users\user\Data_Science_Course\kenya_public_finance_intelligence\kenya_public_finance_intelligence\data\raw\oag\oag_2021-22_county-executive_county-executive-of-mombasa-2021-2022.pdf,493.19,2026-06-13 11:37:48,ok
106,oag,https://www.oagkenya.go.ke/wp-content/uploads/2023/10/County-Executive-of-Mombasa-2021-2022.pdf,C:\Users\user\Data_Science_Course\kenya_public_finance_intelligence\kenya_public_finance_intelligence\data\raw\oag\oag_2021-22_county-executive_county-executive-of-mombasa-2021-2022.pdf,493.19,2026-06-13 11:37:48,ok
107,oag,https://www.oagkenya.go.ke/wp-content/uploads/2023/10/County-Executive-of-Migori-2021-2022.pdf#new_tab,C:\Users\user\Data_Science_Course\kenya_public_finance_intelligence\kenya_public_finance_intelligence\data\raw\oag\oag_2021-22_county-executive_county-executive-of-migori-2021-2022.pdf,678.85,2026-06-13 11:37:57,ok
108,oag,https://www.oagkenya.go.ke/wp-content/uploads/2023/10/County-Executive-of-Migori-2021-2022.pdf,C:\Users\user\Data_Science_Course\kenya_public_finance_intelligence\kenya_public_finance_intelligence\data\raw\oag\oag_2021-22_county-executive_county-executive-of-migori-2021-2022.pdf,678.85,2026-06-13 11:37:57,ok
109,oag,https://www.oagkenya.go.ke/wp-content/uploads/2023/10/County-Executive-of-Mandera-2021-2022.pdf#new_tab,C:\Users\user\Data_Science_Course\kenya_public_finance_intelligence\kenya_public_finance_intelligence\data\raw\oag\oag_2021-22_county-executive_county-executive-of-mandera-2021-2022.pdf,536.62,2026-06-13 11:38:01,ok
110,oag,https://www.oagkenya.go.ke/wp-content/uploads/2023/10/County-Executive-of-Mandera-2021-2022.pdf,C:\Users\user\Data_Science_Course\kenya_public_finance_intelligence\kenya_public_finance_intelligence\data\raw\oag\oag_2021-22_county-executive_county-executive-of-mandera-2021-2022.pdf,536.62,2026-06-13 11:38:01,ok
111,oag,https://www.oagkenya.go.ke/wp-content/uploads/2023/10/County-Executive-of-Makueni-2021-2022.pdf#new_tab,C:\Users\user\Data_Science_Course\kenya_public_finance_intelligence\kenya_public_finance_intelligence\data\raw\oag\oag_2021-22_county-executive_county-executive-of-makueni-2021-2022.pdf,497.03,2026-06-13 11:38:09,ok
112,oag,https://www.oagkenya.go.ke/wp-content/uploads/2023/10/County-Executive-of-Makueni-2021-2022.pdf,C:\Users\user\Data_Science_Course\kenya_public_finance_intelligence\kenya_public_finance_intelligence\data\raw\oag\oag_2021-22_county-executive_county-executive-of-makueni-2021-2022.pdf,497.03,2026-06-13 11:38:09,ok
113,oag,https://www.oagkenya.go.ke/wp-content/uploads/2023/10/County-Executive-of-Machakos-2021-2022.pdf#new_tab,C:\Users\user\Data_Science_Course\kenya_public_finance_intelligence\kenya_public_finance_intelligence\data\raw\oag\oag_2021-22_county-executive_county-executive-of-machakos-2021-2022.pdf,632.25,2026-06-13 11:38:22,ok
114,oag,https://www.oagkenya.go.ke/wp-content/uploads/2023/10/County-Executive-of-Machakos-2021-2022.pdf,C:\Users\user\Data_Science_Course\kenya_public_finance_intelligence\kenya_public_finance_intelligence\data\raw\oag\oag_2021-22_county-executive_county-executive-of-machakos-2021-2022.pdf,632.25,2026-06-13 11:38:22,ok
115,oag,https://www.oagkenya.go.ke/wp-content/uploads/2023/10/County-Executive-of-Lamu-2021-2022.pdf#new_tab,C:\Users\user\Data_Science_Course\kenya_public_finance_intelligence\kenya_public_finance_intelligence\data\raw\oag\oag_2021-22_county-executive_county-executive-of-lamu-2021-2022.pdf,366.05,2026-06-13 11:38:26,ok
116,oag,https://www.oagkenya.go.ke/wp-content/uploads/2023/10/County-Executive-of-Lamu-2021-2022.pdf,C:\Users\user\Data_Science_Course\kenya_public_finance_intelligence\kenya_public_finance_intelligence\data\raw\oag\oag_2021-22_county-executive_county-executive-of-lamu-2021-2022.pdf,366.05,2026-06-13 11:38:26,ok
117,oag,https://www.oagkenya.go.ke/wp-content/uploads/2023/10/County-Executive-of-Laikipia-2021-2022.pdf#new_tab,C:\Users\user\Data_Science_Course\kenya_public_finance_intelligence\kenya_public_finance_intelligence\data\raw\oag\oag_2021-22_county-executive_county-executive-of-laikipia-2021-2022.pdf,570.93,2026-06-13 11:38:31,ok
118,oag,https://www.oagkenya.go.ke/wp-content/uploads/2023/10/County-Executive-of-Laikipia-2021-2022.pdf,C:\Users\user\Data_Science_Course\kenya_public_finance_intelligence\kenya_public_finance_intelligence\data\raw\oag\oag_2021-22_county-executive_county-executive-of-laikipia-2021-2022.pdf,570.93,2026-06-13 11:38:31,ok
119,oag,https://www.oagkenya.go.ke/wp-content/uploads/2023/10/County-Executive-of-Kisumu-2021-2022.pdf#new_tab,C:\Users\user\Data_Science_Course\kenya_public_finance_intelligence\kenya_public_finance_intelligence\data\raw\oag\oag_2021-22_county-executive_county-executive-of-kisumu-2021-2022.pdf,805.99,2026-06-13 11:38:42,ok
120,oag,https://www.oagkenya.go.ke/wp-content/uploads/2023/10/County-Executive-of-Kisumu-2021-2022.pdf,C:\Users\user\Data_Science_Course\kenya_public_finance_intelligence\kenya_public_finance_intelligence\data\raw\oag\oag_2021-22_county-executive_county-executive-of-kisumu-2021-2022.pdf,805.99,2026-06-13 11:38:42,ok
121,oag,https://www.oagkenya.go.ke/wp-content/uploads/2023/10/County-Executive-of-Kisii-2021-2022.pdf#new_tab,C:\Users\user\Data_Science_Course\kenya_public_finance_intelligence\kenya_public_finance_intelligence\data\raw\oag\oag_2021-22_county-executive_county-executive-of-kisii-2021-2022.pdf,624.0,2026-06-13 11:38:55,ok
122,oag,https://www.oagkenya.go.ke/wp-content/uploads/2023/10/County-Executive-of-Kisii-2021-2022.pdf,C:\Users\user\Data_Science_Course\kenya_public_finance_intelligence\kenya_public_finance_intelligence\data\raw\oag\oag_2021-22_county-executive_county-executive-of-kisii-2021-2022.pdf,624.0,2026-06-13 11:38:55,ok
123,oag,https://www.oagkenya.go.ke/wp-content/uploads/2023/10/County-Executive-of-Kirinyaga-2021-2022.pdf#new_tab,C:\Users\user\Data_Science_Course\kenya_public_finance_intelligence\kenya_public_finance_intelligence\data\raw\oag\oag_2021-22_county-executive_county-executive-of-kirinyaga-2021-2022.pdf,563.49,2026-06-13 11:39:01,ok
124,oag,https://www.oagkenya.go.ke/wp-content/uploads/2023/10/County-Executive-of-Kirinyaga-2021-2022.pdf,C:\Users\user\Data_Science_Course\kenya_public_finance_intelligence\kenya_public_finance_intelligence\data\raw\oag\oag_2021-22_county-executive_county-executive-of-kirinyaga-2021-2022.pdf,563.49,2026-06-13 11:39:01,ok
125,oag,https://www.oagkenya.go.ke/wp-content/uploads/2023/10/County-Executive-of-Kilifi-2021-2022.pdf#new_tab,C:\Users\user\Data_Science_Course\kenya_public_finance_intelligence\kenya_public_finance_intelligence\data\raw\oag\oag_2021-22_county-executive_county-executive-of-kilifi-2021-2022.pdf,590.16,2026-06-13 11:39:16,ok
126,oag,https://www.oagkenya.go.ke/wp-content/uploads/2023/10/County-Executive-of-Kilifi-2021-2022.pdf,C:\Users\user\Data_Science_Course\kenya_public_finance_intelligence\kenya_public_finance_intelligence\data\raw\oag\oag_2021-22_county-executive_county-executive-of-kilifi-2021-2022.pdf,590.16,2026-06-13 11:39:16,ok
127,oag,https://www.oagkenya.go.ke/wp-content/uploads/2023/10/County-Executive-of-Kiambu-2021-2022.pdf#new_tab,C:\Users\user\Data_Science_Course\kenya_public_finance_intelligence\kenya_public_finance_intelligence\data\raw\oag\oag_2021-22_county-executive_county-executive-of-kiambu-2021-2022.pdf,781.04,2026-06-13 11:39:32,ok
128,oag,https://www.oagkenya.go.ke/wp-content/uploads/2023/10/County-Executive-of-Kiambu-2021-2022.pdf,C:\Users\user\Data_Science_Course\kenya_public_finance_intelligence\kenya_public_finance_intelligence\data\raw\oag\oag_2021-22_county-executive_county-executive-of-kiambu-2021-2022.pdf,781.04,2026-06-13 11:39:32,ok
129,oag,https://www.oagkenya.go.ke/wp-content/uploads/2023/10/County-Executive-of-Kericho-2021-2022.pdf#new_tab,C:\Users\user\Data_Science_Course\kenya_public_finance_intelligence\kenya_public_finance_intelligence\data\raw\oag\oag_2021-22_county-executive_county-executive-of-kericho-2021-2022.pdf,797.29,2026-06-13 11:39:49,ok
130,oag,https://www.oagkenya.go.ke/wp-content/uploads/2023/10/County-Executive-of-Kericho-2021-2022.pdf,C:\Users\user\Data_Science_Course\kenya_public_finance_intelligence\kenya_public_finance_intelligence\data\raw\oag\oag_2021-22_county-executive_county-executive-of-kericho-2021-2022.pdf,797.29,2026-06-13 11:39:49,ok
131,oag,https://www.oagkenya.go.ke/wp-content/uploads/2023/10/County-Executive-of-Kakamega-2021-2022.pdf#new_tab,C:\Users\user\Data_Science_Course\kenya_public_finance_intelligence\kenya_public_finance_intelligence\data\raw\oag\oag_2021-22_county-executive_county-executive-of-kakamega-2021-2022.pdf,566.91,2026-06-13 11:39:52,ok
132,oag,https://www.oagkenya.go.ke/wp-content/uploads/2023/10/County-Executive-of-Kakamega-2021-2022.pdf,C:\Users\user\Data_Science_Course\kenya_public_finance_intelligence\kenya_public_finance_intelligence\data\raw\oag\oag_2021-22_county-executive_county-executive-of-kakamega-2021-2022.pdf,566.91,2026-06-13 11:39:52,ok
133,oag,https://www.oagkenya.go.ke/wp-content/uploads/2023/10/County-Executive-of-Kajiado-2021-2022.pdf#new_tab,C:\Users\user\Data_Science_Course\kenya_public_finance_intelligence\kenya_public_finance_intelligence\data\raw\oag\oag_2021-22_county-executive_county-executive-of-kajiado-2021-2022.pdf,529.28,2026-06-13 11:40:02,ok
134,oag,https://www.oagkenya.go.ke/wp-content/uploads/2023/10/County-Executive-of-Kajiado-2021-2022.pdf,C:\Users\user\Data_Science_Course\kenya_public_finance_intelligence\kenya_public_finance_intelligence\data\raw\oag\oag_2021-22_county-executive_county-executive-of-kajiado-2021-2022.pdf,529.28,2026-06-13 11:40:03,ok
135,oag,https://www.oagkenya.go.ke/wp-content/uploads/2023/10/County-Executive-of-Isiolo-2021-2022.pdf#new_tab,C:\Users\user\Data_Science_Course\kenya_public_finance_intelligence\kenya_public_finance_intelligence\data\raw\oag\oag_2021-22_county-executive_county-executive-of-isiolo-2021-2022.pdf,615.15,2026-06-13 11:40:10,ok
136,oag,https://www.oagkenya.go.ke/wp-content/uploads/2023/10/County-Executive-of-Isiolo-2021-2022.pdf,C:\Users\user\Data_Science_Course\kenya_public_finance_intelligence\kenya_public_finance_intelligence\data\raw\oag\oag_2021-22_county-executive_county-executive-of-isiolo-2021-2022.pdf,615.15,2026-06-13 11:40:10,ok
137,oag,https://www.oagkenya.go.ke/wp-content/uploads/2023/10/County-Executive-of-Homa-Bay-2021-2022-.pdf#new_tab,C:\Users\user\Data_Science_Course\kenya_public_finance_intelligence\kenya_public_finance_intelligence\data\raw\oag\oag_2021-22_county-executive_county-executive-of-homa-bay-2021-2022.pdf,879.47,2026-06-13 11:40:27,ok
138,oag,https://www.oagkenya.go.ke/wp-content/uploads/2023/10/County-Executive-of-Homa-Bay-2021-2022-.pdf,C:\Users\user\Data_Science_Course\kenya_public_finance_intelligence\kenya_public_finance_intelligence\data\raw\oag\oag_2021-22_county-executive_county-executive-of-homa-bay-2021-2022.pdf,879.47,2026-06-13 11:40:27,ok
139,oag,https://www.oagkenya.go.ke/wp-content/uploads/2023/10/County-Executive-of-Garissa-2021-2022-.pdf,C:\Users\user\Data_Science_Course\kenya_public_finance_intelligence\kenya_public_finance_intelligence\data\raw\oag\oag_2021-22_county-executive_county-executive-of-garissa-2021-2022.pdf,614.17,2026-06-13 11:40:41,ok
140,oag,https://www.oagkenya.go.ke/wp-content/uploads/2023/10/County-Executive-of-Elgeyo-Marakwet-2021-2022.pdf#new_tab,C:\Users\user\Data_Science_Course\kenya_public_finance_intelligence\kenya_public_finance_intelligence\data\raw\oag\oag_2021-22_county-executive_county-executive-of-elgeyo-marakwet-2021.pdf,576.69,2026-06-13 11:40:55,ok
141,oag,https://www.oagkenya.go.ke/wp-content/uploads/2023/10/County-Executive-of-Elgeyo-Marakwet-2021-2022.pdf,C:\Users\user\Data_Science_Course\kenya_public_finance_intelligence\kenya_public_finance_intelligence\data\raw\oag\oag_2021-22_county-executive_county-executive-of-elgeyo-marakwet-2021.pdf,576.69,2026-06-13 11:40:55,ok
142,oag,https://www.oagkenya.go.ke/wp-content/uploads/2023/10/County-Executive-of-Busia-2021-2022.pdf#new_tab,C:\Users\user\Data_Science_Course\kenya_public_finance_intelligence\kenya_public_finance_intelligence\data\raw\oag\oag_2021-22_county-executive_county-executive-of-busia-2021-2022.pdf,582.8,2026-06-13 11:41:03,ok
143,oag,https://www.oagkenya.go.ke/wp-content/uploads/2023/10/County-Executive-of-Busia-2021-2022.pdf,C:\Users\user\Data_Science_Course\kenya_public_finance_intelligence\kenya_public_finance_intelligence\data\raw\oag\oag_2021-22_county-executive_county-executive-of-busia-2021-2022.pdf,582.8,2026-06-13 11:41:03,ok
144,oag,https://www.oagkenya.go.ke/wp-content/uploads/2023/10/County-Executive-of-Bungoma-2021-2022.pdf#new_tab,C:\Users\user\Data_Science_Course\kenya_public_finance_intelligence\kenya_public_finance_intelligence\data\raw\oag\oag_2021-22_county-executive_county-executive-of-bungoma-2021-2022.pdf,585.35,2026-06-13 11:41:19,ok
145,oag,https://www.oagkenya.go.ke/wp-content/uploads/2023/10/County-Executive-of-Bungoma-2021-2022.pdf,C:\Users\user\Data_Science_Course\kenya_public_finance_intelligence\kenya_public_finance_intelligence\data\raw\oag\oag_2021-22_county-executive_county-executive-of-bungoma-2021-2022.pdf,585.35,2026-06-13 11:41:19,ok
146,oag,https://www.oagkenya.go.ke/wp-content/uploads/2023/10/County-Executive-of-Bomet-2021-2022.pdf#new_tab,C:\Users\user\Data_Science_Course\kenya_public_finance_intelligence\kenya_public_finance_intelligence\data\raw\oag\oag_2021-22_county-executive_county-executive-of-bomet-2021-2022.pdf,598.96,2026-06-13 11:41:29,ok
147,oag,https://www.oagkenya.go.ke/wp-content/uploads/2023/10/County-Executive-of-Bomet-2021-2022.pdf,C:\Users\user\Data_Science_Course\kenya_public_finance_intelligence\kenya_public_finance_intelligence\data\raw\oag\oag_2021-22_county-executive_county-executive-of-bomet-2021-2022.pdf,598.96,2026-06-13 11:41:29,ok
148,oag,https://www.oagkenya.go.ke/wp-content/uploads/2023/08/County-Assembly-of-Uasin-Gishu-2021-2022.pdf#new_tab,C:\Users\user\Data_Science_Course\kenya_public_finance_intelligence\kenya_public_finance_intelligence\data\raw\oag\oag_2021-22_county-assembly_county-assembly-of-uasin-gishu-2021--202.pdf,532.92,2026-06-13 11:41:36,ok
149,oag,https://www.oagkenya.go.ke/wp-content/uploads/2023/08/County-Assembly-of-Uasin-Gishu-2021-2022.pdf,C:\Users\user\Data_Science_Course\kenya_public_finance_intelligence\kenya_public_finance_intelligence\data\raw\oag\oag_2021-22_county-assembly_county-assembly-of-uasin-gishu-2021--202.pdf,532.92,2026-06-13 11:41:36,ok
150,oag,https://www.oagkenya.go.ke/wp-content/uploads/2023/08/County-Assembly-of-Taita-Taveta-2021-2022.pdf#new_tab,C:\Users\user\Data_Science_Course\kenya_public_finance_intelligence\kenya_public_finance_intelligence\data\raw\oag\oag_2021-22_county-assembly_county-assembly-of-taita-taveta-2021-202.pdf,437.51,2026-06-13 11:41:43,ok
151,oag,https://www.oagkenya.go.ke/wp-content/uploads/2023/08/County-Assembly-of-Taita-Taveta-2021-2022.pdf,C:\Users\user\Data_Science_Course\kenya_public_finance_intelligence\kenya_public_finance_intelligence\data\raw\oag\oag_2021-22_county-assembly_county-assembly-of-taita-taveta-2021-202.pdf,437.51,2026-06-13 11:41:43,ok
152,oag,https://www.oagkenya.go.ke/wp-content/uploads/2023/08/County-Assembly-of-Meru-2021-2022-1.pdf#new_tab,C:\Users\user\Data_Science_Course\kenya_public_finance_intelligence\kenya_public_finance_intelligence\data\raw\oag\oag_2021-22_county-assembly_county-assembly-of-meru-2021-2022.pdf,442.44,2026-06-13 11:41:47,ok
153,oag,https://www.oagkenya.go.ke/wp-content/uploads/2023/08/County-Assembly-of-Meru-2021-2022-1.pdf,C:\Users\user\Data_Science_Course\kenya_public_finance_intelligence\kenya_public_finance_intelligence\data\raw\oag\oag_2021-22_county-assembly_county-assembly-of-meru-2021-2022.pdf,442.44,2026-06-13 11:41:47,ok
154,oag,https://www.oagkenya.go.ke/wp-content/uploads/2023/08/County-Assembly-of-Tharaka-Nithi-2021-2022.pdf#new_tab,C:\Users\user\Data_Science_Course\kenya_public_finance_intelligence\kenya_public_finance_intelligence\data\raw\oag\oag_2021-22_county-assembly_county-assembly-of-tharaka-nithi-2021-20.pdf,423.09,2026-06-13 11:41:52,ok
155,oag,https://www.oagkenya.go.ke/wp-content/uploads/2023/08/County-Assembly-of-Tharaka-Nithi-2021-2022.pdf,C:\Users\user\Data_Science_Course\kenya_public_finance_intelligence\kenya_public_finance_intelligence\data\raw\oag\oag_2021-22_county-assembly_county-assembly-of-tharaka-nithi-2021-20.pdf,423.09,2026-06-13 11:41:52,ok
156,oag,https://www.oagkenya.go.ke/wp-content/uploads/2023/08/County-Assembly-of-Narok-2021-2022.pdf#new_tab,C:\Users\user\Data_Science_Course\kenya_public_finance_intelligence\kenya_public_finance_intelligence\data\raw\oag\oag_2021-22_county-assembly_county-assembly-of-narok-2021--2022.pdf,537.87,2026-06-13 11:42:02,ok
157,oag,https://www.oagkenya.go.ke/wp-content/uploads/2023/08/County-Assembly-of-Narok-2021-2022.pdf,C:\Users\user\Data_Science_Course\kenya_public_finance_intelligence\kenya_public_finance_intelligence\data\raw\oag\oag_2021-22_county-assembly_county-assembly-of-narok-2021--2022.pdf,537.87,2026-06-13 11:42:03,ok
158,oag,https://www.oagkenya.go.ke/wp-content/uploads/2023/08/County-Assembly-of-Siaya-2021-2022-.pdf#new_tab,C:\Users\user\Data_Science_Course\kenya_public_finance_intelligence\kenya_public_finance_intelligence\data\raw\oag\oag_2021-22_county-assembly_county-assembly-of-siaya-2021-2022.pdf,517.71,2026-06-13 11:42:16,ok
159,oag,https://www.oagkenya.go.ke/wp-content/uploads/2023/08/County-Assembly-of-Siaya-2021-2022-.pdf,C:\Users\user\Data_Science_Course\kenya_public_finance_intelligence\kenya_public_finance_intelligence\data\raw\oag\oag_2021-22_county-assembly_county-assembly-of-siaya-2021-2022.pdf,517.71,2026-06-13 11:42:16,ok
160,oag,https://www.oagkenya.go.ke/wp-content/uploads/2023/08/County-Assembly-of-Kwale-2021-2022.pdf#new_tab,C:\Users\user\Data_Science_Course\kenya_public_finance_intelligence\kenya_public_finance_intelligence\data\raw\oag\oag_2021-22_county-assembly_county-assembly-of-kwale-2021-2022.pdf,585.82,2026-06-13 11:42:23,ok
161,oag,https://www.oagkenya.go.ke/wp-content/uploads/2023/08/County-Assembly-of-Kwale-2021-2022.pdf,C:\Users\user\Data_Science_Course\kenya_public_finance_intelligence\kenya_public_finance_intelligence\data\raw\oag\oag_2021-22_county-assembly_county-assembly-of-kwale-2021-2022.pdf,585.82,2026-06-13 11:42:23,ok
162,oag,https://www.oagkenya.go.ke/wp-content/uploads/2023/08/County-Assembly-of-Vihiga-2021-2022.pdf#new_tab,C:\Users\user\Data_Science_Course\kenya_public_finance_intelligence\kenya_public_finance_intelligence\data\raw\oag\oag_2021-22_county-assembly_county-assembly-of-vihiga-2021-2022.pdf,551.42,2026-06-13 11:42:28,ok
163,oag,https://www.oagkenya.go.ke/wp-content/uploads/2023/08/County-Assembly-of-Vihiga-2021-2022.pdf,C:\Users\user\Data_Science_Course\kenya_public_finance_intelligence\kenya_public_finance_intelligence\data\raw\oag\oag_2021-22_county-assembly_county-assembly-of-vihiga-2021-2022.pdf,551.42,2026-06-13 11:42:28,ok
164,oag,https://www.oagkenya.go.ke/wp-content/uploads/2023/08/County-Assembly-of-Kakamega-2021-2022.pdf#new_tab,C:\Users\user\Data_Science_Course\kenya_public_finance_intelligence\kenya_public_finance_intelligence\data\raw\oag\oag_2021-22_county-assembly_county-assembly-of-kakamega-2021-2022.pdf,430.66,2026-06-13 11:42:38,ok
165,oag,https://www.oagkenya.go.ke/wp-content/uploads/2023/08/County-Assembly-of-Kakamega-2021-2022.pdf,C:\Users\user\Data_Science_Course\kenya_public_finance_intelligence\kenya_public_finance_intelligence\data\raw\oag\oag_2021-22_county-assembly_county-assembly-of-kakamega-2021-2022.pdf,430.66,2026-06-13 11:42:38,ok
166,oag,https://www.oagkenya.go.ke/wp-content/uploads/2023/08/County-Assembly-of-Meru-2021-2022.pdf#new_tab,C:\Users\user\Data_Science_Course\kenya_public_finance_intelligence\kenya_public_finance_intelligence\data\raw\oag\oag_2021-22_county-assembly_county-assembly-of-meru-2021-2022.pdf,442.44,2026-06-13 11:42:38,ok
167,oag,https://www.oagkenya.go.ke/wp-content/uploads/2023/08/County-Assembly-of-Meru-2021-2022.pdf,C:\Users\user\Data_Science_Course\kenya_public_finance_intelligence\kenya_public_finance_intelligence\data\raw\oag\oag_2021-22_county-assembly_county-assembly-of-meru-2021-2022.pdf,442.44,2026-06-13 11:42:38,ok
168,oag,https://www.oagkenya.go.ke/wp-content/uploads/2023/08/County-Assembly-of-Tana-River-2021-2022.pdf#new_tab,C:\Users\user\Data_Science_Course\kenya_public_finance_intelligence\kenya_public_finance_intelligence\data\raw\oag\oag_2021-22_county-assembly_county-assembly-of-tana-river-2021-2022.pdf,534.49,2026-06-13 11:42:48,ok
169,oag,https://www.oagkenya.go.ke/wp-content/uploads/2023/08/County-Assembly-of-Tana-River-2021-2022.pdf,C:\Users\user\Data_Science_Course\kenya_public_finance_intelligence\kenya_public_finance_intelligence\data\raw\oag\oag_2021-22_county-assembly_county-assembly-of-tana-river-2021-2022.pdf,534.49,2026-06-13 11:42:48,ok
170,oag,https://www.oagkenya.go.ke/wp-content/uploads/2023/08/County-Assembly-of-Kirinyaga-2021-2022.pdf#new_tab,C:\Users\user\Data_Science_Course\kenya_public_finance_intelligence\kenya_public_finance_intelligence\data\raw\oag\oag_2021-22_county-assembly_county-assembly-of-kirinyaga-2021-2022.pdf,505.52,2026-06-13 11:42:59,ok
171,oag,https://www.oagkenya.go.ke/wp-content/uploads/2023/08/County-Assembly-of-Kirinyaga-2021-2022.pdf,C:\Users\user\Data_Science_Course\kenya_public_finance_intelligence\kenya_public_finance_intelligence\data\raw\oag\oag_2021-22_county-assembly_county-assembly-of-kirinyaga-2021-2022.pdf,505.52,2026-06-13 11:43:00,ok
172,oag,https://www.oagkenya.go.ke/wp-content/uploads/2023/08/County-Assembly-of-West-Pokot-2021-2022.pdf#new_tab,C:\Users\user\Data_Science_Course\kenya_public_finance_intelligence\kenya_public_finance_intelligence\data\raw\oag\oag_2021-22_county-assembly_county-assembly-of-west-pokot-2021-2022.pdf,681.21,2026-06-13 11:43:15,ok
173,oag,https://www.oagkenya.go.ke/wp-content/uploads/2023/08/County-Assembly-of-West-Pokot-2021-2022.pdf,C:\Users\user\Data_Science_Course\kenya_public_finance_intelligence\kenya_public_finance_intelligence\data\raw\oag\oag_2021-22_county-assembly_county-assembly-of-west-pokot-2021-2022.pdf,681.21,2026-06-13 11:43:15,ok
174,oag,https://www.oagkenya.go.ke/wp-content/uploads/2023/08/County-Assembly-of-Baringo-2021-2022.pdf#new_tab,C:\Users\user\Data_Science_Course\kenya_public_finance_intelligence\kenya_public_finance_intelligence\data\raw\oag\oag_2021-22_county-assembly_county-assembly-of-baringo-2021-2022.pdf,550.65,2026-06-13 11:43:25,ok
175,oag,https://www.oagkenya.go.ke/wp-content/uploads/2023/08/County-Assembly-of-Baringo-2021-2022.pdf,C:\Users\user\Data_Science_Course\kenya_public_finance_intelligence\kenya_public_finance_intelligence\data\raw\oag\oag_2021-22_county-assembly_county-assembly-of-baringo-2021-2022.pdf,550.65,2026-06-13 11:43:26,ok
176,oag,https://www.oagkenya.go.ke/wp-content/uploads/2023/08/County-Assembly-of-Nandi-2021-2022.pdf#new_tab,C:\Users\user\Data_Science_Course\kenya_public_finance_intelligence\kenya_public_finance_intelligence\data\raw\oag\oag_2021-22_county-assembly_county-assembly-of-nandi-2021-2022.pdf,492.01,2026-06-13 11:43:33,ok
177,oag,https://www.oagkenya.go.ke/wp-content/uploads/2023/08/County-Assembly-of-Nandi-2021-2022.pdf,C:\Users\user\Data_Science_Course\kenya_public_finance_intelligence\kenya_public_finance_intelligence\data\raw\oag\oag_2021-22_county-assembly_county-assembly-of-nandi-2021-2022.pdf,492.01,2026-06-13 11:43:33,ok
178,oag,https://www.oagkenya.go.ke/wp-content/uploads/2023/08/County-Assembly-of-Nakuru-2021-2022-1.pdf#new_tab,C:\Users\user\Data_Science_Course\kenya_public_finance_intelligence\kenya_public_finance_intelligence\data\raw\oag\oag_2021-22_county-assembly_county-assembly-of-nakuru-2021--2022.pdf,524.53,2026-06-13 11:43:40,ok
179,oag,https://www.oagkenya.go.ke/wp-content/uploads/2023/08/County-Assembly-of-Nakuru-2021-2022-1.pdf,C:\Users\user\Data_Science_Course\kenya_public_finance_intelligence\kenya_public_finance_intelligence\data\raw\oag\oag_2021-22_county-assembly_county-assembly-of-nakuru-2021--2022.pdf,524.53,2026-06-13 11:43:40,ok
180,oag,https://www.oagkenya.go.ke/wp-content/uploads/2023/08/County-Executive-of-Meru-2021-2022.pdf#new_tab,C:\Users\user\Data_Science_Course\kenya_public_finance_intelligence\kenya_public_finance_intelligence\data\raw\oag\oag_2021-22_county-executive_county-executive-of-meru-2021-2022.pdf,558.42,2026-06-13 11:43:52,ok
181,oag,https://www.oagkenya.go.ke/wp-content/uploads/2023/08/County-Executive-of-Meru-2021-2022.pdf,C:\Users\user\Data_Science_Course\kenya_public_finance_intelligence\kenya_public_finance_intelligence\data\raw\oag\oag_2021-22_county-executive_county-executive-of-meru-2021-2022.pdf,558.42,2026-06-13 11:43:52,ok
182,oag,https://www.oagkenya.go.ke/wp-content/uploads/2023/08/County-Executive-of-Nandi-2021-2022.pdf#new_tab,C:\Users\user\Data_Science_Course\kenya_public_finance_intelligence\kenya_public_finance_intelligence\data\raw\oag\oag_2021-22_county-executive_county-executive-of-nandi-2021-2022.pdf,524.74,2026-06-13 11:44:05,ok
183,oag,https://www.oagkenya.go.ke/wp-content/uploads/2023/08/County-Executive-of-Nandi-2021-2022.pdf,C:\Users\user\Data_Science_Course\kenya_public_finance_intelligence\kenya_public_finance_intelligence\data\raw\oag\oag_2021-22_county-executive_county-executive-of-nandi-2021-2022.pdf,524.74,2026-06-13 11:44:05,ok
184,oag,https://www.oagkenya.go.ke/wp-content/uploads/2023/08/County-Executive-of-Marsabit-2021-2022.pdf#new_tab,C:\Users\user\Data_Science_Course\kenya_public_finance_intelligence\kenya_public_finance_intelligence\data\raw\oag\oag_2021-22_county-executive_county-executive-of-marsabit-2021-2022.pdf,490.41,2026-06-13 11:44:13,ok
185,oag,https://www.oagkenya.go.ke/wp-content/uploads/2023/08/County-Executive-of-Marsabit-2021-2022.pdf,C:\Users\user\Data_Science_Course\kenya_public_finance_intelligence\kenya_public_finance_intelligence\data\raw\oag\oag_2021-22_county-executive_county-executive-of-marsabit-2021-2022.pdf,490.41,2026-06-13 11:44:13,ok
186,oag,https://www.oagkenya.go.ke/wp-content/uploads/2023/08/County-Executive-of-Tana-River-2021-2022.pdf#new_tab,C:\Users\user\Data_Science_Course\kenya_public_finance_intelligence\kenya_public_finance_intelligence\data\raw\oag\oag_2021-22_county-executive_county-executive-of-tana-river-2021--202.pdf,672.36,2026-06-13 11:44:28,ok
187,oag,https://www.oagkenya.go.ke/wp-content/uploads/2023/08/County-Executive-of-Tana-River-2021-2022.pdf,C:\Users\user\Data_Science_Course\kenya_public_finance_intelligence\kenya_public_finance_intelligence\data\raw\oag\oag_2021-22_county-executive_county-executive-of-tana-river-2021--202.pdf,672.36,2026-06-13 11:44:28,ok
188,oag,https://www.oagkenya.go.ke/wp-content/uploads/2023/08/County-Executive-of-Baringo-2021-2022.pdf#new_tab,C:\Users\user\Data_Science_Course\kenya_public_finance_intelligence\kenya_public_finance_intelligence\data\raw\oag\oag_2021-22_county-executive_county-executive-of-baringo-2021-2022.pdf,725.78,2026-06-13 11:44:40,ok
189,oag,https://www.oagkenya.go.ke/wp-content/uploads/2023/08/County-Executive-of-Baringo-2021-2022.pdf,C:\Users\user\Data_Science_Course\kenya_public_finance_intelligence\kenya_public_finance_intelligence\data\raw\oag\oag_2021-22_county-executive_county-executive-of-baringo-2021-2022.pdf,725.78,2026-06-13 11:44:40,ok
190,oag,https://www.oagkenya.go.ke/wp-content/uploads/2023/08/County-Executive-of-West-Pokot-2021-2022.pdf#new_tab,C:\Users\user\Data_Science_Course\kenya_public_finance_intelligence\kenya_public_finance_intelligence\data\raw\oag\oag_2021-22_county-executive_county-executive-of-west-pokot-2021--202.pdf,464.47,2026-06-13 11:44:46,ok
191,oag,https://www.oagkenya.go.ke/wp-content/uploads/2023/08/County-Executive-of-West-Pokot-2021-2022.pdf,C:\Users\user\Data_Science_Course\kenya_public_finance_intelligence\kenya_public_finance_intelligence\data\raw\oag\oag_2021-22_county-executive_county-executive-of-west-pokot-2021--202.pdf,464.47,2026-06-13 11:44:46,ok
192,oag,https://www.oagkenya.go.ke/wp-content/uploads/2023/08/County-Executive-of-Vihiga-2021-2022.pdf#new_tab,C:\Users\user\Data_Science_Course\kenya_public_finance_intelligence\kenya_public_finance_intelligence\data\raw\oag\oag_2021-22_county-executive_county-executive-of-vihiga-2021--2022.pdf,494.26,2026-06-13 11:44:59,ok
193,oag,https://www.oagkenya.go.ke/wp-content/uploads/2023/08/County-Executive-of-Vihiga-2021-2022.pdf,C:\Users\user\Data_Science_Course\kenya_public_finance_intelligence\kenya_public_finance_intelligence\data\raw\oag\oag_2021-22_county-executive_county-executive-of-vihiga-2021--2022.pdf,494.26,2026-06-13 11:45:00,ok
194,oag,https://www.oagkenya.go.ke/wp-content/uploads/2023/08/County-Executive-of-Nakuru-2021-2022.pdf#new_tab,C:\Users\user\Data_Science_Course\kenya_public_finance_intelligence\kenya_public_finance_intelligence\data\raw\oag\oag_2021-22_county-executive_county-executive-of-nakuru-2021-2022.pdf,539.65,2026-06-13 11:45:12,ok
195,oag,https://www.oagkenya.go.ke/wp-content/uploads/2023/08/County-Executive-of-Nakuru-2021-2022.pdf,C:\Users\user\Data_Science_Course\kenya_public_finance_intelligence\kenya_public_finance_intelligence\data\raw\oag\oag_2021-22_county-executive_county-executive-of-nakuru-2021-2022.pdf,539.65,2026-06-13 11:45:12,ok
196,oag,https://www.oagkenya.go.ke/wp-content/uploads/2023/08/County-Executive-of-Taita-Taveta-2021-2022.pdf#new_tab,C:\Users\user\Data_Science_Course\kenya_public_finance_intelligence\kenya_public_finance_intelligence\data\raw\oag\oag_2021-22_county-executive_county-executive-of-taita-taveta-2021--2.pdf,484.13,2026-06-13 11:45:28,ok
197,oag,https://www.oagkenya.go.ke/wp-content/uploads/2023/08/County-Executive-of-Taita-Taveta-2021-2022.pdf,C:\Users\user\Data_Science_Course\kenya_public_finance_intelligence\kenya_public_finance_intelligence\data\raw\oag\oag_2021-22_county-executive_county-executive-of-taita-taveta-2021--2.pdf,484.13,2026-06-13 11:45:29,ok
198,oag,https://www.oagkenya.go.ke/wp-content/uploads/2023/08/County-Executive-of-Embu-2021-2022.pdf#new_tab,C:\Users\user\Data_Science_Course\kenya_public_finance_intelligence\kenya_public_finance_intelligence\data\raw\oag\oag_2021-22_county-executive_county-executive-of-embu-2021-2022.pdf,544.15,2026-06-13 11:45:40,ok
199,oag,https://www.oagkenya.go.ke/wp-content/uploads/2023/08/County-Executive-of-Embu-2021-2022.pdf,C:\Users\user\Data_Science_Course\kenya_public_finance_intelligence\kenya_public_finance_intelligence\data\raw\oag\oag_2021-22_county-executive_county-executive-of-embu-2021-2022.pdf,544.15,2026-06-13 11:45:40,ok
200,oag,https://www.oagkenya.go.ke/wp-content/uploads/2023/08/County-Executive-of-Kwale-2021-2022.pdf#new_tab,C:\Users\user\Data_Science_Course\kenya_public_finance_intelligence\kenya_public_finance_intelligence\data\raw\oag\oag_2021-22_county-executive_county-executive-of-kwale-2021--2022.pdf,424.72,2026-06-13 11:45:45,ok
201,oag,https://www.oagkenya.go.ke/wp-content/uploads/2023/08/County-Executive-of-Kwale-2021-2022.pdf,C:\Users\user\Data_Science_Course\kenya_public_finance_intelligence\kenya_public_finance_intelligence\data\raw\oag\oag_2021-22_county-executive_county-executive-of-kwale-2021--2022.pdf,424.72,2026-06-13 11:45:45,ok
202,oag,https://www.oagkenya.go.ke/wp-content/uploads/2023/08/County-Executive-of-Kitui-2021-2022.pdf#new_tab,C:\Users\user\Data_Science_Course\kenya_public_finance_intelligence\kenya_public_finance_intelligence\data\raw\oag\oag_2021-22_county-executive_county-executive-of-kitui-2021--2022.pdf,627.67,2026-06-13 11:45:59,ok
203,oag,https://www.oagkenya.go.ke/wp-content/uploads/2023/08/County-Executive-of-Kitui-2021-2022.pdf,C:\Users\user\Data_Science_Course\kenya_public_finance_intelligence\kenya_public_finance_intelligence\data\raw\oag\oag_2021-22_county-executive_county-executive-of-kitui-2021--2022.pdf,627.67,2026-06-13 11:45:59,ok
204,oag,https://www.oagkenya.go.ke/wp-content/uploads/2023/08/County-Executive-of-Tharaka-Nithi-2021-2022.pdf#new_tab,C:\Users\user\Data_Science_Course\kenya_public_finance_intelligence\kenya_public_finance_intelligence\data\raw\oag\oag_2021-22_county-executive_county-executive-of-tharaka-nithi-2021-2.pdf,572.69,2026-06-13 11:46:03,ok
205,oag,https://www.oagkenya.go.ke/wp-content/uploads/2023/08/County-Executive-of-Tharaka-Nithi-2021-2022.pdf,C:\Users\user\Data_Science_Course\kenya_public_finance_intelligence\kenya_public_finance_intelligence\data\raw\oag\oag_2021-22_county-executive_county-executive-of-tharaka-nithi-2021-2.pdf,572.69,2026-06-13 11:46:03,ok
206,oag,https://www.oagkenya.go.ke/wp-content/uploads/2023/08/County-Executive-of-Narok-2021-2022.pdf#new_tab,C:\Users\user\Data_Science_Course\kenya_public_finance_intelligence\kenya_public_finance_intelligence\data\raw\oag\oag_2021-22_county-executive_county-executive-of-narok-2021-2022.pdf,567.08,2026-06-13 11:46:07,ok
207,oag,https://www.oagkenya.go.ke/wp-content/uploads/2023/08/County-Executive-of-Narok-2021-2022.pdf,C:\Users\user\Data_Science_Course\kenya_public_finance_intelligence\kenya_public_finance_intelligence\data\raw\oag\oag_2021-22_county-executive_county-executive-of-narok-2021-2022.pdf,567.08,2026-06-13 11:46:07,ok
208,oag,https://www.oagkenya.go.ke/wp-content/uploads/2023/08/County-Executive-of-Siaya-2021-2022.pdf#new_tab,C:\Users\user\Data_Science_Course\kenya_public_finance_intelligence\kenya_public_finance_intelligence\data\raw\oag\oag_2021-22_county-executive_county-executive-of-siaya-2021--2022.pdf,594.45,2026-06-13 11:46:16,ok
209,oag,https://www.oagkenya.go.ke/wp-content/uploads/2023/08/County-Executive-of-Siaya-2021-2022.pdf,C:\Users\user\Data_Science_Course\kenya_public_finance_intelligence\kenya_public_finance_intelligence\data\raw\oag\oag_2021-22_county-executive_county-executive-of-siaya-2021--2022.pdf,594.45,2026-06-13 11:46:16,ok
210,oag,https://www.oagkenya.go.ke/wp-content/uploads/2023/08/County-Executive-of-Uasin-Gishu-2021-2022.pdf#new_tab,C:\Users\user\Data_Science_Course\kenya_public_finance_intelligence\kenya_public_finance_intelligence\data\raw\oag\oag_2021-22_county-executive_county-executive-of-uasin-gishu-2021-202.pdf,514.38,2026-06-13 11:46:24,ok
211,oag,https://www.oagkenya.go.ke/wp-content/uploads/2023/08/County-Executive-of-Uasin-Gishu-2021-2022.pdf,C:\Users\user\Data_Science_Course\kenya_public_finance_intelligence\kenya_public_finance_intelligence\data\raw\oag\oag_2021-22_county-executive_county-executive-of-uasin-gishu-2021-202.pdf,514.38,2026-06-13 11:46:24,ok
212,oag,https://www.oagkenya.go.ke/wp-content/uploads/2023/07/AUDITOR-GENERAL-S-REPORT-ON-THE-COUNTY-GOVERNMENTS-COUNTY-ASSEMBLES-2021-2022-VOLUME-2.pdf#new_tab,C:\Users\user\Data_Science_Course\kenya_public_finance_intelligence\kenya_public_finance_intelligence\data\raw\oag\oag_2021-22_county-executive_auditor-generals-report-on-the-county-go.pdf,9742.76,2026-06-13 11:47:25,ok
213,oag,https://www.oagkenya.go.ke/wp-content/uploads/2023/07/AUDITOR-GENERAL-S-REPORT-ON-THE-COUNTY-GOVERNMENTS-COUNTY-ASSEMBLES-2021-2022-VOLUME-2.pdf,C:\Users\user\Data_Science_Course\kenya_public_finance_intelligence\kenya_public_finance_intelligence\data\raw\oag\oag_2021-22_county-executive_auditor-generals-report-on-the-county-go.pdf,9742.76,2026-06-13 11:47:25,ok
214,oag,https://www.oagkenya.go.ke/wp-content/uploads/2023/07/AUDITOR-GENERAL-S-REPORT-ON-THE-COUNTY-GOVERNMENTS-COUNTY-EXECUTIVES-2021-2022-VOLUME-1.pdf#new_tab,C:\Users\user\Data_Science_Course\kenya_public_finance_intelligence\kenya_public_finance_intelligence\data\raw\oag\oag_2021-22_county-executive_auditor-generals-report-on-the-county-go.pdf,9742.76,2026-06-13 11:47:25,ok
215,oag,https://www.oagkenya.go.ke/wp-content/uploads/2023/07/AUDITOR-GENERAL-S-REPORT-ON-THE-COUNTY-GOVERNMENTS-COUNTY-EXECUTIVES-2021-2022-VOLUME-1.pdf,C:\Users\user\Data_Science_Course\kenya_public_finance_intelligence\kenya_public_finance_intelligence\data\raw\oag\oag_2021-22_county-executive_auditor-generals-report-on-the-county-go.pdf,9742.76,2026-06-13 11:47:25,ok
216,oag,https://www.oagkenya.go.ke/wp-content/uploads/2023/02/REPORT-OF-THE-AUDITOR-GENERAL-FOR-THE-COUNTY-GOVERNMENTS-FOR-THE-YEAR-2020-2021-_VOLUME-II-COUNTY-ASSEMBLIES-1.pdf#new_tab,C:\Users\user\Data_Science_Course\kenya_public_finance_intelligence\kenya_public_finance_intelligence\data\raw\oag\oag_2020-21_county-executive_report-of-the-auditor-general-for-the-co.pdf,6775.92,2026-06-13 11:48:41,ok
217,oag,https://www.oagkenya.go.ke/wp-content/uploads/2023/02/REPORT-OF-THE-AUDITOR-GENERAL-FOR-THE-COUNTY-GOVERNMENTS-FOR-THE-YEAR-2020-2021-_VOLUME-II-COUNTY-ASSEMBLIES-1.pdf,C:\Users\user\Data_Science_Course\kenya_public_finance_intelligence\kenya_public_finance_intelligence\data\raw\oag\oag_2020-21_county-executive_report-of-the-auditor-general-for-the-co.pdf,6775.92,2026-06-13 11:48:41,ok
218,oag,https://www.oagkenya.go.ke/wp-content/uploads/2023/02/REPORT-OF-THE-AUDITOR-GENERAL-FOR-THE-COUNTY-GOVERNMENTS-FOR-THE-YEAR-2020-2021-_VOLUME-I-COUNTY-EXECUTIVES-1.pdf#new_tab,C:\Users\user\Data_Science_Course\kenya_public_finance_intelligence\kenya_public_finance_intelligence\data\raw\oag\oag_2020-21_county-executive_report-of-the-auditor-general-for-the-co.pdf,6775.92,2026-06-13 11:48:41,ok
219,oag,https://www.oagkenya.go.ke/wp-content/uploads/2023/02/REPORT-OF-THE-AUDITOR-GENERAL-FOR-THE-COUNTY-GOVERNMENTS-FOR-THE-YEAR-2020-2021-_VOLUME-I-COUNTY-EXECUTIVES-1.pdf,C:\Users\user\Data_Science_Course\kenya_public_finance_intelligence\kenya_public_finance_intelligence\data\raw\oag\oag_2020-21_county-executive_report-of-the-auditor-general-for-the-co.pdf,6775.92,2026-06-13 11:48:41,ok
220,oag,https://www.oagkenya.go.ke/wp-content/uploads/2023/02/Tharaka-Nithi-County-Bursary-Development-Fund-2020-2021.pdf#new_tab,C:\Users\user\Data_Science_Course\kenya_public_finance_intelligence\kenya_public_finance_intelligence\data\raw\oag\oag_2020-21_county-executive_tharaka-nithi-county-bursary-development.pdf,347.53,2026-06-13 11:48:46,ok
221,oag,https://www.oagkenya.go.ke/wp-content/uploads/2023/02/Tharaka-Nithi-County-Bursary-Development-Fund-2020-2021.pdf,C:\Users\user\Data_Science_Course\kenya_public_finance_intelligence\kenya_public_finance_intelligence\data\raw\oag\oag_2020-21_county-executive_tharaka-nithi-county-bursary-development.pdf,347.53,2026-06-13 11:48:46,ok
222,oag,https://www.oagkenya.go.ke/wp-content/uploads/2023/01/Turkana-County-Emergency-Fund-2021.pdf#new_tab,C:\Users\user\Data_Science_Course\kenya_public_finance_intelligence\kenya_public_finance_intelligence\data\raw\oag\oag_2020-21_county-executive_turkana-county-emergency-fund-2020-2021.pdf,197.62,2026-06-13 11:48:50,ok
223,oag,https://www.oagkenya.go.ke/wp-content/uploads/2023/01/Turkana-County-Emergency-Fund-2021.pdf,C:\Users\user\Data_Science_Course\kenya_public_finance_intelligence\kenya_public_finance_intelligence\data\raw\oag\oag_2020-21_county-executive_turkana-county-emergency-fund-2020-2021.pdf,197.62,2026-06-13 11:48:51,ok
224,oag,https://www.oagkenya.go.ke/wp-content/uploads/2023/01/Nakuru-County-Emergency-Fund-2021.pdf#new_tab,C:\Users\user\Data_Science_Course\kenya_public_finance_intelligence\kenya_public_finance_intelligence\data\raw\oag\oag_2020-21_county-executive_nakuru-county-emergency-fund-2020-2021.pdf,207.42,2026-06-13 11:48:54,ok
225,oag,https://www.oagkenya.go.ke/wp-content/uploads/2023/01/Nakuru-County-Emergency-Fund-2021.pdf,C:\Users\user\Data_Science_Course\kenya_public_finance_intelligence\kenya_public_finance_intelligence\data\raw\oag\oag_2020-21_county-executive_nakuru-county-emergency-fund-2020-2021.pdf,207.42,2026-06-13 11:48:54,ok
226,oag,https://www.oagkenya.go.ke/wp-content/uploads/2023/01/COUNTY-EXECUTIVE-OF-MARSABIT-2020-2021.pdf#new_tab,C:\Users\user\Data_Science_Course\kenya_public_finance_intelligence\kenya_public_finance_intelligence\data\raw\oag\oag_2020-21_county-executive_county-executive-of-marsabit-2020-2021.pdf,605.93,2026-06-13 11:49:01,ok
227,oag,https://www.oagkenya.go.ke/wp-content/uploads/2023/01/COUNTY-EXECUTIVE-OF-MARSABIT-2020-2021.pdf,C:\Users\user\Data_Science_Course\kenya_public_finance_intelligence\kenya_public_finance_intelligence\data\raw\oag\oag_2020-21_county-executive_county-executive-of-marsabit-2020-2021.pdf,605.93,2026-06-13 11:49:01,ok
228,oag,https://www.oagkenya.go.ke/wp-content/uploads/2023/01/COUNTY-ASSEMBLY-OF-MARSABIT-2020-2021.pdf#new_tab,C:\Users\user\Data_Science_Course\kenya_public_finance_intelligence\kenya_public_finance_intelligence\data\raw\oag\oag_2020-21_county-assembly_county-executive-of-marsabit-2020-2021.pdf,446.82,2026-06-13 11:49:05,ok
229,oag,https://www.oagkenya.go.ke/wp-content/uploads/2023/01/COUNTY-ASSEMBLY-OF-MARSABIT-2020-2021.pdf,C:\Users\user\Data_Science_Course\kenya_public_finance_intelligence\kenya_public_finance_intelligence\data\raw\oag\oag_2020-21_county-assembly_county-executive-of-marsabit-2020-2021.pdf,446.82,2026-06-13 11:49:05,ok
230,oag,https://www.oagkenya.go.ke/wp-content/uploads/2023/01/COUNTY-ASSEMBLY-OF-ISIOLO-2020-2021.pdf#new_tab,C:\Users\user\Data_Science_Course\kenya_public_finance_intelligence\kenya_public_finance_intelligence\data\raw\oag\oag_2020-21_county-assembly_county-assembly-of-isiolo-2020-2021.pdf,470.41,2026-06-13 11:49:10,ok
231,oag,https://www.oagkenya.go.ke/wp-content/uploads/2023/01/COUNTY-ASSEMBLY-OF-ISIOLO-2020-2021.pdf,C:\Users\user\Data_Science_Course\kenya_public_finance_intelligence\kenya_public_finance_intelligence\data\raw\oag\oag_2020-21_county-assembly_county-assembly-of-isiolo-2020-2021.pdf,470.41,2026-06-13 11:49:10,ok
232,oag,https://www.oagkenya.go.ke/wp-content/uploads/2023/01/COUNTY-EXECUTIVE-OF-NAKURU-2020-2021.pdf#new_tab,C:\Users\user\Data_Science_Course\kenya_public_finance_intelligence\kenya_public_finance_intelligence\data\raw\oag\oag_2020-21_county-executive_county-executive-of-nakuru-2020-2021.pdf,621.24,2026-06-13 11:49:14,ok
233,oag,https://www.oagkenya.go.ke/wp-content/uploads/2023/01/COUNTY-EXECUTIVE-OF-NAKURU-2020-2021.pdf,C:\Users\user\Data_Science_Course\kenya_public_finance_intelligence\kenya_public_finance_intelligence\data\raw\oag\oag_2020-21_county-executive_county-executive-of-nakuru-2020-2021.pdf,621.24,2026-06-13 11:49:14,ok
234,oag,https://www.oagkenya.go.ke/wp-content/uploads/2023/01/COUNTY-ASSEMBLY-OF-NAKURU-2020-2021.pdf#new_tab,C:\Users\user\Data_Science_Course\kenya_public_finance_intelligence\kenya_public_finance_intelligence\data\raw\oag\oag_2020-21_county-assembly_county-assembly-of-nakuru-2020-2021.pdf,656.93,2026-06-13 11:49:19,ok
235,oag,https://www.oagkenya.go.ke/wp-content/uploads/2023/01/COUNTY-ASSEMBLY-OF-NAKURU-2020-2021.pdf,C:\Users\user\Data_Science_Course\kenya_public_finance_intelligence\kenya_public_finance_intelligence\data\raw\oag\oag_2020-21_county-assembly_county-assembly-of-nakuru-2020-2021.pdf,656.93,2026-06-13 11:49:19,ok
236,oag,https://www.oagkenya.go.ke/wp-content/uploads/2023/01/Kisii-County-Alcoholic-Drinks-Control-Fund-2021.pdf#new_tab,C:\Users\user\Data_Science_Course\kenya_public_finance_intelligence\kenya_public_finance_intelligence\data\raw\oag\oag_2020-21_county-executive_kisii-county-alcoholic-drinks-control-fu.pdf,177.4,2026-06-13 11:49:23,ok
237,oag,https://www.oagkenya.go.ke/wp-content/uploads/2023/01/Kisii-County-Alcoholic-Drinks-Control-Fund-2021.pdf,C:\Users\user\Data_Science_Course\kenya_public_finance_intelligence\kenya_public_finance_intelligence\data\raw\oag\oag_2020-21_county-executive_kisii-county-alcoholic-drinks-control-fu.pdf,177.4,2026-06-13 11:49:23,ok
238,oag,https://www.oagkenya.go.ke/wp-content/uploads/2023/01/Kisii-Teaching-Referral-Hospital-2020-2021.pdf#new_tab,C:\Users\user\Data_Science_Course\kenya_public_finance_intelligence\kenya_public_finance_intelligence\data\raw\oag\oag_2020-21_county-executive_kisii-teaching-referral-hospital-2020-20.pdf,490.76,2026-06-13 11:49:29,ok
239,oag,https://www.oagkenya.go.ke/wp-content/uploads/2023/01/Kisii-Teaching-Referral-Hospital-2020-2021.pdf,C:\Users\user\Data_Science_Course\kenya_public_finance_intelligence\kenya_public_finance_intelligence\data\raw\oag\oag_2020-21_county-executive_kisii-teaching-referral-hospital-2020-20.pdf,490.76,2026-06-13 11:49:29,ok
240,oag,https://www.oagkenya.go.ke/wp-content/uploads/2023/02/REPORT-OF-THE-AUDITOR-GENERAL-FOR-THE-COUNTY-GOVERNMENTS-FOR-THE-YEAR-2019-2020-_VOLUME-I-COUNTY-EXECUTIVES.pdf#new_tab,C:\Users\user\Data_Science_Course\kenya_public_finance_intelligence\kenya_public_finance_intelligence\data\raw\oag\oag_2019-20_county-executive_report-of-the-auditor-general-for-the-co.pdf,8852.5,2026-06-13 11:50:06,ok
241,oag,https://www.oagkenya.go.ke/wp-content/uploads/2023/02/REPORT-OF-THE-AUDITOR-GENERAL-FOR-THE-COUNTY-GOVERNMENTS-FOR-THE-YEAR-2019-2020-_VOLUME-II-COUNTY-ASSEMBLIES.pdf#new_tab,C:\Users\user\Data_Science_Course\kenya_public_finance_intelligence\kenya_public_finance_intelligence\data\raw\oag\oag_2019-20_county-executive_report-of-the-auditor-general-for-the-co.pdf,8852.5,2026-06-13 11:50:06,ok
242,oag,https://www.oagkenya.go.ke/wp-content/uploads/2022/01/County-Assembly-of-Embu-2019-2020.pdf#new_tab,C:\Users\user\Data_Science_Course\kenya_public_finance_intelligence\kenya_public_finance_intelligence\data\raw\oag\oag_2019-20_county-assembly_county-assembly-of-embu-2019-2020.pdf,563.97,2026-06-13 11:50:09,ok
243,oag,https://www.oagkenya.go.ke/wp-content/uploads/2022/01/County-Assembly-of-Embu-2019-2020.pdf,C:\Users\user\Data_Science_Course\kenya_public_finance_intelligence\kenya_public_finance_intelligence\data\raw\oag\oag_2019-20_county-assembly_county-assembly-of-embu-2019-2020.pdf,563.97,2026-06-13 11:50:09,ok
244,oag,https://www.oagkenya.go.ke/wp-content/uploads/2022/01/County-Assembly-of-Nairobi-2019-2020.pdf#new_tab,C:\Users\user\Data_Science_Course\kenya_public_finance_intelligence\kenya_public_finance_intelligence\data\raw\oag\oag_2019-20_county-assembly_county-assembly-of-nairobi-2019--2020.pdf,559.18,2026-06-13 11:50:14,ok
245,oag,https://www.oagkenya.go.ke/wp-content/uploads/2022/01/County-Assembly-of-Nairobi-2019-2020.pdf,C:\Users\user\Data_Science_Course\kenya_public_finance_intelligence\kenya_public_finance_intelligence\data\raw\oag\oag_2019-20_county-assembly_county-assembly-of-nairobi-2019--2020.pdf,559.18,2026-06-13 11:50:14,ok
246,oag,https://www.oagkenya.go.ke/wp-content/uploads/2022/01/County-Assembly-of-Kericho-2019-2020.pdf#new_tab,C:\Users\user\Data_Science_Course\kenya_public_finance_intelligence\kenya_public_finance_intelligence\data\raw\oag\oag_2019-20_county-assembly_county-assembly-of-kericho-2019-2020.pdf,386.69,2026-06-13 11:50:17,ok
247,oag,https://www.oagkenya.go.ke/wp-content/uploads/2022/01/County-Assembly-of-Kericho-2019-2020.pdf,C:\Users\user\Data_Science_Course\kenya_public_finance_intelligence\kenya_public_finance_intelligence\data\raw\oag\oag_2019-20_county-assembly_county-assembly-of-kericho-2019-2020.pdf,386.69,2026-06-13 11:50:17,ok
248,oag,https://www.oagkenya.go.ke/wp-content/uploads/2022/01/County-Executive-of-West-Pokot-2019-2020.pdf#new_tab,C:\Users\user\Data_Science_Course\kenya_public_finance_intelligence\kenya_public_finance_intelligence\data\raw\oag\oag_2019-20_county-executive_county-executive-of-west-pokot-2019--202.pdf,584.54,2026-06-13 11:50:21,ok
249,oag,https://www.oagkenya.go.ke/wp-content/uploads/2022/01/County-Executive-of-West-Pokot-2019-2020.pdf,C:\Users\user\Data_Science_Course\kenya_public_finance_intelligence\kenya_public_finance_intelligence\data\raw\oag\oag_2019-20_county-executive_county-executive-of-west-pokot-2019--202.pdf,584.54,2026-06-13 11:50:21,ok
250,oag,https://www.oagkenya.go.ke/wp-content/uploads/2022/01/County-Executive-of-Kitui-2019-2020.pdf#new_tab,C:\Users\user\Data_Science_Course\kenya_public_finance_intelligence\kenya_public_finance_intelligence\data\raw\oag\oag_2019-20_county-executive_county-executive-of-kitui-2019-2020.pdf,472.86,2026-06-13 11:50:24,ok
251,oag,https://www.oagkenya.go.ke/wp-content/uploads/2022/01/County-Executive-of-Kitui-2019-2020.pdf,C:\Users\user\Data_Science_Course\kenya_public_finance_intelligence\kenya_public_finance_intelligence\data\raw\oag\oag_2019-20_county-executive_county-executive-of-kitui-2019-2020.pdf,472.86,2026-06-13 11:50:24,ok
252,oag,https://www.oagkenya.go.ke/wp-content/uploads/2022/01/County-Executive-of-Kisii-2019-2020.pdf#new_tab,C:\Users\user\Data_Science_Course\kenya_public_finance_intelligence\kenya_public_finance_intelligence\data\raw\oag\oag_2019-20_county-executive_county-executive-of-kisii-2019-2020.pdf,511.61,2026-06-13 11:50:27,ok
253,oag,https://www.oagkenya.go.ke/wp-content/uploads/2022/01/County-Executive-of-Kisii-2019-2020.pdf,C:\Users\user\Data_Science_Course\kenya_public_finance_intelligence\kenya_public_finance_intelligence\data\raw\oag\oag_2019-20_county-executive_county-executive-of-kisii-2019-2020.pdf,511.61,2026-06-13 11:50:27,ok
254,oag,https://www.oagkenya.go.ke/wp-content/uploads/2022/01/County-Executive-of-Mombasa-2019-2020.pdf#new_tab,C:\Users\user\Data_Science_Course\kenya_public_finance_intelligence\kenya_public_finance_intelligence\data\raw\oag\oag_2019-20_county-executive_county-executive-of-mombasa-2019-2020.pdf,455.63,2026-06-13 11:50:31,ok
255,oag,https://www.oagkenya.go.ke/wp-content/uploads/2022/01/County-Executive-of-Mombasa-2019-2020.pdf,C:\Users\user\Data_Science_Course\kenya_public_finance_intelligence\kenya_public_finance_intelligence\data\raw\oag\oag_2019-20_county-executive_county-executive-of-mombasa-2019-2020.pdf,455.63,2026-06-13 11:50:31,ok
256,oag,https://www.oagkenya.go.ke/wp-content/uploads/2022/01/County-Executive-of-Vihiga-2019-2020.pdf#new_tab,C:\Users\user\Data_Science_Course\kenya_public_finance_intelligence\kenya_public_finance_intelligence\data\raw\oag\oag_2019-20_county-executive_county-executive-of-vihiga-2019-2020.pdf,458.82,2026-06-13 11:50:35,ok
257,oag,https://www.oagkenya.go.ke/wp-content/uploads/2022/01/County-Executive-of-Vihiga-2019-2020.pdf,C:\Users\user\Data_Science_Course\kenya_public_finance_intelligence\kenya_public_finance_intelligence\data\raw\oag\oag_2019-20_county-executive_county-executive-of-vihiga-2019-2020.pdf,458.82,2026-06-13 11:50:35,ok
258,oag,https://www.oagkenya.go.ke/wp-content/uploads/2022/01/County-Executive-of-Taita-Taveta-2019-2020.pdf#new_tab,C:\Users\user\Data_Science_Course\kenya_public_finance_intelligence\kenya_public_finance_intelligence\data\raw\oag\oag_2019-20_county-executive_county-executive-of-taita-taveta-2019-20.pdf,464.01,2026-06-13 11:50:39,ok
259,oag,https://www.oagkenya.go.ke/wp-content/uploads/2022/01/County-Executive-of-Taita-Taveta-2019-2020.pdf,C:\Users\user\Data_Science_Course\kenya_public_finance_intelligence\kenya_public_finance_intelligence\data\raw\oag\oag_2019-20_county-executive_county-executive-of-taita-taveta-2019-20.pdf,464.01,2026-06-13 11:50:39,ok
260,oag,https://www.oagkenya.go.ke/wp-content/uploads/2022/01/County-Executive-of-Marsabit-2019-2020.pdf#new_tab,C:\Users\user\Data_Science_Course\kenya_public_finance_intelligence\kenya_public_finance_intelligence\data\raw\oag\oag_2019-20_county-executive_county-executive-of-marsabit-2019-2020.pdf,497.39,2026-06-13 11:50:45,ok
261,oag,https://www.oagkenya.go.ke/wp-content/uploads/2022/01/County-Executive-of-Marsabit-2019-2020.pdf,C:\Users\user\Data_Science_Course\kenya_public_finance_intelligence\kenya_public_finance_intelligence\data\raw\oag\oag_2019-20_county-executive_county-executive-of-marsabit-2019-2020.pdf,497.39,2026-06-13 11:50:45,ok
262,oag,https://www.oagkenya.go.ke/wp-content/uploads/2022/01/County-Executive-of-Kwale-2019-2020.pdf#new_tab,C:\Users\user\Data_Science_Course\kenya_public_finance_intelligence\kenya_public_finance_intelligence\data\raw\oag\oag_2019-20_county-executive_county-executive-of-kwale-2019-2020.pdf,564.87,2026-06-13 11:50:50,ok
263,oag,https://www.oagkenya.go.ke/wp-content/uploads/2022/01/County-Executive-of-Kwale-2019-2020.pdf,C:\Users\user\Data_Science_Course\kenya_public_finance_intelligence\kenya_public_finance_intelligence\data\raw\oag\oag_2019-20_county-executive_county-executive-of-kwale-2019-2020.pdf,564.87,2026-06-13 11:50:50,ok
264,oag,https://www.oagkenya.go.ke/wp-content/uploads/2022/01/County-Executive-of-Uasin-Gishu-2019-2020-.pdf#new_tab,C:\Users\user\Data_Science_Course\kenya_public_finance_intelligence\kenya_public_finance_intelligence\data\raw\oag\oag_2019-20_county-executive_county-executive-of-uasin-gishu-2019--20.pdf,569.49,2026-06-13 11:50:54,ok
265,oag,https://www.oagkenya.go.ke/wp-content/uploads/2022/01/County-Executive-of-Uasin-Gishu-2019-2020-.pdf,C:\Users\user\Data_Science_Course\kenya_public_finance_intelligence\kenya_public_finance_intelligence\data\raw\oag\oag_2019-20_county-executive_county-executive-of-uasin-gishu-2019--20.pdf,569.49,2026-06-13 11:50:54,ok
266,oag,https://www.oagkenya.go.ke/wp-content/uploads/2022/01/County-Executive-of-Kisumu-2019-2020.pdf#new_tab,C:\Users\user\Data_Science_Course\kenya_public_finance_intelligence\kenya_public_finance_intelligence\data\raw\oag\oag_2019-20_county-executive_county-executive-of-kisumu-2019-2020.pdf,513.87,2026-06-13 11:50:56,ok
267,oag,https://www.oagkenya.go.ke/wp-content/uploads/2022/01/County-Executive-of-Kisumu-2019-2020.pdf,C:\Users\user\Data_Science_Course\kenya_public_finance_intelligence\kenya_public_finance_intelligence\data\raw\oag\oag_2019-20_county-executive_county-executive-of-kisumu-2019-2020.pdf,513.87,2026-06-13 11:50:56,ok
268,oag,https://www.oagkenya.go.ke/wp-content/uploads/2022/01/County-Executive-of-Elgeyo-Marakwet-2019-2020.pdf#new_tab,C:\Users\user\Data_Science_Course\kenya_public_finance_intelligence\kenya_public_finance_intelligence\data\raw\oag\oag_2019-20_county-executive_county-executive-of-elgeyo-marakwet-2019.pdf,555.58,2026-06-13 11:50:59,ok
269,oag,https://www.oagkenya.go.ke/wp-content/uploads/2022/01/County-Executive-of-Elgeyo-Marakwet-2019-2020.pdf,C:\Users\user\Data_Science_Course\kenya_public_finance_intelligence\kenya_public_finance_intelligence\data\raw\oag\oag_2019-20_county-executive_county-executive-of-elgeyo-marakwet-2019.pdf,555.58,2026-06-13 11:50:59,ok
270,oag,https://www.oagkenya.go.ke/wp-content/uploads/2022/01/County-Executive-of-Bomet-2019-2020.pdf#new_tab,C:\Users\user\Data_Science_Course\kenya_public_finance_intelligence\kenya_public_finance_intelligence\data\raw\oag\oag_2019-20_county-executive_county-executive-of-bomet-2019-2020.pdf,553.47,2026-06-13 11:51:04,ok
271,oag,https://www.oagkenya.go.ke/wp-content/uploads/2022/01/County-Executive-of-Bomet-2019-2020.pdf,C:\Users\user\Data_Science_Course\kenya_public_finance_intelligence\kenya_public_finance_intelligence\data\raw\oag\oag_2019-20_county-executive_county-executive-of-bomet-2019-2020.pdf,553.47,2026-06-13 11:51:04,ok
272,oag,https://www.oagkenya.go.ke/wp-content/uploads/2022/01/County-Executive-of-Wajir-2019-2020.pdf#new_tab,C:\Users\user\Data_Science_Course\kenya_public_finance_intelligence\kenya_public_finance_intelligence\data\raw\oag\oag_2019-20_county-executive_county-executive-of-wajir-2019-2020.pdf,489.46,2026-06-13 11:51:08,ok
273,oag,https://www.oagkenya.go.ke/wp-content/uploads/2022/01/County-Executive-of-Wajir-2019-2020.pdf,C:\Users\user\Data_Science_Course\kenya_public_finance_intelligence\kenya_public_finance_intelligence\data\raw\oag\oag_2019-20_county-executive_county-executive-of-wajir-2019-2020.pdf,489.46,2026-06-13 11:51:08,ok
274,oag,https://www.oagkenya.go.ke/wp-content/uploads/2022/01/County-Executive-of-Nakuru-2019-2020-.pdf#new_tab,C:\Users\user\Data_Science_Course\kenya_public_finance_intelligence\kenya_public_finance_intelligence\data\raw\oag\oag_2019-20_county-executive_county-executive-of-nakuru-2019--2020.pdf,462.93,2026-06-13 11:51:14,ok
275,oag,https://www.oagkenya.go.ke/wp-content/uploads/2022/01/County-Executive-of-Nakuru-2019-2020-.pdf,C:\Users\user\Data_Science_Course\kenya_public_finance_intelligence\kenya_public_finance_intelligence\data\raw\oag\oag_2019-20_county-executive_county-executive-of-nakuru-2019--2020.pdf,462.93,2026-06-13 11:51:14,ok
276,oag,https://www.oagkenya.go.ke/wp-content/uploads/2022/01/County-Executive-of-Kiambu-2019-2020-.pdf#new_tab,C:\Users\user\Data_Science_Course\kenya_public_finance_intelligence\kenya_public_finance_intelligence\data\raw\oag\oag_2019-20_county-executive_county-executive-of-kiambu-2019--2020.pdf,536.03,2026-06-13 11:51:28,ok
277,oag,https://www.oagkenya.go.ke/wp-content/uploads/2022/01/County-Executive-of-Kiambu-2019-2020-.pdf,C:\Users\user\Data_Science_Course\kenya_public_finance_intelligence\kenya_public_finance_intelligence\data\raw\oag\oag_2019-20_county-executive_county-executive-of-kiambu-2019--2020.pdf,536.03,2026-06-13 11:51:28,ok
278,oag,https://www.oagkenya.go.ke/wp-content/uploads/2022/01/County-Executive-of-Isiolo-2019-2020.pdf#new_tab,C:\Users\user\Data_Science_Course\kenya_public_finance_intelligence\kenya_public_finance_intelligence\data\raw\oag\oag_2019-20_county-executive_county-executive-of-isiolo-2019--2020.pdf,433.79,2026-06-13 11:51:37,ok
279,oag,https://www.oagkenya.go.ke/wp-content/uploads/2022/01/County-Executive-of-Isiolo-2019-2020.pdf,C:\Users\user\Data_Science_Course\kenya_public_finance_intelligence\kenya_public_finance_intelligence\data\raw\oag\oag_2019-20_county-executive_county-executive-of-isiolo-2019--2020.pdf,433.79,2026-06-13 11:51:38,ok
280,oag,https://www.oagkenya.go.ke/wp-content/uploads/2022/01/County-Executive-of-Nandi-2019-2020-.pdf#new_tab,C:\Users\user\Data_Science_Course\kenya_public_finance_intelligence\kenya_public_finance_intelligence\data\raw\oag\oag_2019-20_county-executive_county-executive-of-nandi-2019--2020.pdf,564.06,2026-06-13 11:51:46,ok
281,oag,https://www.oagkenya.go.ke/wp-content/uploads/2022/01/County-Executive-of-Nandi-2019-2020-.pdf,C:\Users\user\Data_Science_Course\kenya_public_finance_intelligence\kenya_public_finance_intelligence\data\raw\oag\oag_2019-20_county-executive_county-executive-of-nandi-2019--2020.pdf,564.06,2026-06-13 11:51:47,ok
282,oag,https://www.oagkenya.go.ke/wp-content/uploads/2022/01/County-Executive-of-Garissa-2019-2020-1.pdf#new_tab,C:\Users\user\Data_Science_Course\kenya_public_finance_intelligence\kenya_public_finance_intelligence\data\raw\oag\oag_2019-20_county-executive_county-executive-of-garissa-2019--2020.pdf,463.23,2026-06-13 11:52:06,ok
283,oag,https://www.oagkenya.go.ke/wp-content/uploads/2022/01/County-Executive-of-Garissa-2019-2020-1.pdf,C:\Users\user\Data_Science_Course\kenya_public_finance_intelligence\kenya_public_finance_intelligence\data\raw\oag\oag_2019-20_county-executive_county-executive-of-garissa-2019--2020.pdf,463.23,2026-06-13 11:52:06,ok
284,oag,https://www.oagkenya.go.ke/wp-content/uploads/2022/01/County-Executive-of-Machakos-2019-2020.pdf#new_tab,C:\Users\user\Data_Science_Course\kenya_public_finance_intelligence\kenya_public_finance_intelligence\data\raw\oag\oag_2019-20_county-executive_county-executive-of-machakos-2019-2020.pdf,554.96,2026-06-13 11:52:17,ok
285,oag,https://www.oagkenya.go.ke/wp-content/uploads/2022/01/County-Executive-of-Machakos-2019-2020.pdf,C:\Users\user\Data_Science_Course\kenya_public_finance_intelligence\kenya_public_finance_intelligence\data\raw\oag\oag_2019-20_county-executive_county-executive-of-machakos-2019-2020.pdf,554.96,2026-06-13 11:52:17,ok
286,oag,https://www.oagkenya.go.ke/wp-content/uploads/2022/01/County-Executive-of-Narok-2019-2020.pdf#new_tab,C:\Users\user\Data_Science_Course\kenya_public_finance_intelligence\kenya_public_finance_intelligence\data\raw\oag\oag_2019-20_county-executive_county-executive-of-narok-2019--2020.pdf,460.47,2026-06-13 11:52:31,ok
287,oag,https://www.oagkenya.go.ke/wp-content/uploads/2022/01/County-Executive-of-Narok-2019-2020.pdf,C:\Users\user\Data_Science_Course\kenya_public_finance_intelligence\kenya_public_finance_intelligence\data\raw\oag\oag_2019-20_county-executive_county-executive-of-narok-2019--2020.pdf,460.47,2026-06-13 11:52:31,ok
288,oag,https://www.oagkenya.go.ke/wp-content/uploads/2022/01/County-Executive-of-Makueni-2019-2020-.pdf#new_tab,C:\Users\user\Data_Science_Course\kenya_public_finance_intelligence\kenya_public_finance_intelligence\data\raw\oag\oag_2019-20_county-executive_county-executive-of-makueni-2019-2020.pdf,437.86,2026-06-13 11:52:38,ok
289,oag,https://www.oagkenya.go.ke/wp-content/uploads/2022/01/County-Executive-of-Makueni-2019-2020-.pdf,C:\Users\user\Data_Science_Course\kenya_public_finance_intelligence\kenya_public_finance_intelligence\data\raw\oag\oag_2019-20_county-executive_county-executive-of-makueni-2019-2020.pdf,437.86,2026-06-13 11:52:38,ok
290,oag,https://www.oagkenya.go.ke/wp-content/uploads/2022/01/County-Executive-of-Trans-Nzoia-2019-2020.pdf#new_tab,C:\Users\user\Data_Science_Course\kenya_public_finance_intelligence\kenya_public_finance_intelligence\data\raw\oag\oag_2019-20_county-executive_county-executive-of-trans-nzoia-2019--20.pdf,615.63,2026-06-13 11:52:53,ok
291,oag,https://www.oagkenya.go.ke/wp-content/uploads/2022/01/County-Executive-of-Trans-Nzoia-2019-2020.pdf,C:\Users\user\Data_Science_Course\kenya_public_finance_intelligence\kenya_public_finance_intelligence\data\raw\oag\oag_2019-20_county-executive_county-executive-of-trans-nzoia-2019--20.pdf,615.63,2026-06-13 11:52:53,ok
292,oag,https://www.oagkenya.go.ke/wp-content/uploads/2022/01/County-Executive-of-Migori-2019-2020.pdf#new_tab,C:\Users\user\Data_Science_Course\kenya_public_finance_intelligence\kenya_public_finance_intelligence\data\raw\oag\oag_2019-20_county-executive_county-executive-of-migori-2019-2020.pdf,519.58,2026-06-13 11:53:04,ok
293,oag,https://www.oagkenya.go.ke/wp-content/uploads/2022/01/County-Executive-of-Migori-2019-2020.pdf,C:\Users\user\Data_Science_Course\kenya_public_finance_intelligence\kenya_public_finance_intelligence\data\raw\oag\oag_2019-20_county-executive_county-executive-of-migori-2019-2020.pdf,519.58,2026-06-13 11:53:04,ok
294,oag,https://www.oagkenya.go.ke/wp-content/uploads/2022/01/County-Executive-of-Kilifi-2019-2020.pdf#new_tab,C:\Users\user\Data_Science_Course\kenya_public_finance_intelligence\kenya_public_finance_intelligence\data\raw\oag\oag_2019-20_county-executive_county-executive-of-kilifi-2019--2020.pdf,476.48,2026-06-13 11:53:09,ok
295,oag,https://www.oagkenya.go.ke/wp-content/uploads/2022/01/County-Executive-of-Kilifi-2019-2020.pdf,C:\Users\user\Data_Science_Course\kenya_public_finance_intelligence\kenya_public_finance_intelligence\data\raw\oag\oag_2019-20_county-executive_county-executive-of-kilifi-2019--2020.pdf,476.48,2026-06-13 11:53:09,ok
296,oag,https://www.oagkenya.go.ke/wp-content/uploads/2022/01/County-Executive-of-Homa-Bay-2019-2020.pdf#new_tab,C:\Users\user\Data_Science_Course\kenya_public_finance_intelligence\kenya_public_finance_intelligence\data\raw\oag\oag_2019-20_county-executive_county-executive-of-homa-bay-2019--2020.pdf,797.21,2026-06-13 11:53:24,ok
297,oag,https://www.oagkenya.go.ke/wp-content/uploads/2022/01/County-Executive-of-Homa-Bay-2019-2020.pdf,C:\Users\user\Data_Science_Course\kenya_public_finance_intelligence\kenya_public_finance_intelligence\data\raw\oag\oag_2019-20_county-executive_county-executive-of-homa-bay-2019--2020.pdf,797.21,2026-06-13 11:53:24,ok
298,oag,https://www.oagkenya.go.ke/wp-content/uploads/2022/01/County-Executive-of-Laikipia-2019-2020.pdf#new_tab,C:\Users\user\Data_Science_Course\kenya_public_finance_intelligence\kenya_public_finance_intelligence\data\raw\oag\oag_2019-20_county-executive_county-executive-of-laikipia-2019--2020.pdf,450.75,2026-06-13 11:53:32,ok
299,oag,https://www.oagkenya.go.ke/wp-content/uploads/2022/01/County-Executive-of-Laikipia-2019-2020.pdf,C:\Users\user\Data_Science_Course\kenya_public_finance_intelligence\kenya_public_finance_intelligence\data\raw\oag\oag_2019-20_county-executive_county-executive-of-laikipia-2019--2020.pdf,450.75,2026-06-13 11:53:33,ok
300,oag,https://www.oagkenya.go.ke/wp-content/uploads/2022/01/County-Executive-of-Embu-2019-2020.pdf#new_tab,C:\Users\user\Data_Science_Course\kenya_public_finance_intelligence\kenya_public_finance_intelligence\data\raw\oag\oag_2019-20_county-executive_county-executive-of-embu-2019--2020.pdf,491.72,2026-06-13 11:53:39,ok
301,oag,https://www.oagkenya.go.ke/wp-content/uploads/2022/01/County-Executive-of-Embu-2019-2020.pdf,C:\Users\user\Data_Science_Course\kenya_public_finance_intelligence\kenya_public_finance_intelligence\data\raw\oag\oag_2019-20_county-executive_county-executive-of-embu-2019--2020.pdf,491.72,2026-06-13 11:53:39,ok
302,oag,https://www.oagkenya.go.ke/wp-content/uploads/2022/01/County-Executive-of-Tharaka-Nithi-2019-2020.pdf#new_tab,C:\Users\user\Data_Science_Course\kenya_public_finance_intelligence\kenya_public_finance_intelligence\data\raw\oag\oag_2019-20_county-executive_county-executive-of-tharaka-nithi-2019-2.pdf,462.71,2026-06-13 11:53:49,ok
303,oag,https://www.oagkenya.go.ke/wp-content/uploads/2022/01/County-Executive-of-Tharaka-Nithi-2019-2020.pdf,C:\Users\user\Data_Science_Course\kenya_public_finance_intelligence\kenya_public_finance_intelligence\data\raw\oag\oag_2019-20_county-executive_county-executive-of-tharaka-nithi-2019-2.pdf,462.71,2026-06-13 11:53:49,ok
304,oag,https://www.oagkenya.go.ke/wp-content/uploads/2022/01/County-Executive-of-Kericho-2019-2020.pdf#new_tab,C:\Users\user\Data_Science_Course\kenya_public_finance_intelligence\kenya_public_finance_intelligence\data\raw\oag\oag_2019-20_county-executive_county-executive-of-kericho-2019--2020.pdf,428.45,2026-06-13 11:53:59,ok
305,oag,https://www.oagkenya.go.ke/wp-content/uploads/2022/01/County-Executive-of-Kericho-2019-2020.pdf,C:\Users\user\Data_Science_Course\kenya_public_finance_intelligence\kenya_public_finance_intelligence\data\raw\oag\oag_2019-20_county-executive_county-executive-of-kericho-2019--2020.pdf,428.45,2026-06-13 11:53:59,ok
306,oag,https://www.oagkenya.go.ke/wp-content/uploads/2022/01/County-Executive-of-Kajiado-2019-2020.pdf#new_tab,C:\Users\user\Data_Science_Course\kenya_public_finance_intelligence\kenya_public_finance_intelligence\data\raw\oag\oag_2019-20_county-executive_county-executive-of-kajiado-2019--2020.pdf,408.27,2026-06-13 11:54:12,ok
307,oag,https://www.oagkenya.go.ke/wp-content/uploads/2022/01/County-Executive-of-Kajiado-2019-2020.pdf,C:\Users\user\Data_Science_Course\kenya_public_finance_intelligence\kenya_public_finance_intelligence\data\raw\oag\oag_2019-20_county-executive_county-executive-of-kajiado-2019--2020.pdf,408.27,2026-06-13 11:54:13,ok
308,oag,https://www.oagkenya.go.ke/wp-content/uploads/2022/01/County-Executive-of-Tana-River-2019-2020.pdf#new_tab,C:\Users\user\Data_Science_Course\kenya_public_finance_intelligence\kenya_public_finance_intelligence\data\raw\oag\oag_2019-20_county-executive_county-executive-of-tana-river-2019--202.pdf,505.92,2026-06-13 11:54:23,ok
309,oag,https://www.oagkenya.go.ke/wp-content/uploads/2022/01/County-Executive-of-Tana-River-2019-2020.pdf,C:\Users\user\Data_Science_Course\kenya_public_finance_intelligence\kenya_public_finance_intelligence\data\raw\oag\oag_2019-20_county-executive_county-executive-of-tana-river-2019--202.pdf,505.92,2026-06-13 11:54:23,ok
310,oag,https://www.oagkenya.go.ke/wp-content/uploads/2022/01/County-Executive-of-Busia-2019-2020.pdf#new_tab,C:\Users\user\Data_Science_Course\kenya_public_finance_intelligence\kenya_public_finance_intelligence\data\raw\oag\oag_2019-20_county-executive_county-executive-of-busia-2019-2020.pdf,447.88,2026-06-13 11:54:34,ok
311,oag,https://www.oagkenya.go.ke/wp-content/uploads/2022/01/County-Executive-of-Busia-2019-2020.pdf,C:\Users\user\Data_Science_Course\kenya_public_finance_intelligence\kenya_public_finance_intelligence\data\raw\oag\oag_2019-20_county-executive_county-executive-of-busia-2019-2020.pdf,447.88,2026-06-13 11:54:34,ok
312,oag,https://www.oagkenya.go.ke/wp-content/uploads/2022/01/County-Executive-of-Siaya-2019-2020.pdf#new_tab,C:\Users\user\Data_Science_Course\kenya_public_finance_intelligence\kenya_public_finance_intelligence\data\raw\oag\oag_2019-20_county-executive_county-executive-of-siaya-2019-2020.pdf,537.56,2026-06-13 11:54:50,ok
313,oag,https://www.oagkenya.go.ke/wp-content/uploads/2022/01/County-Executive-of-Siaya-2019-2020.pdf,C:\Users\user\Data_Science_Course\kenya_public_finance_intelligence\kenya_public_finance_intelligence\data\raw\oag\oag_2019-20_county-executive_county-executive-of-siaya-2019-2020.pdf,537.56,2026-06-13 11:54:51,ok
314,oag,https://www.oagkenya.go.ke/wp-content/uploads/2022/01/County-Executive-of-Nyandarua-2019-2020-.pdf#new_tab,C:\Users\user\Data_Science_Course\kenya_public_finance_intelligence\kenya_public_finance_intelligence\data\raw\oag\oag_2019-20_county-executive_county-executive-of-nyandarua-2019--2020.pdf,348.86,2026-06-13 11:54:59,ok
315,oag,https://www.oagkenya.go.ke/wp-content/uploads/2022/01/County-Executive-of-Nyandarua-2019-2020-.pdf,C:\Users\user\Data_Science_Course\kenya_public_finance_intelligence\kenya_public_finance_intelligence\data\raw\oag\oag_2019-20_county-executive_county-executive-of-nyandarua-2019--2020.pdf,348.86,2026-06-13 11:54:59,ok
316,oag,https://www.oagkenya.go.ke/wp-content/uploads/2022/01/County-Executive-of-Lamu-2019-2020.pdf#new_tab,C:\Users\user\Data_Science_Course\kenya_public_finance_intelligence\kenya_public_finance_intelligence\data\raw\oag\oag_2019-20_county-executive_county-executive-of-lamu-2019--2020.pdf,499.88,2026-06-13 11:55:03,ok
317,oag,https://www.oagkenya.go.ke/wp-content/uploads/2022/01/County-Executive-of-Lamu-2019-2020.pdf,C:\Users\user\Data_Science_Course\kenya_public_finance_intelligence\kenya_public_finance_intelligence\data\raw\oag\oag_2019-20_county-executive_county-executive-of-lamu-2019--2020.pdf,499.88,2026-06-13 11:55:03,ok
318,oag,https://www.oagkenya.go.ke/wp-content/uploads/2022/01/County-Executive-of-Meru-2019-2020.pdf#new_tab,C:\Users\user\Data_Science_Course\kenya_public_finance_intelligence\kenya_public_finance_intelligence\data\raw\oag\oag_2019-20_county-executive_county-executive-of-meru-2019--2020.pdf,453.86,2026-06-13 11:55:06,ok
319,oag,https://www.oagkenya.go.ke/wp-content/uploads/2022/01/County-Executive-of-Meru-2019-2020.pdf,C:\Users\user\Data_Science_Course\kenya_public_finance_intelligence\kenya_public_finance_intelligence\data\raw\oag\oag_2019-20_county-executive_county-executive-of-meru-2019--2020.pdf,453.86,2026-06-13 11:55:06,ok
320,oag,https://www.oagkenya.go.ke/wp-content/uploads/2022/01/County-Executive-of-Kakamega-2019-2020.pdf#new_tab,C:\Users\user\Data_Science_Course\kenya_public_finance_intelligence\kenya_public_finance_intelligence\data\raw\oag\oag_2019-20_county-executive_county-executive-of-kakamega-2019--2020.pdf,481.29,2026-06-13 11:55:09,ok
321,oag,https://www.oagkenya.go.ke/wp-content/uploads/2022/01/County-Executive-of-Kakamega-2019-2020.pdf,C:\Users\user\Data_Science_Course\kenya_public_finance_intelligence\kenya_public_finance_intelligence\data\raw\oag\oag_2019-20_county-executive_county-executive-of-kakamega-2019--2020.pdf,481.29,2026-06-13 11:55:09,ok
322,oag,https://www.oagkenya.go.ke/wp-content/uploads/2022/01/County-Executive-of-Kirinyaga-2019-2020.pdf#new_tab,C:\Users\user\Data_Science_Course\kenya_public_finance_intelligence\kenya_public_finance_intelligence\data\raw\oag\oag_2019-20_county-executive_county-executive-of-kirinyaga-2019--2020.pdf,699.08,2026-06-13 11:55:17,ok
323,oag,https://www.oagkenya.go.ke/wp-content/uploads/2022/01/County-Executive-of-Kirinyaga-2019-2020.pdf,C:\Users\user\Data_Science_Course\kenya_public_finance_intelligence\kenya_public_finance_intelligence\data\raw\oag\oag_2019-20_county-executive_county-executive-of-kirinyaga-2019--2020.pdf,699.08,2026-06-13 11:55:17,ok
324,oag,https://www.oagkenya.go.ke/wp-content/uploads/2022/01/County-Executive-of-Bungoma-2019-2020.pdf#new_tab,C:\Users\user\Data_Science_Course\kenya_public_finance_intelligence\kenya_public_finance_intelligence\data\raw\oag\oag_2019-20_county-executive_county-executive-of-bungoma-2019--2020.pdf,1743.01,2026-06-13 11:55:38,ok
325,oag,https://www.oagkenya.go.ke/wp-content/uploads/2022/01/County-Executive-of-Bungoma-2019-2020.pdf,C:\Users\user\Data_Science_Course\kenya_public_finance_intelligence\kenya_public_finance_intelligence\data\raw\oag\oag_2019-20_county-executive_county-executive-of-bungoma-2019--2020.pdf,1743.01,2026-06-13 11:55:38,ok
326,oag,https://www.oagkenya.go.ke/wp-content/uploads/2022/01/County-Executive-of-Nyamira-2019-2020.pdf#new_tab,C:\Users\user\Data_Science_Course\kenya_public_finance_intelligence\kenya_public_finance_intelligence\data\raw\oag\oag_2019-20_county-executive_county-executive-of-nyamira-2019-2020.pdf,584.55,2026-06-13 11:55:41,ok
327,oag,https://www.oagkenya.go.ke/wp-content/uploads/2022/01/County-Executive-of-Nyamira-2019-2020.pdf,C:\Users\user\Data_Science_Course\kenya_public_finance_intelligence\kenya_public_finance_intelligence\data\raw\oag\oag_2019-20_county-executive_county-executive-of-nyamira-2019-2020.pdf,584.55,2026-06-13 11:55:41,ok
328,oag,https://www.oagkenya.go.ke/wp-content/uploads/2022/01/County-Executive-of-Muranga-2019-2020.pdf#new_tab,C:\Users\user\Data_Science_Course\kenya_public_finance_intelligence\kenya_public_finance_intelligence\data\raw\oag\oag_2019-20_county-executive_county-executive-of-muranga-2019-2020.pdf,592.16,2026-06-13 11:55:44,ok
329,oag,https://www.oagkenya.go.ke/wp-content/uploads/2022/01/County-Executive-of-Muranga-2019-2020.pdf,C:\Users\user\Data_Science_Course\kenya_public_finance_intelligence\kenya_public_finance_intelligence\data\raw\oag\oag_2019-20_county-executive_county-executive-of-muranga-2019-2020.pdf,592.16,2026-06-13 11:55:44,ok
330,oag,https://www.oagkenya.go.ke/wp-content/uploads/2022/01/County-Executive-of-Samburu-2019-2020.pdf#new_tab,C:\Users\user\Data_Science_Course\kenya_public_finance_intelligence\kenya_public_finance_intelligence\data\raw\oag\oag_2019-20_county-executive_county-executive-of-samburu-2019-2020.pdf,568.73,2026-06-13 11:55:48,ok
331,oag,https://www.oagkenya.go.ke/wp-content/uploads/2022/01/County-Executive-of-Samburu-2019-2020.pdf,C:\Users\user\Data_Science_Course\kenya_public_finance_intelligence\kenya_public_finance_intelligence\data\raw\oag\oag_2019-20_county-executive_county-executive-of-samburu-2019-2020.pdf,568.73,2026-06-13 11:55:48,ok
332,oag,https://www.oagkenya.go.ke/wp-content/uploads/2022/01/County-Executive-Nairobi-City-2019-2020.pdf#new_tab,C:\Users\user\Data_Science_Course\kenya_public_finance_intelligence\kenya_public_finance_intelligence\data\raw\oag\oag_2019-20_county-executive_county-executive-nairobi-city-2019--2020.pdf,581.46,2026-06-13 11:55:51,ok
333,oag,https://www.oagkenya.go.ke/wp-content/uploads/2022/01/County-Executive-Nairobi-City-2019-2020.pdf,C:\Users\user\Data_Science_Course\kenya_public_finance_intelligence\kenya_public_finance_intelligence\data\raw\oag\oag_2019-20_county-executive_county-executive-nairobi-city-2019--2020.pdf,581.46,2026-06-13 11:55:51,ok
334,oag,https://www.oagkenya.go.ke/wp-content/uploads/2022/01/County-Executive-of-Mandera-2019-2020.pdf#new_tab,C:\Users\user\Data_Science_Course\kenya_public_finance_intelligence\kenya_public_finance_intelligence\data\raw\oag\oag_2019-20_county-executive_county-executive-of-mandera-2019-2020.pdf,436.96,2026-06-13 11:55:55,ok
335,oag,https://www.oagkenya.go.ke/wp-content/uploads/2022/01/County-Executive-of-Mandera-2019-2020.pdf,C:\Users\user\Data_Science_Course\kenya_public_finance_intelligence\kenya_public_finance_intelligence\data\raw\oag\oag_2019-20_county-executive_county-executive-of-mandera-2019-2020.pdf,436.96,2026-06-13 11:55:55,ok
336,oag,https://www.oagkenya.go.ke/wp-content/uploads/2022/01/County-Executive-of-Turkana-2019-2020.pdf#new_tab,C:\Users\user\Data_Science_Course\kenya_public_finance_intelligence\kenya_public_finance_intelligence\data\raw\oag\oag_2019-20_county-executive_county-executive-of-turkana-2019-2020.pdf,444.78,2026-06-13 11:55:59,ok
337,oag,https://www.oagkenya.go.ke/wp-content/uploads/2022/01/County-Executive-of-Turkana-2019-2020.pdf,C:\Users\user\Data_Science_Course\kenya_public_finance_intelligence\kenya_public_finance_intelligence\data\raw\oag\oag_2019-20_county-executive_county-executive-of-turkana-2019-2020.pdf,444.78,2026-06-13 11:55:59,ok
338,oag,https://www.oagkenya.go.ke/wp-content/uploads/2022/01/County-Executive-of-Baringo-2019-2020.pdf#new_tab,C:\Users\user\Data_Science_Course\kenya_public_finance_intelligence\kenya_public_finance_intelligence\data\raw\oag\oag_2019-20_county-executive_county-executive-of-baringo-2019-2020.pdf,696.23,2026-06-13 11:56:06,ok
339,oag,https://www.oagkenya.go.ke/wp-content/uploads/2022/01/County-Executive-of-Baringo-2019-2020.pdf,C:\Users\user\Data_Science_Course\kenya_public_finance_intelligence\kenya_public_finance_intelligence\data\raw\oag\oag_2019-20_county-executive_county-executive-of-baringo-2019-2020.pdf,696.23,2026-06-13 11:56:06,ok
340,oag,https://www.oagkenya.go.ke/wp-content/uploads/2022/01/County-Executive-of-Nyeri-2019-2020.pdf#new_tab,C:\Users\user\Data_Science_Course\kenya_public_finance_intelligence\kenya_public_finance_intelligence\data\raw\oag\oag_2019-20_county-executive_county-executive-of-nyeri-2019--2020.pdf,500.49,2026-06-13 11:56:11,ok
341,oag,https://www.oagkenya.go.ke/wp-content/uploads/2022/01/County-Executive-of-Nyeri-2019-2020.pdf,C:\Users\user\Data_Science_Course\kenya_public_finance_intelligence\kenya_public_finance_intelligence\data\raw\oag\oag_2019-20_county-executive_county-executive-of-nyeri-2019--2020.pdf,500.49,2026-06-13 11:56:11,ok
342,oag,https://www.oagkenya.go.ke/wp-content/uploads/2022/01/County-Assembly-of-Trans-Nzoia-2019-2020.pdf#new_tab,C:\Users\user\Data_Science_Course\kenya_public_finance_intelligence\kenya_public_finance_intelligence\data\raw\oag\oag_2019-20_county-assembly_county-assembly-of-trans-nzoia-2019-2020.pdf,403.98,2026-06-13 11:56:16,ok
343,oag,https://www.oagkenya.go.ke/wp-content/uploads/2022/01/County-Assembly-of-Trans-Nzoia-2019-2020.pdf,C:\Users\user\Data_Science_Course\kenya_public_finance_intelligence\kenya_public_finance_intelligence\data\raw\oag\oag_2019-20_county-assembly_county-assembly-of-trans-nzoia-2019-2020.pdf,403.98,2026-06-13 11:56:17,ok
344,oag,https://www.oagkenya.go.ke/wp-content/uploads/2022/01/County-Assembly-of-Nyamira-2019-2020.pdf#new_tab,C:\Users\user\Data_Science_Course\kenya_public_finance_intelligence\kenya_public_finance_intelligence\data\raw\oag\oag_2019-20_county-assembly_county-assembly-of-nyamira-2019-2020.pdf,518.62,2026-06-13 11:56:24,ok
345,oag,https://www.oagkenya.go.ke/wp-content/uploads/2022/01/County-Assembly-of-Nyamira-2019-2020.pdf,C:\Users\user\Data_Science_Course\kenya_public_finance_intelligence\kenya_public_finance_intelligence\data\raw\oag\oag_2019-20_county-assembly_county-assembly-of-nyamira-2019-2020.pdf,518.62,2026-06-13 11:56:24,ok
346,oag,https://www.oagkenya.go.ke/wp-content/uploads/2022/01/County-Assembly-of-Meru-2019-2020.pdf#new_tab,C:\Users\user\Data_Science_Course\kenya_public_finance_intelligence\kenya_public_finance_intelligence\data\raw\oag\oag_2019-20_county-assembly_county-assembly-of-meru-2019-2020.pdf,416.8,2026-06-13 11:56:27,ok
347,oag,https://www.oagkenya.go.ke/wp-content/uploads/2022/01/County-Assembly-of-Meru-2019-2020.pdf,C:\Users\user\Data_Science_Course\kenya_public_finance_intelligence\kenya_public_finance_intelligence\data\raw\oag\oag_2019-20_county-assembly_county-assembly-of-meru-2019-2020.pdf,416.8,2026-06-13 11:56:27,ok
348,oag,https://www.oagkenya.go.ke/wp-content/uploads/2022/01/County-Assembly-of-Muranga-2019-2020.pdf#new_tab,C:\Users\user\Data_Science_Course\kenya_public_finance_intelligence\kenya_public_finance_intelligence\data\raw\oag\oag_2019-20_county-assembly_county-assembly-of-muranga-2019--2020.pdf,602.94,2026-06-13 11:56:38,ok
349,oag,https://www.oagkenya.go.ke/wp-content/uploads/2022/01/County-Assembly-of-Muranga-2019-2020.pdf,C:\Users\user\Data_Science_Course\kenya_public_finance_intelligence\kenya_public_finance_intelligence\data\raw\oag\oag_2019-20_county-assembly_county-assembly-of-muranga-2019--2020.pdf,602.94,2026-06-13 11:56:39,ok
350,oag,https://www.oagkenya.go.ke/wp-content/uploads/2022/01/County-Assembly-of-Elgeyo-Marakwet-2019-2020.pdf#new_tab,C:\Users\user\Data_Science_Course\kenya_public_finance_intelligence\kenya_public_finance_intelligence\data\raw\oag\oag_2019-20_county-assembly_county-assembly-of-elgeyo-marakwet-2019-.pdf,536.92,2026-06-13 11:56:46,ok
351,oag,https://www.oagkenya.go.ke/wp-content/uploads/2022/01/County-Assembly-of-Elgeyo-Marakwet-2019-2020.pdf,C:\Users\user\Data_Science_Course\kenya_public_finance_intelligence\kenya_public_finance_intelligence\data\raw\oag\oag_2019-20_county-assembly_county-assembly-of-elgeyo-marakwet-2019-.pdf,536.92,2026-06-13 11:56:46,ok
352,oag,https://www.oagkenya.go.ke/wp-content/uploads/2022/01/County-Assembly-of-Lamu-2019-2020.pdf#new_tab,C:\Users\user\Data_Science_Course\kenya_public_finance_intelligence\kenya_public_finance_intelligence\data\raw\oag\oag_2019-20_county-assembly_county-assembly-of-lamu-2019-2020.pdf,435.01,2026-06-13 11:56:52,ok
353,oag,https://www.oagkenya.go.ke/wp-content/uploads/2022/01/County-Assembly-of-Lamu-2019-2020.pdf,C:\Users\user\Data_Science_Course\kenya_public_finance_intelligence\kenya_public_finance_intelligence\data\raw\oag\oag_2019-20_county-assembly_county-assembly-of-lamu-2019-2020.pdf,435.01,2026-06-13 11:56:52,ok
354,oag,https://www.oagkenya.go.ke/wp-content/uploads/2022/01/County-Assembly-of-Machakos-2019-2020.pdf#new_tab,C:\Users\user\Data_Science_Course\kenya_public_finance_intelligence\kenya_public_finance_intelligence\data\raw\oag\oag_2019-20_county-assembly_county-assembly-of-machakos-2019--2020.pdf,563.36,2026-06-13 11:57:00,ok
355,oag,https://www.oagkenya.go.ke/wp-content/uploads/2022/01/County-Assembly-of-Machakos-2019-2020.pdf,C:\Users\user\Data_Science_Course\kenya_public_finance_intelligence\kenya_public_finance_intelligence\data\raw\oag\oag_2019-20_county-assembly_county-assembly-of-machakos-2019--2020.pdf,563.36,2026-06-13 11:57:00,ok
356,oag,https://www.oagkenya.go.ke/wp-content/uploads/2022/01/County-Assembly-of-Taita-Taveta-2019-2020.pdf#new_tab,C:\Users\user\Data_Science_Course\kenya_public_finance_intelligence\kenya_public_finance_intelligence\data\raw\oag\oag_2019-20_county-assembly_county-assembly-of-taita-taveta-2019-202.pdf,431.53,2026-06-13 11:57:11,ok
357,oag,https://www.oagkenya.go.ke/wp-content/uploads/2022/01/County-Assembly-of-Taita-Taveta-2019-2020.pdf,C:\Users\user\Data_Science_Course\kenya_public_finance_intelligence\kenya_public_finance_intelligence\data\raw\oag\oag_2019-20_county-assembly_county-assembly-of-taita-taveta-2019-202.pdf,431.53,2026-06-13 11:57:11,ok
358,oag,https://www.oagkenya.go.ke/wp-content/uploads/2022/01/County-Assembly-of-Isiolo-2019-2020-.pdf#new_tab,C:\Users\user\Data_Science_Course\kenya_public_finance_intelligence\kenya_public_finance_intelligence\data\raw\oag\oag_2019-20_county-assembly_county-assembly-of-isiolo-2019--2020.pdf,507.17,2026-06-13 11:57:17,ok
359,oag,https://www.oagkenya.go.ke/wp-content/uploads/2022/01/County-Assembly-of-Isiolo-2019-2020-.pdf,C:\Users\user\Data_Science_Course\kenya_public_finance_intelligence\kenya_public_finance_intelligence\data\raw\oag\oag_2019-20_county-assembly_county-assembly-of-isiolo-2019--2020.pdf,507.17,2026-06-13 11:57:17,ok
360,oag,https://www.oagkenya.go.ke/wp-content/uploads/2022/01/County-Assembly-of-Kakamega-2019-2020.pdf#new_tab,C:\Users\user\Data_Science_Course\kenya_public_finance_intelligence\kenya_public_finance_intelligence\data\raw\oag\oag_2019-20_county-assembly_county-assembly-of-kakamega-2019-2020.pdf,434.02,2026-06-13 11:57:20,ok
361,oag,https://www.oagkenya.go.ke/wp-content/uploads/2022/01/County-Assembly-of-Kakamega-2019-2020.pdf,C:\Users\user\Data_Science_Course\kenya_public_finance_intelligence\kenya_public_finance_intelligence\data\raw\oag\oag_2019-20_county-assembly_county-assembly-of-kakamega-2019-2020.pdf,434.02,2026-06-13 11:57:20,ok
362,oag,https://www.oagkenya.go.ke/wp-content/uploads/2022/01/County-Assembly-of-Baringo-2019-2020.pdf#new_tab,C:\Users\user\Data_Science_Course\kenya_public_finance_intelligence\kenya_public_finance_intelligence\data\raw\oag\oag_2019-20_county-assembly_county-assembly-of-baringo-2019-2020.pdf,581.84,2026-06-13 11:57:24,ok
363,oag,https://www.oagkenya.go.ke/wp-content/uploads/2022/01/County-Assembly-of-Baringo-2019-2020.pdf,C:\Users\user\Data_Science_Course\kenya_public_finance_intelligence\kenya_public_finance_intelligence\data\raw\oag\oag_2019-20_county-assembly_county-assembly-of-baringo-2019-2020.pdf,581.84,2026-06-13 11:57:24,ok
364,oag,https://www.oagkenya.go.ke/wp-content/uploads/2022/01/County-Assembly-of-West-Pokot-2019-2020.pdf#new_tab,C:\Users\user\Data_Science_Course\kenya_public_finance_intelligence\kenya_public_finance_intelligence\data\raw\oag\oag_2019-20_county-assembly_county-assembly-of-west-pokot-2019--2020.pdf,569.65,2026-06-13 11:57:34,ok
365,oag,https://www.oagkenya.go.ke/wp-content/uploads/2022/01/County-Assembly-of-West-Pokot-2019-2020.pdf,C:\Users\user\Data_Science_Course\kenya_public_finance_intelligence\kenya_public_finance_intelligence\data\raw\oag\oag_2019-20_county-assembly_county-assembly-of-west-pokot-2019--2020.pdf,569.65,2026-06-13 11:57:34,ok
366,oag,https://www.oagkenya.go.ke/wp-content/uploads/2022/01/County-Assembly-of-Tharaka-Nithi-2019-2020.pdf#new_tab,C:\Users\user\Data_Science_Course\kenya_public_finance_intelligence\kenya_public_finance_intelligence\data\raw\oag\oag_2019-20_county-assembly_county-assembly-of-tharaka-nithi-2019-20.pdf,446.35,2026-06-13 11:57:38,ok
367,oag,https://www.oagkenya.go.ke/wp-content/uploads/2022/01/County-Assembly-of-Tharaka-Nithi-2019-2020.pdf,C:\Users\user\Data_Science_Course\kenya_public_finance_intelligence\kenya_public_finance_intelligence\data\raw\oag\oag_2019-20_county-assembly_county-assembly-of-tharaka-nithi-2019-20.pdf,446.35,2026-06-13 11:57:39,ok
368,oag,https://www.oagkenya.go.ke/wp-content/uploads/2022/01/County-Assembly-of-Nandi-2019-2020-.pdf#new_tab,C:\Users\user\Data_Science_Course\kenya_public_finance_intelligence\kenya_public_finance_intelligence\data\raw\oag\oag_2019-20_county-assembly_county-assembly-of-nandi-2019--2020.pdf,553.66,2026-06-13 11:57:45,ok
369,oag,https://www.oagkenya.go.ke/wp-content/uploads/2022/01/County-Assembly-of-Nandi-2019-2020-.pdf,C:\Users\user\Data_Science_Course\kenya_public_finance_intelligence\kenya_public_finance_intelligence\data\raw\oag\oag_2019-20_county-assembly_county-assembly-of-nandi-2019--2020.pdf,553.66,2026-06-13 11:57:45,ok
370,oag,https://www.oagkenya.go.ke/wp-content/uploads/2022/01/County-Assembly-of-Uasin-Gishu-2019-2020-.pdf#new_tab,C:\Users\user\Data_Science_Course\kenya_public_finance_intelligence\kenya_public_finance_intelligence\data\raw\oag\oag_2019-20_county-assembly_county-assembly-of-uasin-gishu-2019-2020.pdf,521.0,2026-06-13 11:57:49,ok
371,oag,https://www.oagkenya.go.ke/wp-content/uploads/2022/01/County-Assembly-of-Uasin-Gishu-2019-2020-.pdf,C:\Users\user\Data_Science_Course\kenya_public_finance_intelligence\kenya_public_finance_intelligence\data\raw\oag\oag_2019-20_county-assembly_county-assembly-of-uasin-gishu-2019-2020.pdf,521.0,2026-06-13 11:57:49,ok
372,oag,https://www.oagkenya.go.ke/wp-content/uploads/2022/01/County-Assembly-of-Nyandarua-2019-2020.pdf#new_tab,C:\Users\user\Data_Science_Course\kenya_public_finance_intelligence\kenya_public_finance_intelligence\data\raw\oag\oag_2019-20_county-assembly_county-assembly-of-nyandarua-2019--2020.pdf,432.87,2026-06-13 11:57:55,ok
373,oag,https://www.oagkenya.go.ke/wp-content/uploads/2022/01/County-Assembly-of-Nyandarua-2019-2020.pdf,C:\Users\user\Data_Science_Course\kenya_public_finance_intelligence\kenya_public_finance_intelligence\data\raw\oag\oag_2019-20_county-assembly_county-assembly-of-nyandarua-2019--2020.pdf,432.87,2026-06-13 11:57:55,ok
374,oag,https://www.oagkenya.go.ke/wp-content/uploads/2022/01/County-Assembly-of-Kwale-2019-2020-.pdf#new_tab,C:\Users\user\Data_Science_Course\kenya_public_finance_intelligence\kenya_public_finance_intelligence\data\raw\oag\oag_2019-20_county-assembly_county-assembly-of-kwale-2019-2020.pdf,428.62,2026-06-13 11:57:59,ok
375,oag,https://www.oagkenya.go.ke/wp-content/uploads/2022/01/County-Assembly-of-Kwale-2019-2020-.pdf,C:\Users\user\Data_Science_Course\kenya_public_finance_intelligence\kenya_public_finance_intelligence\data\raw\oag\oag_2019-20_county-assembly_county-assembly-of-kwale-2019-2020.pdf,428.62,2026-06-13 11:57:59,ok
376,oag,https://www.oagkenya.go.ke/wp-content/uploads/2022/01/County-Assembly-of-Bomet-2019-2020.pdf#new_tab,C:\Users\user\Data_Science_Course\kenya_public_finance_intelligence\kenya_public_finance_intelligence\data\raw\oag\oag_2019-20_county-assembly_county-assembly-of-bomet-2019-2020.pdf,404.38,2026-06-13 11:58:02,ok
377,oag,https://www.oagkenya.go.ke/wp-content/uploads/2022/01/County-Assembly-of-Bomet-2019-2020.pdf,C:\Users\user\Data_Science_Course\kenya_public_finance_intelligence\kenya_public_finance_intelligence\data\raw\oag\oag_2019-20_county-assembly_county-assembly-of-bomet-2019-2020.pdf,404.38,2026-06-13 11:58:03,ok
378,oag,https://www.oagkenya.go.ke/wp-content/uploads/2022/01/County-Assembly-of-Homa-Bay-2019-2020.pdf#new_tab,C:\Users\user\Data_Science_Course\kenya_public_finance_intelligence\kenya_public_finance_intelligence\data\raw\oag\oag_2019-20_county-assembly_county-assembly-of-homa-bay-2019--2020.pdf,456.27,2026-06-13 11:58:09,ok
379,oag,https://www.oagkenya.go.ke/wp-content/uploads/2022/01/County-Assembly-of-Homa-Bay-2019-2020.pdf,C:\Users\user\Data_Science_Course\kenya_public_finance_intelligence\kenya_public_finance_intelligence\data\raw\oag\oag_2019-20_county-assembly_county-assembly-of-homa-bay-2019--2020.pdf,456.27,2026-06-13 11:58:10,ok
380,oag,https://www.oagkenya.go.ke/wp-content/uploads/2022/01/County-Assembly-of-Narok-2019-2020.pdf#new_tab,C:\Users\user\Data_Science_Course\kenya_public_finance_intelligence\kenya_public_finance_intelligence\data\raw\oag\oag_2019-20_county-assembly_county-assembly-of-narok-2019-2020.pdf,491.59,2026-06-13 11:58:16,ok
381,oag,https://www.oagkenya.go.ke/wp-content/uploads/2022/01/County-Assembly-of-Narok-2019-2020.pdf,C:\Users\user\Data_Science_Course\kenya_public_finance_intelligence\kenya_public_finance_intelligence\data\raw\oag\oag_2019-20_county-assembly_county-assembly-of-narok-2019-2020.pdf,491.59,2026-06-13 11:58:16,ok
382,oag,https://www.oagkenya.go.ke/wp-content/uploads/2022/01/County-Assembly-of-Kirinyaga-2019-2020-.pdf#new_tab,C:\Users\user\Data_Science_Course\kenya_public_finance_intelligence\kenya_public_finance_intelligence\data\raw\oag\oag_2019-20_county-assembly_county-assembly-of-kirinyaga-2019-2020.pdf,280.14,2026-06-13 11:58:20,ok
383,oag,https://www.oagkenya.go.ke/wp-content/uploads/2022/01/County-Assembly-of-Kirinyaga-2019-2020-.pdf,C:\Users\user\Data_Science_Course\kenya_public_finance_intelligence\kenya_public_finance_intelligence\data\raw\oag\oag_2019-20_county-assembly_county-assembly-of-kirinyaga-2019-2020.pdf,280.14,2026-06-13 11:58:20,ok
384,oag,https://www.oagkenya.go.ke/wp-content/uploads/2022/01/County-Assembly-of-Nyeri-2019-2020.pdf#new_tab,C:\Users\user\Data_Science_Course\kenya_public_finance_intelligence\kenya_public_finance_intelligence\data\raw\oag\oag_2019-20_county-assembly_county-assembly-of-nyeri-2019--2020.pdf,428.09,2026-06-13 11:58:25,ok
385,oag,https://www.oagkenya.go.ke/wp-content/uploads/2022/01/County-Assembly-of-Nyeri-2019-2020.pdf,C:\Users\user\Data_Science_Course\kenya_public_finance_intelligence\kenya_public_finance_intelligence\data\raw\oag\oag_2019-20_county-assembly_county-assembly-of-nyeri-2019--2020.pdf,428.09,2026-06-13 11:58:25,ok
386,oag,https://www.oagkenya.go.ke/wp-content/uploads/2022/01/County-Assembly-of-Migori-2019-2020-.pdf#new_tab,C:\Users\user\Data_Science_Course\kenya_public_finance_intelligence\kenya_public_finance_intelligence\data\raw\oag\oag_2019-20_county-assembly_county-assembly-of-migori-2019--2020.pdf,434.23,2026-06-13 11:58:29,ok
387,oag,https://www.oagkenya.go.ke/wp-content/uploads/2022/01/County-Assembly-of-Migori-2019-2020-.pdf,C:\Users\user\Data_Science_Course\kenya_public_finance_intelligence\kenya_public_finance_intelligence\data\raw\oag\oag_2019-20_county-assembly_county-assembly-of-migori-2019--2020.pdf,434.23,2026-06-13 11:58:29,ok
388,oag,https://www.oagkenya.go.ke/wp-content/uploads/2022/01/County-Assembly-of-Mandera-2019-2020.pdf#new_tab,C:\Users\user\Data_Science_Course\kenya_public_finance_intelligence\kenya_public_finance_intelligence\data\raw\oag\oag_2019-20_county-assembly_county-assembly-of-mandera-2019--2020.pdf,510.64,2026-06-13 11:58:36,ok
389,oag,https://www.oagkenya.go.ke/wp-content/uploads/2022/01/County-Assembly-of-Mandera-2019-2020.pdf,C:\Users\user\Data_Science_Course\kenya_public_finance_intelligence\kenya_public_finance_intelligence\data\raw\oag\oag_2019-20_county-assembly_county-assembly-of-mandera-2019--2020.pdf,510.64,2026-06-13 11:58:36,ok
390,oag,https://www.oagkenya.go.ke/wp-content/uploads/2022/01/County-Assembly-of-Laikipia-2019-2020.pdf#new_tab,C:\Users\user\Data_Science_Course\kenya_public_finance_intelligence\kenya_public_finance_intelligence\data\raw\oag\oag_2019-20_county-assembly_county-assembly-of-laikipia-2019--2020.pdf,271.54,2026-06-13 11:58:39,ok
391,oag,https://www.oagkenya.go.ke/wp-content/uploads/2022/01/County-Assembly-of-Laikipia-2019-2020.pdf,C:\Users\user\Data_Science_Course\kenya_public_finance_intelligence\kenya_public_finance_intelligence\data\raw\oag\oag_2019-20_county-assembly_county-assembly-of-laikipia-2019--2020.pdf,271.54,2026-06-13 11:58:40,ok
392,oag,https://www.oagkenya.go.ke/wp-content/uploads/2022/01/County-Assembly-of-Kisumu-2019-2020-.pdf#new_tab,C:\Users\user\Data_Science_Course\kenya_public_finance_intelligence\kenya_public_finance_intelligence\data\raw\oag\oag_2019-20_county-assembly_county-assembly-of-kisumu-2019--2020.pdf,522.14,2026-06-13 11:58:46,ok
393,oag,https://www.oagkenya.go.ke/wp-content/uploads/2022/01/County-Assembly-of-Kisumu-2019-2020-.pdf,C:\Users\user\Data_Science_Course\kenya_public_finance_intelligence\kenya_public_finance_intelligence\data\raw\oag\oag_2019-20_county-assembly_county-assembly-of-kisumu-2019--2020.pdf,522.14,2026-06-13 11:58:47,ok
394,oag,https://www.oagkenya.go.ke/wp-content/uploads/2022/01/County-Assembly-of-Kiambu-2019-2020.pdf#new_tab,C:\Users\user\Data_Science_Course\kenya_public_finance_intelligence\kenya_public_finance_intelligence\data\raw\oag\oag_2019-20_county-assembly_county-assembly-of-kiambu-2019--2020.pdf,427.15,2026-06-13 11:58:49,ok
395,oag,https://www.oagkenya.go.ke/wp-content/uploads/2022/01/County-Assembly-of-Kiambu-2019-2020.pdf,C:\Users\user\Data_Science_Course\kenya_public_finance_intelligence\kenya_public_finance_intelligence\data\raw\oag\oag_2019-20_county-assembly_county-assembly-of-kiambu-2019--2020.pdf,427.15,2026-06-13 11:58:50,ok
396,oag,https://www.oagkenya.go.ke/wp-content/uploads/2022/01/County-Assembly-of-Nakuru-2019-2020.pdf#new_tab,C:\Users\user\Data_Science_Course\kenya_public_finance_intelligence\kenya_public_finance_intelligence\data\raw\oag\oag_2019-20_county-assembly_county-assembly-of-nakuru-2019-2020.pdf,635.32,2026-06-13 11:58:53,ok
397,oag,https://www.oagkenya.go.ke/wp-content/uploads/2022/01/County-Assembly-of-Nakuru-2019-2020.pdf,C:\Users\user\Data_Science_Course\kenya_public_finance_intelligence\kenya_public_finance_intelligence\data\raw\oag\oag_2019-20_county-assembly_county-assembly-of-nakuru-2019-2020.pdf,635.32,2026-06-13 11:58:53,ok
398,oag,https://www.oagkenya.go.ke/wp-content/uploads/2022/01/County-Assembly-of-Tana-River-2019-2020.pdf#new_tab,C:\Users\user\Data_Science_Course\kenya_public_finance_intelligence\kenya_public_finance_intelligence\data\raw\oag\oag_2019-20_county-assembly_county-assembly-of-tana-river-2019-2020.pdf,413.98,2026-06-13 11:58:57,ok
399,oag,https://www.oagkenya.go.ke/wp-content/uploads/2022/01/County-Assembly-of-Tana-River-2019-2020.pdf,C:\Users\user\Data_Science_Course\kenya_public_finance_intelligence\kenya_public_finance_intelligence\data\raw\oag\oag_2019-20_county-assembly_county-assembly-of-tana-river-2019-2020.pdf,413.98,2026-06-13 11:58:57,ok
400,oag,https://www.oagkenya.go.ke/wp-content/uploads/2022/01/County-Assembly-of-Kitui-2019-2020.pdf#new_tab,C:\Users\user\Data_Science_Course\kenya_public_finance_intelligence\kenya_public_finance_intelligence\data\raw\oag\oag_2019-20_county-assembly_county-assembly-of-kitui-2019-2020.pdf,435.79,2026-06-13 11:59:03,ok
401,oag,https://www.oagkenya.go.ke/wp-content/uploads/2022/01/County-Assembly-of-Kitui-2019-2020.pdf,C:\Users\user\Data_Science_Course\kenya_public_finance_intelligence\kenya_public_finance_intelligence\data\raw\oag\oag_2019-20_county-assembly_county-assembly-of-kitui-2019-2020.pdf,435.79,2026-06-13 11:59:03,ok
402,oag,https://www.oagkenya.go.ke/wp-content/uploads/2022/01/County-Assembly-of-Mombasa-2019-2020.pdf#new_tab,C:\Users\user\Data_Science_Course\kenya_public_finance_intelligence\kenya_public_finance_intelligence\data\raw\oag\oag_2019-20_county-assembly_county-assembly-of-mombasa-2019-2020.pdf,422.1,2026-06-13 11:59:07,ok
403,oag,https://www.oagkenya.go.ke/wp-content/uploads/2022/01/County-Assembly-of-Mombasa-2019-2020.pdf,C:\Users\user\Data_Science_Course\kenya_public_finance_intelligence\kenya_public_finance_intelligence\data\raw\oag\oag_2019-20_county-assembly_county-assembly-of-mombasa-2019-2020.pdf,422.1,2026-06-13 11:59:07,ok
404,oag,https://www.oagkenya.go.ke/wp-content/uploads/2022/01/County-Assembly-of-Busia-2019-2020.pdf#new_tab,C:\Users\user\Data_Science_Course\kenya_public_finance_intelligence\kenya_public_finance_intelligence\data\raw\oag\oag_2019-20_county-assembly_county-assembly-of-busia-2019-2020.pdf,1508.96,2026-06-13 11:59:19,ok
405,oag,https://www.oagkenya.go.ke/wp-content/uploads/2022/01/County-Assembly-of-Busia-2019-2020.pdf,C:\Users\user\Data_Science_Course\kenya_public_finance_intelligence\kenya_public_finance_intelligence\data\raw\oag\oag_2019-20_county-assembly_county-assembly-of-busia-2019-2020.pdf,1508.96,2026-06-13 11:59:19,ok
406,oag,https://www.oagkenya.go.ke/wp-content/uploads/2022/01/County-Assembly-of-Kajiado-2019-2020.pdf#new_tab,C:\Users\user\Data_Science_Course\kenya_public_finance_intelligence\kenya_public_finance_intelligence\data\raw\oag\oag_2019-20_county-assembly_county-assembly-of-kajiado-2019--2020.pdf,396.78,2026-06-13 11:59:23,ok
407,oag,https://www.oagkenya.go.ke/wp-content/uploads/2022/01/County-Assembly-of-Kajiado-2019-2020.pdf,C:\Users\user\Data_Science_Course\kenya_public_finance_intelligence\kenya_public_finance_intelligence\data\raw\oag\oag_2019-20_county-assembly_county-assembly-of-kajiado-2019--2020.pdf,396.78,2026-06-13 11:59:23,ok
408,oag,https://www.oagkenya.go.ke/wp-content/uploads/2022/01/County-Assembly-of-Kisii-2019-2020.pdf#new_tab,C:\Users\user\Data_Science_Course\kenya_public_finance_intelligence\kenya_public_finance_intelligence\data\raw\oag\oag_2019-20_county-assembly_county-assembly-of-kisii-2019-2020.pdf,511.25,2026-06-13 11:59:38,ok
409,oag,https://www.oagkenya.go.ke/wp-content/uploads/2022/01/County-Assembly-of-Kisii-2019-2020.pdf,C:\Users\user\Data_Science_Course\kenya_public_finance_intelligence\kenya_public_finance_intelligence\data\raw\oag\oag_2019-20_county-assembly_county-assembly-of-kisii-2019-2020.pdf,511.25,2026-06-13 11:59:38,ok
410,oag,https://www.oagkenya.go.ke/wp-content/uploads/2022/01/County-Assembly-of-Wajir-2019-2020-.pdf#new_tab,C:\Users\user\Data_Science_Course\kenya_public_finance_intelligence\kenya_public_finance_intelligence\data\raw\oag\oag_2019-20_county-assembly_county-assembly-of-wajir-2019--2020.pdf,428.49,2026-06-13 11:59:42,ok
411,oag,https://www.oagkenya.go.ke/wp-content/uploads/2022/01/County-Assembly-of-Wajir-2019-2020-.pdf,C:\Users\user\Data_Science_Course\kenya_public_finance_intelligence\kenya_public_finance_intelligence\data\raw\oag\oag_2019-20_county-assembly_county-assembly-of-wajir-2019--2020.pdf,428.49,2026-06-13 11:59:42,ok
412,oag,https://www.oagkenya.go.ke/wp-content/uploads/2022/01/County-Assembly-of-Turkana-2019-2020-.pdf#new_tab,C:\Users\user\Data_Science_Course\kenya_public_finance_intelligence\kenya_public_finance_intelligence\data\raw\oag\oag_2019-20_county-assembly_county-assembly-of-turkana-2019--2020.pdf,420.62,2026-06-13 11:59:55,ok
413,oag,https://www.oagkenya.go.ke/wp-content/uploads/2022/01/County-Assembly-of-Turkana-2019-2020-.pdf,C:\Users\user\Data_Science_Course\kenya_public_finance_intelligence\kenya_public_finance_intelligence\data\raw\oag\oag_2019-20_county-assembly_county-assembly-of-turkana-2019--2020.pdf,420.62,2026-06-13 11:59:55,ok
414,oag,https://www.oagkenya.go.ke/wp-content/uploads/2022/01/County-Assembly-of-Siaya-2019-2020.pdf#new_tab,C:\Users\user\Data_Science_Course\kenya_public_finance_intelligence\kenya_public_finance_intelligence\data\raw\oag\oag_2019-20_county-assembly_county-assembly-of-siaya-2019--2020.pdf,522.18,2026-06-13 12:00:02,ok
415,oag,https://www.oagkenya.go.ke/wp-content/uploads/2022/01/County-Assembly-of-Siaya-2019-2020.pdf,C:\Users\user\Data_Science_Course\kenya_public_finance_intelligence\kenya_public_finance_intelligence\data\raw\oag\oag_2019-20_county-assembly_county-assembly-of-siaya-2019--2020.pdf,522.18,2026-06-13 12:00:02,ok
416,oag,https://www.oagkenya.go.ke/wp-content/uploads/2022/01/County-Assembly-of-Vihiga-2019-2020.pdf#new_tab,C:\Users\user\Data_Science_Course\kenya_public_finance_intelligence\kenya_public_finance_intelligence\data\raw\oag\oag_2019-20_county-assembly_county-assembly-of-vihiga-2019--2020.pdf,519.55,2026-06-13 12:00:13,ok
417,oag,https://www.oagkenya.go.ke/wp-content/uploads/2022/01/County-Assembly-of-Vihiga-2019-2020.pdf,C:\Users\user\Data_Science_Course\kenya_public_finance_intelligence\kenya_public_finance_intelligence\data\raw\oag\oag_2019-20_county-assembly_county-assembly-of-vihiga-2019--2020.pdf,519.55,2026-06-13 12:00:13,ok
418,oag,https://www.oagkenya.go.ke/wp-content/uploads/2022/01/County-Assembly-of-Makueni-2019-2020.pdf#new_tab,C:\Users\user\Data_Science_Course\kenya_public_finance_intelligence\kenya_public_finance_intelligence\data\raw\oag\oag_2019-20_county-assembly_county-assembly-of-makueni-2019-2020.pdf,589.17,2026-06-13 12:00:17,ok
419,oag,https://www.oagkenya.go.ke/wp-content/uploads/2022/01/County-Assembly-of-Makueni-2019-2020.pdf,C:\Users\user\Data_Science_Course\kenya_public_finance_intelligence\kenya_public_finance_intelligence\data\raw\oag\oag_2019-20_county-assembly_county-assembly-of-makueni-2019-2020.pdf,589.17,2026-06-13 12:00:17,ok
420,oag,https://www.oagkenya.go.ke/wp-content/uploads/2022/01/County-Assembly-of-Garissa-2019-2020.pdf#new_tab,C:\Users\user\Data_Science_Course\kenya_public_finance_intelligence\kenya_public_finance_intelligence\data\raw\oag\oag_2019-20_county-assembly_county-assembly-of-garissa-2019--2020.pdf,403.41,2026-06-13 12:00:27,ok
421,oag,https://www.oagkenya.go.ke/wp-content/uploads/2022/01/County-Assembly-of-Garissa-2019-2020.pdf,C:\Users\user\Data_Science_Course\kenya_public_finance_intelligence\kenya_public_finance_intelligence\data\raw\oag\oag_2019-20_county-assembly_county-assembly-of-garissa-2019--2020.pdf,403.41,2026-06-13 12:00:27,ok
422,oag,https://www.oagkenya.go.ke/wp-content/uploads/2022/01/County-Assembly-of-Marsabit-2019-2020.pdf#new_tab,C:\Users\user\Data_Science_Course\kenya_public_finance_intelligence\kenya_public_finance_intelligence\data\raw\oag\oag_2019-20_county-assembly_county-assembly-of-marsabit-2019-2020.pdf,422.57,2026-06-13 12:00:39,ok
423,oag,https://www.oagkenya.go.ke/wp-content/uploads/2022/01/County-Assembly-of-Marsabit-2019-2020.pdf,C:\Users\user\Data_Science_Course\kenya_public_finance_intelligence\kenya_public_finance_intelligence\data\raw\oag\oag_2019-20_county-assembly_county-assembly-of-marsabit-2019-2020.pdf,422.57,2026-06-13 12:00:39,ok
424,oag,https://www.oagkenya.go.ke/wp-content/uploads/2022/01/County-Assembly-of-Bungoma-2019-2020.pdf#new_tab,C:\Users\user\Data_Science_Course\kenya_public_finance_intelligence\kenya_public_finance_intelligence\data\raw\oag\oag_2019-20_county-assembly_county-assembly-of-bungoma-2019--2020.pdf,501.2,2026-06-13 12:00:48,ok
425,oag,https://www.oagkenya.go.ke/wp-content/uploads/2022/01/County-Assembly-of-Bungoma-2019-2020.pdf,C:\Users\user\Data_Science_Course\kenya_public_finance_intelligence\kenya_public_finance_intelligence\data\raw\oag\oag_2019-20_county-assembly_county-assembly-of-bungoma-2019--2020.pdf,501.2,2026-06-13 12:00:48,ok
426,oag,https://www.oagkenya.go.ke/wp-content/uploads/2022/01/County-Assembly-of-Kilifi-2019-2020.pdf#new_tab,C:\Users\user\Data_Science_Course\kenya_public_finance_intelligence\kenya_public_finance_intelligence\data\raw\oag\oag_2019-20_county-assembly_county-assembly-of-kilifi-2019-2020.pdf,414.44,2026-06-13 12:00:51,ok
427,oag,https://www.oagkenya.go.ke/wp-content/uploads/2022/01/County-Assembly-of-Kilifi-2019-2020.pdf,C:\Users\user\Data_Science_Course\kenya_public_finance_intelligence\kenya_public_finance_intelligence\data\raw\oag\oag_2019-20_county-assembly_county-assembly-of-kilifi-2019-2020.pdf,414.44,2026-06-13 12:00:51,ok
428,oag,https://www.oagkenya.go.ke/wp-content/uploads/2022/01/County-Assembly-of-Samburu-2019-2020-.pdf#new_tab,C:\Users\user\Data_Science_Course\kenya_public_finance_intelligence\kenya_public_finance_intelligence\data\raw\oag\oag_2019-20_county-assembly_county-assembly-of-samburu-2019--2020.pdf,525.93,2026-06-13 12:00:54,ok
429,oag,https://www.oagkenya.go.ke/wp-content/uploads/2022/01/County-Assembly-of-Samburu-2019-2020-.pdf,C:\Users\user\Data_Science_Course\kenya_public_finance_intelligence\kenya_public_finance_intelligence\data\raw\oag\oag_2019-20_county-assembly_county-assembly-of-samburu-2019--2020.pdf,525.93,2026-06-13 12:00:54,ok
430,oag,https://www.oagkenya.go.ke/wp-content/uploads/2022/12/Trans-Nzoia-County-Youth-and-Women-Development-Fund-2018-2019.pdf#new_tab,C:\Users\user\Data_Science_Course\kenya_public_finance_intelligence\kenya_public_finance_intelligence\data\raw\oag\oag_2018-19_county-executive_trans-nzoia-county-youth-and-women-devel.pdf,201.65,2026-06-13 12:00:57,ok
431,oag,https://www.oagkenya.go.ke/wp-content/uploads/2022/12/Trans-Nzoia-County-Youth-and-Women-Development-Fund-2018-2019.pdf,C:\Users\user\Data_Science_Course\kenya_public_finance_intelligence\kenya_public_finance_intelligence\data\raw\oag\oag_2018-19_county-executive_trans-nzoia-county-youth-and-women-devel.pdf,201.65,2026-06-13 12:00:57,ok
432,oag,https://www.oagkenya.go.ke/wp-content/uploads/2022/12/Trans-Nzoia-County-Nawiri-Fund-2018-2019.pdf#new_tab,C:\Users\user\Data_Science_Course\kenya_public_finance_intelligence\kenya_public_finance_intelligence\data\raw\oag\oag_2018-19_county-executive_trans-nzoia-county-nawiri-fund-2018-2019.pdf,202.58,2026-06-13 12:01:00,ok
433,oag,https://www.oagkenya.go.ke/wp-content/uploads/2022/12/Trans-Nzoia-County-Nawiri-Fund-2018-2019.pdf,C:\Users\user\Data_Science_Course\kenya_public_finance_intelligence\kenya_public_finance_intelligence\data\raw\oag\oag_2018-19_county-executive_trans-nzoia-county-nawiri-fund-2018-2019.pdf,202.58,2026-06-13 12:01:00,ok
434,oag,https://www.oagkenya.go.ke/wp-content/uploads/2022/12/Trans-Nzoia-County-Executive-Car-Loan-and-Mortgage-Fund-2018-2019.pdf#new_tab,C:\Users\user\Data_Science_Course\kenya_public_finance_intelligence\kenya_public_finance_intelligence\data\raw\oag\oag_2018-19_county-executive_trans-nzoia-county-executive-car-loan-an.pdf,197.16,2026-06-13 12:01:04,ok
435,oag,https://www.oagkenya.go.ke/wp-content/uploads/2022/12/Trans-Nzoia-County-Executive-Car-Loan-and-Mortgage-Fund-2018-2019.pdf,C:\Users\user\Data_Science_Course\kenya_public_finance_intelligence\kenya_public_finance_intelligence\data\raw\oag\oag_2018-19_county-executive_trans-nzoia-county-executive-car-loan-an.pdf,197.16,2026-06-13 12:01:04,ok
436,oag,https://www.oagkenya.go.ke/wp-content/uploads/2022/12/Trans-Nzoia-County-Elimu-Bursary-Fund-2018-2019.pdf#new_tab,C:\Users\user\Data_Science_Course\kenya_public_finance_intelligence\kenya_public_finance_intelligence\data\raw\oag\oag_2018-19_county-executive_trans-nzoia-county-elimu-bursary-fund-20.pdf,199.03,2026-06-13 12:01:07,ok
437,oag,https://www.oagkenya.go.ke/wp-content/uploads/2022/12/Trans-Nzoia-County-Elimu-Bursary-Fund-2018-2019.pdf,C:\Users\user\Data_Science_Course\kenya_public_finance_intelligence\kenya_public_finance_intelligence\data\raw\oag\oag_2018-19_county-executive_trans-nzoia-county-elimu-bursary-fund-20.pdf,199.03,2026-06-13 12:01:07,ok
438,oag,https://www.oagkenya.go.ke/wp-content/uploads/2022/09/County-Assembly-of-Narok-2018-2019.pdf#new_tab,C:\Users\user\Data_Science_Course\kenya_public_finance_intelligence\kenya_public_finance_intelligence\data\raw\oag\oag_2018-19_county-assembly_county-assembly-of-narok-2018-2019.pdf,506.6,2026-06-13 12:01:16,ok
439,oag,https://www.oagkenya.go.ke/wp-content/uploads/2022/09/County-Assembly-of-Narok-2018-2019.pdf,C:\Users\user\Data_Science_Course\kenya_public_finance_intelligence\kenya_public_finance_intelligence\data\raw\oag\oag_2018-19_county-assembly_county-assembly-of-narok-2018-2019.pdf,506.6,2026-06-13 12:01:16,ok
440,oag,https://www.oagkenya.go.ke/wp-content/uploads/2022/09/County-Assembly-of-Nyamira-2018-2019.pdf#new_tab,C:\Users\user\Data_Science_Course\kenya_public_finance_intelligence\kenya_public_finance_intelligence\data\raw\oag\oag_2018-19_county-assembly_county-assembly-of-nyamira-2018--2019.pdf,515.77,2026-06-13 12:01:29,ok
441,oag,https://www.oagkenya.go.ke/wp-content/uploads/2022/09/County-Assembly-of-Nyamira-2018-2019.pdf,C:\Users\user\Data_Science_Course\kenya_public_finance_intelligence\kenya_public_finance_intelligence\data\raw\oag\oag_2018-19_county-assembly_county-assembly-of-nyamira-2018--2019.pdf,515.77,2026-06-13 12:01:29,ok
442,oag,https://www.oagkenya.go.ke/wp-content/uploads/2022/09/County-Assembly-of-Tharaka-Nithi-2018-2019.pdf#new_tab,C:\Users\user\Data_Science_Course\kenya_public_finance_intelligence\kenya_public_finance_intelligence\data\raw\oag\oag_2018-19_county-assembly_county-assembly-of-tharaka-nithi-2018--2.pdf,503.04,2026-06-13 12:01:43,ok
443,oag,https://www.oagkenya.go.ke/wp-content/uploads/2022/09/County-Assembly-of-Tharaka-Nithi-2018-2019.pdf,C:\Users\user\Data_Science_Course\kenya_public_finance_intelligence\kenya_public_finance_intelligence\data\raw\oag\oag_2018-19_county-assembly_county-assembly-of-tharaka-nithi-2018--2.pdf,503.04,2026-06-13 12:01:43,ok
444,oag,https://www.oagkenya.go.ke/wp-content/uploads/2022/09/County-Executive-of-Busia-2018-2019.pdf#new_tab,C:\Users\user\Data_Science_Course\kenya_public_finance_intelligence\kenya_public_finance_intelligence\data\raw\oag\oag_2018-19_county-executive_county-executive-of-busia-2018-2019.pdf,556.84,2026-06-13 12:01:50,ok
445,oag,https://www.oagkenya.go.ke/wp-content/uploads/2022/09/County-Executive-of-Busia-2018-2019.pdf,C:\Users\user\Data_Science_Course\kenya_public_finance_intelligence\kenya_public_finance_intelligence\data\raw\oag\oag_2018-19_county-executive_county-executive-of-busia-2018-2019.pdf,556.84,2026-06-13 12:01:50,ok
446,oag,https://www.oagkenya.go.ke/wp-content/uploads/2022/09/County-Executive-of-Siaya-2018-2019.pdf#new_tab,C:\Users\user\Data_Science_Course\kenya_public_finance_intelligence\kenya_public_finance_intelligence\data\raw\oag\oag_2018-19_county-executive_county-executive-of-siaya-2018--2019.pdf,507.01,2026-06-13 12:02:00,ok
447,oag,https://www.oagkenya.go.ke/wp-content/uploads/2022/09/County-Executive-of-Siaya-2018-2019.pdf,C:\Users\user\Data_Science_Course\kenya_public_finance_intelligence\kenya_public_finance_intelligence\data\raw\oag\oag_2018-19_county-executive_county-executive-of-siaya-2018--2019.pdf,507.01,2026-06-13 12:02:00,ok
448,oag,https://www.oagkenya.go.ke/wp-content/uploads/2022/09/County-Assembly-of-Trans-Nzoia-2018-2019.pdf#new_tab,C:\Users\user\Data_Science_Course\kenya_public_finance_intelligence\kenya_public_finance_intelligence\data\raw\oag\oag_2018-19_county-assembly_county-assembly-of-trans-nzoia-2018-2019.pdf,516.84,2026-06-13 12:02:05,ok
449,oag,https://www.oagkenya.go.ke/wp-content/uploads/2022/09/County-Assembly-of-Trans-Nzoia-2018-2019.pdf,C:\Users\user\Data_Science_Course\kenya_public_finance_intelligence\kenya_public_finance_intelligence\data\raw\oag\oag_2018-19_county-assembly_county-assembly-of-trans-nzoia-2018-2019.pdf,516.84,2026-06-13 12:02:05,ok
450,oag,https://www.oagkenya.go.ke/wp-content/uploads/2022/09/County-Assembly-of-Siaya-2018-2019.pdf#new_tab,C:\Users\user\Data_Science_Course\kenya_public_finance_intelligence\kenya_public_finance_intelligence\data\raw\oag\oag_2018-19_county-assembly_county-assembly-of-siaya-2018--2019.pdf,516.09,2026-06-13 12:02:09,ok
451,oag,https://www.oagkenya.go.ke/wp-content/uploads/2022/09/County-Assembly-of-Siaya-2018-2019.pdf,C:\Users\user\Data_Science_Course\kenya_public_finance_intelligence\kenya_public_finance_intelligence\data\raw\oag\oag_2018-19_county-assembly_county-assembly-of-siaya-2018--2019.pdf,516.09,2026-06-13 12:02:09,ok
452,oag,https://www.oagkenya.go.ke/wp-content/uploads/2022/09/County-Assembly-of-Kiambu-2018-2019.pdf#new_tab,C:\Users\user\Data_Science_Course\kenya_public_finance_intelligence\kenya_public_finance_intelligence\data\raw\oag\oag_2018-19_county-assembly_county-assembly-of-kiambu-2018-2019.pdf,515.38,2026-06-13 12:02:18,ok
453,oag,https://www.oagkenya.go.ke/wp-content/uploads/2022/09/County-Assembly-of-Kiambu-2018-2019.pdf,C:\Users\user\Data_Science_Course\kenya_public_finance_intelligence\kenya_public_finance_intelligence\data\raw\oag\oag_2018-19_county-assembly_county-assembly-of-kiambu-2018-2019.pdf,515.38,2026-06-13 12:02:18,ok
454,oag,https://www.oagkenya.go.ke/wp-content/uploads/2022/09/County-Assembly-of-Baringo-2018-2019.pdf#new_tab,C:\Users\user\Data_Science_Course\kenya_public_finance_intelligence\kenya_public_finance_intelligence\data\raw\oag\oag_2018-19_county-assembly_county-assembly-of-baringo-2018--2019.pdf,565.14,2026-06-13 12:02:27,ok
455,oag,https://www.oagkenya.go.ke/wp-content/uploads/2022/09/County-Assembly-of-Baringo-2018-2019.pdf,C:\Users\user\Data_Science_Course\kenya_public_finance_intelligence\kenya_public_finance_intelligence\data\raw\oag\oag_2018-19_county-assembly_county-assembly-of-baringo-2018--2019.pdf,565.14,2026-06-13 12:02:27,ok
456,oag,https://www.oagkenya.go.ke/wp-content/uploads/2022/03/REPORT-OF-THE-AUDITOR-GENERAL-FOR-THE-COUNTY-GOVERNMENTS-FOR-THE-YEAR-2018-2019-VOLUME-I-COUNTY-EXECUTIVES-2.pdf#new_tab,C:\Users\user\Data_Science_Course\kenya_public_finance_intelligence\kenya_public_finance_intelligence\data\raw\oag\oag_2018-19_county-executive_report-of-the-auditor-general-for-the-co.pdf,6696.58,2026-06-13 12:04:25,ok
457,oag,https://www.oagkenya.go.ke/wp-content/uploads/2022/03/REPORT-OF-THE-AUDITOR-GENERAL-FOR-THE-COUNTY-GOVERNMENTS-FOR-THE-YEAR-2018-2019-VOLUME-I-COUNTY-EXECUTIVES-2.pdf,C:\Users\user\Data_Science_Course\kenya_public_finance_intelligence\kenya_public_finance_intelligence\data\raw\oag\oag_2018-19_county-executive_report-of-the-auditor-general-for-the-co.pdf,6696.58,2026-06-13 12:04:26,ok
458,oag,https://www.oagkenya.go.ke/wp-content/uploads/2022/03/REPORT_OF_THE_AUDITOR-GENERAL_VOL_2_COUNTY_ASSEMBLIES-2018-2019.pdf#new_tab,C:\Users\user\Data_Science_Course\kenya_public_finance_intelligence\kenya_public_finance_intelligence\data\raw\oag\oag_2018-19_county-executive_report-of-the-auditor-general-for-the-co.pdf,6696.58,2026-06-13 12:04:26,ok
459,oag,https://www.oagkenya.go.ke/wp-content/uploads/2022/03/REPORT_OF_THE_AUDITOR-GENERAL_VOL_2_COUNTY_ASSEMBLIES-2018-2019.pdf,C:\Users\user\Data_Science_Course\kenya_public_finance_intelligence\kenya_public_finance_intelligence\data\raw\oag\oag_2018-19_county-executive_report-of-the-auditor-general-for-the-co.pdf,6696.58,2026-06-13 12:04:26,ok
460,oag,https://www.oagkenya.go.ke/wp-content/uploads/2021/11/County-Assembly-of-Kisii-2018-2019.pdf,C:\Users\user\Data_Science_Course\kenya_public_finance_intelligence\kenya_public_finance_intelligence\data\raw\oag\oag_2018-19_county-assembly_county-assembly-of-kisii-2018-2019.pdf,206.35,2026-06-13 12:04:29,ok
461,oag,https://www.oagkenya.go.ke/wp-content/uploads/2021/10/County-Executive-of-Mombasa-2018-2019.pdf#new_tab,C:\Users\user\Data_Science_Course\kenya_public_finance_intelligence\kenya_public_finance_intelligence\data\raw\oag\oag_2018-19_county-executive_county-executive-of-mombasa--2018-2019.pdf,235.71,2026-06-13 12:04:32,ok
462,oag,https://www.oagkenya.go.ke/wp-content/uploads/2021/09/County-Executive-of-West-Pokot-2018-2019.pdf#new_tab,C:\Users\user\Data_Science_Course\kenya_public_finance_intelligence\kenya_public_finance_intelligence\data\raw\oag\oag_2018-19_county-executive_county-executive-of-west-pokot-2018-2019.pdf,235.72,2026-06-13 12:04:34,ok
463,oag,https://www.oagkenya.go.ke/wp-content/uploads/2021/09/County-Executive-of-West-Pokot-2018-2019.pdf,C:\Users\user\Data_Science_Course\kenya_public_finance_intelligence\kenya_public_finance_intelligence\data\raw\oag\oag_2018-19_county-executive_county-executive-of-west-pokot-2018-2019.pdf,235.72,2026-06-13 12:04:34,ok
464,oag,https://www.oagkenya.go.ke/wp-content/uploads/2021/09/County-Executive-of-Wajir-2018-2019.pdf#new_tab,C:\Users\user\Data_Science_Course\kenya_public_finance_intelligence\kenya_public_finance_intelligence\data\raw\oag\oag_2018-19_county-executive_county-executive-of-wajir-2018-2019.pdf,289.62,2026-06-13 12:04:38,ok
465,oag,https://www.oagkenya.go.ke/wp-content/uploads/2021/09/County-Executive-of-Wajir-2018-2019.pdf,C:\Users\user\Data_Science_Course\kenya_public_finance_intelligence\kenya_public_finance_intelligence\data\raw\oag\oag_2018-19_county-executive_county-executive-of-wajir-2018-2019.pdf,289.62,2026-06-13 12:04:38,ok
466,oag,https://www.oagkenya.go.ke/wp-content/uploads/2021/09/County-Executive-of-Vihiga-2018-2019.pdf#new_tab,C:\Users\user\Data_Science_Course\kenya_public_finance_intelligence\kenya_public_finance_intelligence\data\raw\oag\oag_2018-19_county-executive_county-executive-of-vihiga-2018-2019.pdf,309.83,2026-06-13 12:04:41,ok
467,oag,https://www.oagkenya.go.ke/wp-content/uploads/2021/09/County-Executive-of-Vihiga-2018-2019.pdf,C:\Users\user\Data_Science_Course\kenya_public_finance_intelligence\kenya_public_finance_intelligence\data\raw\oag\oag_2018-19_county-executive_county-executive-of-vihiga-2018-2019.pdf,309.83,2026-06-13 12:04:41,ok
468,oag,https://www.oagkenya.go.ke/wp-content/uploads/2021/09/County-Executive-of-Uasin-Gishu-2018-2019.pdf#new_tab,C:\Users\user\Data_Science_Course\kenya_public_finance_intelligence\kenya_public_finance_intelligence\data\raw\oag\oag_2018-19_county-executive_county-executive-of-uasin-gishu-2018-201.pdf,320.03,2026-06-13 12:04:50,ok
469,oag,https://www.oagkenya.go.ke/wp-content/uploads/2021/09/County-Executive-of-Uasin-Gishu-2018-2019.pdf,C:\Users\user\Data_Science_Course\kenya_public_finance_intelligence\kenya_public_finance_intelligence\data\raw\oag\oag_2018-19_county-executive_county-executive-of-uasin-gishu-2018-201.pdf,320.03,2026-06-13 12:04:51,ok
470,oag,https://www.oagkenya.go.ke/wp-content/uploads/2021/09/County-Executive-of-Turkana-2018-2019.pdf#new_tab,C:\Users\user\Data_Science_Course\kenya_public_finance_intelligence\kenya_public_finance_intelligence\data\raw\oag\oag_2018-19_county-executive_county-executive-of-turkana-2018-2019.pdf,265.96,2026-06-13 12:04:56,ok
471,oag,https://www.oagkenya.go.ke/wp-content/uploads/2021/09/County-Executive-of-Turkana-2018-2019.pdf,C:\Users\user\Data_Science_Course\kenya_public_finance_intelligence\kenya_public_finance_intelligence\data\raw\oag\oag_2018-19_county-executive_county-executive-of-turkana-2018-2019.pdf,265.96,2026-06-13 12:04:56,ok
472,oag,https://www.oagkenya.go.ke/wp-content/uploads/2021/09/County-Executive-of-Trans-Nzoia-2018-2019.pdf#new_tab,C:\Users\user\Data_Science_Course\kenya_public_finance_intelligence\kenya_public_finance_intelligence\data\raw\oag\oag_2018-19_county-executive_county-executive-of-trans-nzoia-2018-201.pdf,286.26,2026-06-13 12:05:08,ok
473,oag,https://www.oagkenya.go.ke/wp-content/uploads/2021/09/County-Executive-of-Trans-Nzoia-2018-2019.pdf,C:\Users\user\Data_Science_Course\kenya_public_finance_intelligence\kenya_public_finance_intelligence\data\raw\oag\oag_2018-19_county-executive_county-executive-of-trans-nzoia-2018-201.pdf,286.26,2026-06-13 12:05:09,ok
474,oag,https://www.oagkenya.go.ke/wp-content/uploads/2021/09/County-Executive-of-Tharaka-nithi-2018-2019.pdf#new_tab,C:\Users\user\Data_Science_Course\kenya_public_finance_intelligence\kenya_public_finance_intelligence\data\raw\oag\oag_2018-19_county-executive_county-executive-of-tharaka-nithi-2018-2.pdf,258.69,2026-06-13 12:05:12,ok
475,oag,https://www.oagkenya.go.ke/wp-content/uploads/2021/09/County-Executive-of-Tharaka-nithi-2018-2019.pdf,C:\Users\user\Data_Science_Course\kenya_public_finance_intelligence\kenya_public_finance_intelligence\data\raw\oag\oag_2018-19_county-executive_county-executive-of-tharaka-nithi-2018-2.pdf,258.69,2026-06-13 12:05:12,ok
476,oag,https://www.oagkenya.go.ke/wp-content/uploads/2021/09/County-Executive-of-Tana-River-2018-2019.pdf#new_tab,C:\Users\user\Data_Science_Course\kenya_public_finance_intelligence\kenya_public_finance_intelligence\data\raw\oag\oag_2018-19_county-executive_county-executive-of-tana-river-2018-2019.pdf,275.66,2026-06-13 12:05:16,ok
477,oag,https://www.oagkenya.go.ke/wp-content/uploads/2021/09/County-Executive-of-Tana-River-2018-2019.pdf,C:\Users\user\Data_Science_Course\kenya_public_finance_intelligence\kenya_public_finance_intelligence\data\raw\oag\oag_2018-19_county-executive_county-executive-of-tana-river-2018-2019.pdf,275.66,2026-06-13 12:05:16,ok
478,oag,https://www.oagkenya.go.ke/wp-content/uploads/2021/09/County-Executive-of-Taita-Taveta-2018-2019.pdf#new_tab,C:\Users\user\Data_Science_Course\kenya_public_finance_intelligence\kenya_public_finance_intelligence\data\raw\oag\oag_2018-19_county-executive_county-executive-of-taita-taveta-2018-20.pdf,231.56,2026-06-13 12:05:30,ok
479,oag,https://www.oagkenya.go.ke/wp-content/uploads/2021/09/County-Executive-of-Taita-Taveta-2018-2019.pdf,C:\Users\user\Data_Science_Course\kenya_public_finance_intelligence\kenya_public_finance_intelligence\data\raw\oag\oag_2018-19_county-executive_county-executive-of-taita-taveta-2018-20.pdf,231.56,2026-06-13 12:05:30,ok
480,oag,https://www.oagkenya.go.ke/wp-content/uploads/2021/09/County-Executive-of-Nyeri-2018-2019.pdf#new_tab,C:\Users\user\Data_Science_Course\kenya_public_finance_intelligence\kenya_public_finance_intelligence\data\raw\oag\oag_2018-19_county-executive_county-executive-of-nyeri-2018-2019.pdf,255.6,2026-06-13 12:05:43,ok
481,oag,https://www.oagkenya.go.ke/wp-content/uploads/2021/09/County-Executive-of-Nyeri-2018-2019.pdf,C:\Users\user\Data_Science_Course\kenya_public_finance_intelligence\kenya_public_finance_intelligence\data\raw\oag\oag_2018-19_county-executive_county-executive-of-nyeri-2018-2019.pdf,255.6,2026-06-13 12:05:43,ok
482,oag,https://www.oagkenya.go.ke/wp-content/uploads/2021/09/County-Executive-of-Nyandarua-2018-2019.pdf#new_tab,C:\Users\user\Data_Science_Course\kenya_public_finance_intelligence\kenya_public_finance_intelligence\data\raw\oag\oag_2018-19_county-executive_county-executive-of-nyandarua-2018-2019.pdf,240.31,2026-06-13 12:05:48,ok
483,oag,https://www.oagkenya.go.ke/wp-content/uploads/2021/09/County-Executive-of-Nyandarua-2018-2019.pdf,C:\Users\user\Data_Science_Course\kenya_public_finance_intelligence\kenya_public_finance_intelligence\data\raw\oag\oag_2018-19_county-executive_county-executive-of-nyandarua-2018-2019.pdf,240.31,2026-06-13 12:05:48,ok
484,oag,https://www.oagkenya.go.ke/wp-content/uploads/2021/09/County-Executive-of-Nyamira-2018-2019.pdf#new_tab,C:\Users\user\Data_Science_Course\kenya_public_finance_intelligence\kenya_public_finance_intelligence\data\raw\oag\oag_2018-19_county-executive_county-executive-of-nyamira-2018-2019.pdf,248.37,2026-06-13 12:05:52,ok
485,oag,https://www.oagkenya.go.ke/wp-content/uploads/2021/09/County-Executive-of-Nyamira-2018-2019.pdf,C:\Users\user\Data_Science_Course\kenya_public_finance_intelligence\kenya_public_finance_intelligence\data\raw\oag\oag_2018-19_county-executive_county-executive-of-nyamira-2018-2019.pdf,248.37,2026-06-13 12:05:52,ok
486,oag,https://www.oagkenya.go.ke/wp-content/uploads/2021/09/County-Executive-of-Narok-2018-2019.pdf#new_tab,C:\Users\user\Data_Science_Course\kenya_public_finance_intelligence\kenya_public_finance_intelligence\data\raw\oag\oag_2018-19_county-executive_county-executive-of-narok-2018-2019.pdf,221.29,2026-06-13 12:05:55,ok
487,oag,https://www.oagkenya.go.ke/wp-content/uploads/2021/09/County-Executive-of-Narok-2018-2019.pdf,C:\Users\user\Data_Science_Course\kenya_public_finance_intelligence\kenya_public_finance_intelligence\data\raw\oag\oag_2018-19_county-executive_county-executive-of-narok-2018-2019.pdf,221.29,2026-06-13 12:05:55,ok
488,oag,https://www.oagkenya.go.ke/wp-content/uploads/2021/09/County-Executive-of-Nandi-2018-2019.pdf#new_tab,C:\Users\user\Data_Science_Course\kenya_public_finance_intelligence\kenya_public_finance_intelligence\data\raw\oag\oag_2018-19_county-executive_county-executive-of-nandi-2018-2019.pdf,242.84,2026-06-13 12:06:02,ok
489,oag,https://www.oagkenya.go.ke/wp-content/uploads/2021/09/County-Executive-of-Nandi-2018-2019.pdf,C:\Users\user\Data_Science_Course\kenya_public_finance_intelligence\kenya_public_finance_intelligence\data\raw\oag\oag_2018-19_county-executive_county-executive-of-nandi-2018-2019.pdf,242.84,2026-06-13 12:06:03,ok
490,oag,https://www.oagkenya.go.ke/wp-content/uploads/2021/09/County-Executive-of-Nakuru-2018-2019.pdf#new_tab,C:\Users\user\Data_Science_Course\kenya_public_finance_intelligence\kenya_public_finance_intelligence\data\raw\oag\oag_2018-19_county-executive_county-executive-of-nakuru-2018-2019.pdf,255.37,2026-06-13 12:06:10,ok
491,oag,https://www.oagkenya.go.ke/wp-content/uploads/2021/09/County-Executive-of-Nakuru-2018-2019.pdf,C:\Users\user\Data_Science_Course\kenya_public_finance_intelligence\kenya_public_finance_intelligence\data\raw\oag\oag_2018-19_county-executive_county-executive-of-nakuru-2018-2019.pdf,255.37,2026-06-13 12:06:11,ok
492,oag,https://www.oagkenya.go.ke/wp-content/uploads/2021/09/County-Executive-of-Muranga-2018-2019.pdf#new_tab,C:\Users\user\Data_Science_Course\kenya_public_finance_intelligence\kenya_public_finance_intelligence\data\raw\oag\oag_2018-19_county-executive_county-executive-of-muranga-2018-2019.pdf,334.7,2026-06-13 12:06:13,ok
493,oag,https://www.oagkenya.go.ke/wp-content/uploads/2021/09/County-Executive-of-Muranga-2018-2019.pdf,C:\Users\user\Data_Science_Course\kenya_public_finance_intelligence\kenya_public_finance_intelligence\data\raw\oag\oag_2018-19_county-executive_county-executive-of-muranga-2018-2019.pdf,334.7,2026-06-13 12:06:13,ok
494,oag,https://www.oagkenya.go.ke/wp-content/uploads/2021/09/County-Executive-of-Migori-2018-2019.pdf#new_tab,C:\Users\user\Data_Science_Course\kenya_public_finance_intelligence\kenya_public_finance_intelligence\data\raw\oag\oag_2018-19_county-executive_county-executive-of-migori-2018-2019.pdf,248.17,2026-06-13 12:06:16,ok
495,oag,https://www.oagkenya.go.ke/wp-content/uploads/2021/09/County-Executive-of-Migori-2018-2019.pdf,C:\Users\user\Data_Science_Course\kenya_public_finance_intelligence\kenya_public_finance_intelligence\data\raw\oag\oag_2018-19_county-executive_county-executive-of-migori-2018-2019.pdf,248.17,2026-06-13 12:06:16,ok
496,oag,https://www.oagkenya.go.ke/wp-content/uploads/2021/09/County-Executive-of-Meru-2018-2019.pdf#new_tab,C:\Users\user\Data_Science_Course\kenya_public_finance_intelligence\kenya_public_finance_intelligence\data\raw\oag\oag_2018-19_county-executive_county-executive-of-meru-2018-2019.pdf,254.4,2026-06-13 12:06:21,ok
497,oag,https://www.oagkenya.go.ke/wp-content/uploads/2021/09/County-Executive-of-Meru-2018-2019.pdf,C:\Users\user\Data_Science_Course\kenya_public_finance_intelligence\kenya_public_finance_intelligence\data\raw\oag\oag_2018-19_county-executive_county-executive-of-meru-2018-2019.pdf,254.4,2026-06-13 12:06:21,ok
498,oag,https://www.oagkenya.go.ke/wp-content/uploads/2021/09/County-Executive-of-Marsabit-2018-2019.pdf#new_tab,C:\Users\user\Data_Science_Course\kenya_public_finance_intelligence\kenya_public_finance_intelligence\data\raw\oag\oag_2018-19_county-executive_county-executive-of-marsabit-2018-2019.pdf,223.89,2026-06-13 12:06:26,ok
499,oag,https://www.oagkenya.go.ke/wp-content/uploads/2021/09/County-Executive-of-Marsabit-2018-2019.pdf,C:\Users\user\Data_Science_Course\kenya_public_finance_intelligence\kenya_public_finance_intelligence\data\raw\oag\oag_2018-19_county-executive_county-executive-of-marsabit-2018-2019.pdf,223.89,2026-06-13 12:06:26,ok
500,oag,https://www.oagkenya.go.ke/wp-content/uploads/2021/09/County-Executive-of-Mandera-2018-2019.pdf#new_tab,C:\Users\user\Data_Science_Course\kenya_public_finance_intelligence\kenya_public_finance_intelligence\data\raw\oag\oag_2018-19_county-executive_county-executive-of-mandera-2018-2019.pdf,262.14,2026-06-13 12:06:31,ok
501,oag,https://www.oagkenya.go.ke/wp-content/uploads/2021/09/County-Executive-of-Mandera-2018-2019.pdf,C:\Users\user\Data_Science_Course\kenya_public_finance_intelligence\kenya_public_finance_intelligence\data\raw\oag\oag_2018-19_county-executive_county-executive-of-mandera-2018-2019.pdf,262.14,2026-06-13 12:06:31,ok
502,oag,https://www.oagkenya.go.ke/wp-content/uploads/2021/09/County-Executive-of-Makueni-2018-2019.pdf#new_tab,C:\Users\user\Data_Science_Course\kenya_public_finance_intelligence\kenya_public_finance_intelligence\data\raw\oag\oag_2018-19_county-executive_county-executive-of-makueni-2018-2019.pdf,246.77,2026-06-13 12:06:34,ok
503,oag,https://www.oagkenya.go.ke/wp-content/uploads/2021/09/County-Executive-of-Makueni-2018-2019.pdf,C:\Users\user\Data_Science_Course\kenya_public_finance_intelligence\kenya_public_finance_intelligence\data\raw\oag\oag_2018-19_county-executive_county-executive-of-makueni-2018-2019.pdf,246.77,2026-06-13 12:06:35,ok
504,oag,https://www.oagkenya.go.ke/wp-content/uploads/2021/09/County-Executive-of-Machakos-2018-2019.pdf#new_tab,C:\Users\user\Data_Science_Course\kenya_public_finance_intelligence\kenya_public_finance_intelligence\data\raw\oag\oag_2018-19_county-executive_county-executive-of-machakos-2018-2019.pdf,252.77,2026-06-13 12:06:37,ok
505,oag,https://www.oagkenya.go.ke/wp-content/uploads/2021/09/County-Executive-of-Machakos-2018-2019.pdf,C:\Users\user\Data_Science_Course\kenya_public_finance_intelligence\kenya_public_finance_intelligence\data\raw\oag\oag_2018-19_county-executive_county-executive-of-machakos-2018-2019.pdf,252.77,2026-06-13 12:06:38,ok
506,oag,https://www.oagkenya.go.ke/wp-content/uploads/2021/09/County-Executive-of-Lamu-2018-2019.pdf#new_tab,C:\Users\user\Data_Science_Course\kenya_public_finance_intelligence\kenya_public_finance_intelligence\data\raw\oag\oag_2018-19_county-executive_county-executive-of-lamu-2018-2019.pdf,237.95,2026-06-13 12:06:48,ok
507,oag,https://www.oagkenya.go.ke/wp-content/uploads/2021/09/County-Executive-of-Lamu-2018-2019.pdf,C:\Users\user\Data_Science_Course\kenya_public_finance_intelligence\kenya_public_finance_intelligence\data\raw\oag\oag_2018-19_county-executive_county-executive-of-lamu-2018-2019.pdf,237.95,2026-06-13 12:06:48,ok
508,oag,https://www.oagkenya.go.ke/wp-content/uploads/2021/09/County-Executive-of-Laikipia-2018-2019.pdf#new_tab,C:\Users\user\Data_Science_Course\kenya_public_finance_intelligence\kenya_public_finance_intelligence\data\raw\oag\oag_2018-19_county-executive_county-executive-of-laikipia-2018-2019.pdf,218.05,2026-06-13 12:06:51,ok
509,oag,https://www.oagkenya.go.ke/wp-content/uploads/2021/09/County-Executive-of-Laikipia-2018-2019.pdf,C:\Users\user\Data_Science_Course\kenya_public_finance_intelligence\kenya_public_finance_intelligence\data\raw\oag\oag_2018-19_county-executive_county-executive-of-laikipia-2018-2019.pdf,218.05,2026-06-13 12:06:51,ok
510,oag,https://www.oagkenya.go.ke/wp-content/uploads/2021/09/County-Executive-of-Kwale-2018-2019.pdf#new_tab,C:\Users\user\Data_Science_Course\kenya_public_finance_intelligence\kenya_public_finance_intelligence\data\raw\oag\oag_2018-19_county-executive_county-executive-of-kwale-2018-2019.pdf,260.43,2026-06-13 12:07:00,ok
511,oag,https://www.oagkenya.go.ke/wp-content/uploads/2021/09/County-Executive-of-Kwale-2018-2019.pdf,C:\Users\user\Data_Science_Course\kenya_public_finance_intelligence\kenya_public_finance_intelligence\data\raw\oag\oag_2018-19_county-executive_county-executive-of-kwale-2018-2019.pdf,260.43,2026-06-13 12:07:00,ok
512,oag,https://www.oagkenya.go.ke/wp-content/uploads/2021/09/County-Executive-of-Kitui-2018-2019.pdf#new_tab,C:\Users\user\Data_Science_Course\kenya_public_finance_intelligence\kenya_public_finance_intelligence\data\raw\oag\oag_2018-19_county-executive_county-executive-of-kitui-2018-2019.pdf,228.01,2026-06-13 12:07:04,ok
513,oag,https://www.oagkenya.go.ke/wp-content/uploads/2021/09/County-Executive-of-Kitui-2018-2019.pdf,C:\Users\user\Data_Science_Course\kenya_public_finance_intelligence\kenya_public_finance_intelligence\data\raw\oag\oag_2018-19_county-executive_county-executive-of-kitui-2018-2019.pdf,228.01,2026-06-13 12:07:04,ok
514,oag,https://www.oagkenya.go.ke/wp-content/uploads/2021/09/County-Executive-of-Kisumu-2018-2019.pdf#new_tab,C:\Users\user\Data_Science_Course\kenya_public_finance_intelligence\kenya_public_finance_intelligence\data\raw\oag\oag_2018-19_county-executive_county-executive-of-kisumu-2018-2019.pdf,315.83,2026-06-13 12:07:09,ok
515,oag,https://www.oagkenya.go.ke/wp-content/uploads/2021/09/County-Executive-of-Kisumu-2018-2019.pdf,C:\Users\user\Data_Science_Course\kenya_public_finance_intelligence\kenya_public_finance_intelligence\data\raw\oag\oag_2018-19_county-executive_county-executive-of-kisumu-2018-2019.pdf,315.83,2026-06-13 12:07:09,ok
516,oag,https://www.oagkenya.go.ke/wp-content/uploads/2021/09/County-Executive-of-Kisii-2018-2019.pdf#new_tab,C:\Users\user\Data_Science_Course\kenya_public_finance_intelligence\kenya_public_finance_intelligence\data\raw\oag\oag_2018-19_county-executive_county-executive-of-kisii-2018-2019.pdf,242.39,2026-06-13 12:07:16,ok
517,oag,https://www.oagkenya.go.ke/wp-content/uploads/2021/09/County-Executive-of-Kisii-2018-2019.pdf,C:\Users\user\Data_Science_Course\kenya_public_finance_intelligence\kenya_public_finance_intelligence\data\raw\oag\oag_2018-19_county-executive_county-executive-of-kisii-2018-2019.pdf,242.39,2026-06-13 12:07:16,ok
518,oag,https://www.oagkenya.go.ke/wp-content/uploads/2021/09/County-Executive-of-Kirinyaga-2018-2019.pdf#new_tab,C:\Users\user\Data_Science_Course\kenya_public_finance_intelligence\kenya_public_finance_intelligence\data\raw\oag\oag_2018-19_county-executive_county-executive-of-kirinyaga-2018-2019.pdf,288.9,2026-06-13 12:07:24,ok
519,oag,https://www.oagkenya.go.ke/wp-content/uploads/2021/09/County-Executive-of-Kirinyaga-2018-2019.pdf,C:\Users\user\Data_Science_Course\kenya_public_finance_intelligence\kenya_public_finance_intelligence\data\raw\oag\oag_2018-19_county-executive_county-executive-of-kirinyaga-2018-2019.pdf,288.9,2026-06-13 12:07:24,ok
520,oag,https://www.oagkenya.go.ke/wp-content/uploads/2021/09/County-Executive-of-Kilifi-2018-2019.pdf#new_tab,C:\Users\user\Data_Science_Course\kenya_public_finance_intelligence\kenya_public_finance_intelligence\data\raw\oag\oag_2018-19_county-executive_county-executive-of-kilifi-2018-2019.pdf,259.31,2026-06-13 12:07:33,ok
521,oag,https://www.oagkenya.go.ke/wp-content/uploads/2021/09/County-Executive-of-Kilifi-2018-2019.pdf,C:\Users\user\Data_Science_Course\kenya_public_finance_intelligence\kenya_public_finance_intelligence\data\raw\oag\oag_2018-19_county-executive_county-executive-of-kilifi-2018-2019.pdf,259.31,2026-06-13 12:07:33,ok
522,oag,https://www.oagkenya.go.ke/wp-content/uploads/2021/09/County-Executive-of-Kiambu-2018-2019.pdf#new_tab,C:\Users\user\Data_Science_Course\kenya_public_finance_intelligence\kenya_public_finance_intelligence\data\raw\oag\oag_2018-19_county-executive_county-executive-of-kiambu-2018-2019.pdf,533.76,2026-06-13 12:07:54,ok
523,oag,https://www.oagkenya.go.ke/wp-content/uploads/2021/09/County-Executive-of-Kiambu-2018-2019.pdf,C:\Users\user\Data_Science_Course\kenya_public_finance_intelligence\kenya_public_finance_intelligence\data\raw\oag\oag_2018-19_county-executive_county-executive-of-kiambu-2018-2019.pdf,533.76,2026-06-13 12:07:54,ok
524,oag,https://www.oagkenya.go.ke/wp-content/uploads/2021/09/County-Executive-of-Kericho-2018-2019.pdf#new_tab,C:\Users\user\Data_Science_Course\kenya_public_finance_intelligence\kenya_public_finance_intelligence\data\raw\oag\oag_2018-19_county-executive_county-executive-of-kericho-2018-2019.pdf,306.54,2026-06-13 12:07:58,ok
525,oag,https://www.oagkenya.go.ke/wp-content/uploads/2021/09/County-Executive-of-Kericho-2018-2019.pdf,C:\Users\user\Data_Science_Course\kenya_public_finance_intelligence\kenya_public_finance_intelligence\data\raw\oag\oag_2018-19_county-executive_county-executive-of-kericho-2018-2019.pdf,306.54,2026-06-13 12:07:59,ok
526,oag,https://www.oagkenya.go.ke/wp-content/uploads/2021/09/County-Executive-of-Kakamega-2018-2019.pdf#new_tab,C:\Users\user\Data_Science_Course\kenya_public_finance_intelligence\kenya_public_finance_intelligence\data\raw\oag\oag_2018-19_county-executive_county-executive-of-kakamega-2018-2019.pdf,358.19,2026-06-13 12:08:09,ok
527,oag,https://www.oagkenya.go.ke/wp-content/uploads/2021/09/County-Executive-of-Kakamega-2018-2019.pdf,C:\Users\user\Data_Science_Course\kenya_public_finance_intelligence\kenya_public_finance_intelligence\data\raw\oag\oag_2018-19_county-executive_county-executive-of-kakamega-2018-2019.pdf,358.19,2026-06-13 12:08:09,ok
528,oag,https://www.oagkenya.go.ke/wp-content/uploads/2021/09/County-Executive-of-Kajiado-2018-2019.pdf#new_tab,C:\Users\user\Data_Science_Course\kenya_public_finance_intelligence\kenya_public_finance_intelligence\data\raw\oag\oag_2018-19_county-executive_county-executive-of-kajiado-2018-2019.pdf,308.47,2026-06-13 12:08:14,ok
529,oag,https://www.oagkenya.go.ke/wp-content/uploads/2021/09/County-Executive-of-Kajiado-2018-2019.pdf,C:\Users\user\Data_Science_Course\kenya_public_finance_intelligence\kenya_public_finance_intelligence\data\raw\oag\oag_2018-19_county-executive_county-executive-of-kajiado-2018-2019.pdf,308.47,2026-06-13 12:08:14,ok
530,oag,https://www.oagkenya.go.ke/wp-content/uploads/2021/09/County-Assembly-of-West-Pokot-2018-2019.pdf#new_tab,C:\Users\user\Data_Science_Course\kenya_public_finance_intelligence\kenya_public_finance_intelligence\data\raw\oag\oag_2018-19_county-assembly_county-assembly-of-west-pokot-2018-2019.pdf,230.2,2026-06-13 12:08:23,ok
531,oag,https://www.oagkenya.go.ke/wp-content/uploads/2021/09/County-Assembly-of-West-Pokot-2018-2019.pdf,C:\Users\user\Data_Science_Course\kenya_public_finance_intelligence\kenya_public_finance_intelligence\data\raw\oag\oag_2018-19_county-assembly_county-assembly-of-west-pokot-2018-2019.pdf,230.2,2026-06-13 12:08:23,ok
532,oag,https://www.oagkenya.go.ke/wp-content/uploads/2021/09/County-Assembly-of-Wajir-2018-2019.pdf#new_tab,C:\Users\user\Data_Science_Course\kenya_public_finance_intelligence\kenya_public_finance_intelligence\data\raw\oag\oag_2018-19_county-assembly_county-assembly-of-wajir-2018-2019.pdf,213.12,2026-06-13 12:08:27,ok
533,oag,https://www.oagkenya.go.ke/wp-content/uploads/2021/09/County-Assembly-of-Wajir-2018-2019.pdf,C:\Users\user\Data_Science_Course\kenya_public_finance_intelligence\kenya_public_finance_intelligence\data\raw\oag\oag_2018-19_county-assembly_county-assembly-of-wajir-2018-2019.pdf,213.12,2026-06-13 12:08:27,ok
534,oag,https://www.oagkenya.go.ke/wp-content/uploads/2021/09/County-Assembly-of-Vihiga-2018-2019.pdf#new_tab,C:\Users\user\Data_Science_Course\kenya_public_finance_intelligence\kenya_public_finance_intelligence\data\raw\oag\oag_2018-19_county-assembly_county-assembly-of-vihiga-2018-2019.pdf,142.56,2026-06-13 12:08:31,ok
535,oag,https://www.oagkenya.go.ke/wp-content/uploads/2021/09/County-Assembly-of-Vihiga-2018-2019.pdf,C:\Users\user\Data_Science_Course\kenya_public_finance_intelligence\kenya_public_finance_intelligence\data\raw\oag\oag_2018-19_county-assembly_county-assembly-of-vihiga-2018-2019.pdf,142.56,2026-06-13 12:08:31,ok
536,oag,https://www.oagkenya.go.ke/wp-content/uploads/2021/09/County-Assembly-of-Uasin-Gishu-2018-2019.pdf#new_tab,C:\Users\user\Data_Science_Course\kenya_public_finance_intelligence\kenya_public_finance_intelligence\data\raw\oag\oag_2018-19_county-assembly_county-assembly-of-uasin-gishu-2018-2019.pdf,212.0,2026-06-13 12:08:40,ok
537,oag,https://www.oagkenya.go.ke/wp-content/uploads/2021/09/County-Assembly-of-Uasin-Gishu-2018-2019.pdf,C:\Users\user\Data_Science_Course\kenya_public_finance_intelligence\kenya_public_finance_intelligence\data\raw\oag\oag_2018-19_county-assembly_county-assembly-of-uasin-gishu-2018-2019.pdf,212.0,2026-06-13 12:08:40,ok
538,oag,https://www.oagkenya.go.ke/wp-content/uploads/2021/09/County-Assembly-of-Turkana-2018-2019.pdf#new_tab,C:\Users\user\Data_Science_Course\kenya_public_finance_intelligence\kenya_public_finance_intelligence\data\raw\oag\oag_2018-19_county-assembly_county-assembly-of-turkana-2018-2019.pdf,254.09,2026-06-13 12:08:48,ok
539,oag,https://www.oagkenya.go.ke/wp-content/uploads/2021/09/County-Assembly-of-Turkana-2018-2019.pdf,C:\Users\user\Data_Science_Course\kenya_public_finance_intelligence\kenya_public_finance_intelligence\data\raw\oag\oag_2018-19_county-assembly_county-assembly-of-turkana-2018-2019.pdf,254.09,2026-06-13 12:08:48,ok
540,oag,https://www.oagkenya.go.ke/wp-content/uploads/2021/09/County-Assembly-of-Tana-River-2018-2019.pdf#new_tab,C:\Users\user\Data_Science_Course\kenya_public_finance_intelligence\kenya_public_finance_intelligence\data\raw\oag\oag_2018-19_county-assembly_county-assembly-of-tana-river-2018-2019.pdf,231.64,2026-06-13 12:09:00,ok
541,oag,https://www.oagkenya.go.ke/wp-content/uploads/2021/09/County-Assembly-of-Tana-River-2018-2019.pdf,C:\Users\user\Data_Science_Course\kenya_public_finance_intelligence\kenya_public_finance_intelligence\data\raw\oag\oag_2018-19_county-assembly_county-assembly-of-tana-river-2018-2019.pdf,231.64,2026-06-13 12:09:00,ok
542,oag,https://www.oagkenya.go.ke/wp-content/uploads/2021/09/County-Assembly-of-Taita-Taveta-2018-2019.pdf#new_tab,C:\Users\user\Data_Science_Course\kenya_public_finance_intelligence\kenya_public_finance_intelligence\data\raw\oag\oag_2018-19_county-assembly_county-assembly-of-taita-taveta-2018-201.pdf,207.19,2026-06-13 12:09:06,ok
543,oag,https://www.oagkenya.go.ke/wp-content/uploads/2021/09/County-Assembly-of-Taita-Taveta-2018-2019.pdf,C:\Users\user\Data_Science_Course\kenya_public_finance_intelligence\kenya_public_finance_intelligence\data\raw\oag\oag_2018-19_county-assembly_county-assembly-of-taita-taveta-2018-201.pdf,207.19,2026-06-13 12:09:06,ok
544,oag,https://www.oagkenya.go.ke/wp-content/uploads/2021/09/County-Assembly-of-Samburu-2018-2019.pdf#new_tab,C:\Users\user\Data_Science_Course\kenya_public_finance_intelligence\kenya_public_finance_intelligence\data\raw\oag\oag_2018-19_county-assembly_county-assembly-of-samburu-2018-2019.pdf,214.04,2026-06-13 12:09:11,ok
545,oag,https://www.oagkenya.go.ke/wp-content/uploads/2021/09/County-Assembly-of-Samburu-2018-2019.pdf,C:\Users\user\Data_Science_Course\kenya_public_finance_intelligence\kenya_public_finance_intelligence\data\raw\oag\oag_2018-19_county-assembly_county-assembly-of-samburu-2018-2019.pdf,214.04,2026-06-13 12:09:11,ok
546,oag,https://www.oagkenya.go.ke/wp-content/uploads/2021/09/County-Assembly-of-Nyeri-2018-2019.pdf#new_tab,C:\Users\user\Data_Science_Course\kenya_public_finance_intelligence\kenya_public_finance_intelligence\data\raw\oag\oag_2018-19_county-assembly_county-assembly-of-nyeri-2018-2019.pdf,229.23,2026-06-13 12:09:17,ok
547,oag,https://www.oagkenya.go.ke/wp-content/uploads/2021/09/County-Assembly-of-Nyeri-2018-2019.pdf,C:\Users\user\Data_Science_Course\kenya_public_finance_intelligence\kenya_public_finance_intelligence\data\raw\oag\oag_2018-19_county-assembly_county-assembly-of-nyeri-2018-2019.pdf,229.23,2026-06-13 12:09:17,ok
548,oag,https://www.oagkenya.go.ke/wp-content/uploads/2021/09/County-Assembly-of-Nyandarua-2018-2019.pdf#new_tab,C:\Users\user\Data_Science_Course\kenya_public_finance_intelligence\kenya_public_finance_intelligence\data\raw\oag\oag_2018-19_county-assembly_county-assembly-of-nyandarua-2018-2019.pdf,174.12,2026-06-13 12:09:21,ok
549,oag,https://www.oagkenya.go.ke/wp-content/uploads/2021/09/County-Assembly-of-Nyandarua-2018-2019.pdf,C:\Users\user\Data_Science_Course\kenya_public_finance_intelligence\kenya_public_finance_intelligence\data\raw\oag\oag_2018-19_county-assembly_county-assembly-of-nyandarua-2018-2019.pdf,174.12,2026-06-13 12:09:21,ok
550,oag,https://www.oagkenya.go.ke/wp-content/uploads/2021/09/County-Assembly-of-Nandi-2018-2019.pdf#new_tab,C:\Users\user\Data_Science_Course\kenya_public_finance_intelligence\kenya_public_finance_intelligence\data\raw\oag\oag_2018-19_county-assembly_county-assembly-of-nandi-2018-2019.pdf,204.51,2026-06-13 12:09:28,ok
551,oag,https://www.oagkenya.go.ke/wp-content/uploads/2021/09/County-Assembly-of-Nandi-2018-2019.pdf,C:\Users\user\Data_Science_Course\kenya_public_finance_intelligence\kenya_public_finance_intelligence\data\raw\oag\oag_2018-19_county-assembly_county-assembly-of-nandi-2018-2019.pdf,204.51,2026-06-13 12:09:28,ok
552,oag,https://www.oagkenya.go.ke/wp-content/uploads/2021/09/County-Assembly-of-Nakuru-2018-2019.pdf#new_tab,C:\Users\user\Data_Science_Course\kenya_public_finance_intelligence\kenya_public_finance_intelligence\data\raw\oag\oag_2018-19_county-assembly_county-assembly-of-nakuru-2018-2019.pdf,228.18,2026-06-13 12:09:33,ok
553,oag,https://www.oagkenya.go.ke/wp-content/uploads/2021/09/County-Assembly-of-Nakuru-2018-2019.pdf,C:\Users\user\Data_Science_Course\kenya_public_finance_intelligence\kenya_public_finance_intelligence\data\raw\oag\oag_2018-19_county-assembly_county-assembly-of-nakuru-2018-2019.pdf,228.18,2026-06-13 12:09:33,ok
554,oag,https://www.oagkenya.go.ke/wp-content/uploads/2021/09/County-Assembly-of-Nairobi-2018-2019.pdf#new_tab,C:\Users\user\Data_Science_Course\kenya_public_finance_intelligence\kenya_public_finance_intelligence\data\raw\oag\oag_2018-19_county-assembly_county-assembly-of-nairobi-2018-2019.pdf,218.18,2026-06-13 12:09:36,ok
555,oag,https://www.oagkenya.go.ke/wp-content/uploads/2021/09/County-Assembly-of-Nairobi-2018-2019.pdf,C:\Users\user\Data_Science_Course\kenya_public_finance_intelligence\kenya_public_finance_intelligence\data\raw\oag\oag_2018-19_county-assembly_county-assembly-of-nairobi-2018-2019.pdf,218.18,2026-06-13 12:09:36,ok
556,oag,https://www.oagkenya.go.ke/wp-content/uploads/2021/09/County-Assembly-of-Muranga-2018-2019.pdf#new_tab,C:\Users\user\Data_Science_Course\kenya_public_finance_intelligence\kenya_public_finance_intelligence\data\raw\oag\oag_2018-19_county-assembly_county-assembly-of-muranga-2018-2019.pdf,245.17,2026-06-13 12:09:45,ok
557,oag,https://www.oagkenya.go.ke/wp-content/uploads/2021/09/County-Assembly-of-Muranga-2018-2019.pdf,C:\Users\user\Data_Science_Course\kenya_public_finance_intelligence\kenya_public_finance_intelligence\data\raw\oag\oag_2018-19_county-assembly_county-assembly-of-muranga-2018-2019.pdf,245.17,2026-06-13 12:09:45,ok
558,oag,https://www.oagkenya.go.ke/wp-content/uploads/2021/09/County-Assembly-of-Mombasa-2018-2019.pdf#new_tab,C:\Users\user\Data_Science_Course\kenya_public_finance_intelligence\kenya_public_finance_intelligence\data\raw\oag\oag_2018-19_county-assembly_county-assembly-of-mombasa-2018-2019.pdf,225.18,2026-06-13 12:09:50,ok
559,oag,https://www.oagkenya.go.ke/wp-content/uploads/2021/09/County-Assembly-of-Mombasa-2018-2019.pdf,C:\Users\user\Data_Science_Course\kenya_public_finance_intelligence\kenya_public_finance_intelligence\data\raw\oag\oag_2018-19_county-assembly_county-assembly-of-mombasa-2018-2019.pdf,225.18,2026-06-13 12:09:50,ok
560,oag,https://www.oagkenya.go.ke/wp-content/uploads/2021/09/County-Assembly-of-Migori-2018-2019.pdf#new_tab,C:\Users\user\Data_Science_Course\kenya_public_finance_intelligence\kenya_public_finance_intelligence\data\raw\oag\oag_2018-19_county-assembly_county-assembly-of-migori-2018-2019.pdf,231.75,2026-06-13 12:09:53,ok
561,oag,https://www.oagkenya.go.ke/wp-content/uploads/2021/09/County-Assembly-of-Migori-2018-2019.pdf,C:\Users\user\Data_Science_Course\kenya_public_finance_intelligence\kenya_public_finance_intelligence\data\raw\oag\oag_2018-19_county-assembly_county-assembly-of-migori-2018-2019.pdf,231.75,2026-06-13 12:09:53,ok
562,oag,https://www.oagkenya.go.ke/wp-content/uploads/2021/09/County-Assembly-of-Meru-2018-2019.pdf#new_tab,C:\Users\user\Data_Science_Course\kenya_public_finance_intelligence\kenya_public_finance_intelligence\data\raw\oag\oag_2018-19_county-assembly_county-assembly-of-meru-2018-2019.pdf,227.89,2026-06-13 12:09:57,ok
563,oag,https://www.oagkenya.go.ke/wp-content/uploads/2021/09/County-Assembly-of-Meru-2018-2019.pdf,C:\Users\user\Data_Science_Course\kenya_public_finance_intelligence\kenya_public_finance_intelligence\data\raw\oag\oag_2018-19_county-assembly_county-assembly-of-meru-2018-2019.pdf,227.89,2026-06-13 12:09:57,ok
564,oag,https://www.oagkenya.go.ke/wp-content/uploads/2021/09/County-Assembly-of-Marsabit-2018-2019.pdf#new_tab,C:\Users\user\Data_Science_Course\kenya_public_finance_intelligence\kenya_public_finance_intelligence\data\raw\oag\oag_2018-19_county-assembly_county-assembly-of-marsabit-2018-2019.pdf,188.58,2026-06-13 12:10:04,ok
565,oag,https://www.oagkenya.go.ke/wp-content/uploads/2021/09/County-Assembly-of-Marsabit-2018-2019.pdf,C:\Users\user\Data_Science_Course\kenya_public_finance_intelligence\kenya_public_finance_intelligence\data\raw\oag\oag_2018-19_county-assembly_county-assembly-of-marsabit-2018-2019.pdf,188.58,2026-06-13 12:10:04,ok
566,oag,https://www.oagkenya.go.ke/wp-content/uploads/2021/09/County-Assembly-of-Mandera-2018-2019.pdf#new_tab,C:\Users\user\Data_Science_Course\kenya_public_finance_intelligence\kenya_public_finance_intelligence\data\raw\oag\oag_2018-19_county-assembly_county-assembly-of-mandera-2018-2019.pdf,218.05,2026-06-13 12:10:13,ok
567,oag,https://www.oagkenya.go.ke/wp-content/uploads/2021/09/County-Assembly-of-Mandera-2018-2019.pdf,C:\Users\user\Data_Science_Course\kenya_public_finance_intelligence\kenya_public_finance_intelligence\data\raw\oag\oag_2018-19_county-assembly_county-assembly-of-mandera-2018-2019.pdf,218.05,2026-06-13 12:10:13,ok
568,oag,https://www.oagkenya.go.ke/wp-content/uploads/2021/09/County-Assembly-of-Makueni-2018-2019.pdf#new_tab,C:\Users\user\Data_Science_Course\kenya_public_finance_intelligence\kenya_public_finance_intelligence\data\raw\oag\oag_2018-19_county-assembly_county-assembly-of-makueni-2018-2019.pdf,213.78,2026-06-13 12:10:16,ok
569,oag,https://www.oagkenya.go.ke/wp-content/uploads/2021/09/County-Assembly-of-Makueni-2018-2019.pdf,C:\Users\user\Data_Science_Course\kenya_public_finance_intelligence\kenya_public_finance_intelligence\data\raw\oag\oag_2018-19_county-assembly_county-assembly-of-makueni-2018-2019.pdf,213.78,2026-06-13 12:10:16,ok
570,oag,https://www.oagkenya.go.ke/wp-content/uploads/2021/09/County-Assembly-of-Machakos-2018-2019.pdf#new_tab,C:\Users\user\Data_Science_Course\kenya_public_finance_intelligence\kenya_public_finance_intelligence\data\raw\oag\oag_2018-19_county-assembly_county-assembly-of-machakos-2018-2019.pdf,237.66,2026-06-13 12:10:21,ok
571,oag,https://www.oagkenya.go.ke/wp-content/uploads/2021/09/County-Assembly-of-Machakos-2018-2019.pdf,C:\Users\user\Data_Science_Course\kenya_public_finance_intelligence\kenya_public_finance_intelligence\data\raw\oag\oag_2018-19_county-assembly_county-assembly-of-machakos-2018-2019.pdf,237.66,2026-06-13 12:10:21,ok
572,oag,https://www.oagkenya.go.ke/wp-content/uploads/2021/09/County-Assembly-of-Lamu-2018-2019.pdf#new_tab,C:\Users\user\Data_Science_Course\kenya_public_finance_intelligence\kenya_public_finance_intelligence\data\raw\oag\oag_2018-19_county-assembly_county-assembly-of-lamu-2018-2019.pdf,224.85,2026-06-13 12:10:23,ok
573,oag,https://www.oagkenya.go.ke/wp-content/uploads/2021/09/County-Assembly-of-Lamu-2018-2019.pdf,C:\Users\user\Data_Science_Course\kenya_public_finance_intelligence\kenya_public_finance_intelligence\data\raw\oag\oag_2018-19_county-assembly_county-assembly-of-lamu-2018-2019.pdf,224.85,2026-06-13 12:10:23,ok
574,oag,https://www.oagkenya.go.ke/wp-content/uploads/2021/09/County-Assembly-of-Laikipia-2018-2019.pdf#new_tab,C:\Users\user\Data_Science_Course\kenya_public_finance_intelligence\kenya_public_finance_intelligence\data\raw\oag\oag_2018-19_county-assembly_county-assembly-of-laikipia-2018-2019.pdf,225.06,2026-06-13 12:10:28,ok
575,oag,https://www.oagkenya.go.ke/wp-content/uploads/2021/09/County-Assembly-of-Laikipia-2018-2019.pdf,C:\Users\user\Data_Science_Course\kenya_public_finance_intelligence\kenya_public_finance_intelligence\data\raw\oag\oag_2018-19_county-assembly_county-assembly-of-laikipia-2018-2019.pdf,225.06,2026-06-13 12:10:28,ok
576,oag,https://www.oagkenya.go.ke/wp-content/uploads/2021/09/County-Assembly-of-Kwale-2018-2019.pdf#new_tab,C:\Users\user\Data_Science_Course\kenya_public_finance_intelligence\kenya_public_finance_intelligence\data\raw\oag\oag_2018-19_county-assembly_county-assembly-of-kwale-2018-2019.pdf,222.22,2026-06-13 12:10:33,ok
577,oag,https://www.oagkenya.go.ke/wp-content/uploads/2021/09/County-Assembly-of-Kwale-2018-2019.pdf,C:\Users\user\Data_Science_Course\kenya_public_finance_intelligence\kenya_public_finance_intelligence\data\raw\oag\oag_2018-19_county-assembly_county-assembly-of-kwale-2018-2019.pdf,222.22,2026-06-13 12:10:33,ok
578,oag,https://www.oagkenya.go.ke/wp-content/uploads/2021/09/County-Assembly-of-Kitui-2018-2019.pdf#new_tab,C:\Users\user\Data_Science_Course\kenya_public_finance_intelligence\kenya_public_finance_intelligence\data\raw\oag\oag_2018-19_county-assembly_county-assembly-of-kitui-2018-2019.pdf,212.32,2026-06-13 12:10:36,ok
579,oag,https://www.oagkenya.go.ke/wp-content/uploads/2021/09/County-Assembly-of-Kitui-2018-2019.pdf,C:\Users\user\Data_Science_Course\kenya_public_finance_intelligence\kenya_public_finance_intelligence\data\raw\oag\oag_2018-19_county-assembly_county-assembly-of-kitui-2018-2019.pdf,212.32,2026-06-13 12:10:36,ok
580,oag,https://www.oagkenya.go.ke/wp-content/uploads/2021/09/County-Assembly-of-Kisumu-2018-2019.pdf,C:\Users\user\Data_Science_Course\kenya_public_finance_intelligence\kenya_public_finance_intelligence\data\raw\oag\oag_2018-19_county-assembly_county-assembly-of-kisumu-2018-2019.pdf,206.87,2026-06-13 12:10:39,ok
581,oag,https://www.oagkenya.go.ke/wp-content/uploads/2021/09/County-Assembly-of-Kirinyaga-2018-2019.pdf,C:\Users\user\Data_Science_Course\kenya_public_finance_intelligence\kenya_public_finance_intelligence\data\raw\oag\oag_2018-19_county-assembly_county-assembly-of-kirinyaga-2018-2019.pdf,187.84,2026-06-13 12:10:43,ok
582,oag,https://www.oagkenya.go.ke/wp-content/uploads/2021/09/County-Assembly-of-Kilifi-2018-2019-1.pdf#new_tab,C:\Users\user\Data_Science_Course\kenya_public_finance_intelligence\kenya_public_finance_intelligence\data\raw\oag\oag_2018-19_county-assembly_county-assembly-of-kilifi-2018-2019.pdf,195.86,2026-06-13 12:10:46,ok
583,oag,https://www.oagkenya.go.ke/wp-content/uploads/2021/09/County-Assembly-of-Kilifi-2018-2019-1.pdf,C:\Users\user\Data_Science_Course\kenya_public_finance_intelligence\kenya_public_finance_intelligence\data\raw\oag\oag_2018-19_county-assembly_county-assembly-of-kilifi-2018-2019.pdf,195.86,2026-06-13 12:10:46,ok
584,oag,https://www.oagkenya.go.ke/wp-content/uploads/2021/09/County-Assembly-of-Kericho-2018-2019-1.pdf#new_tab,C:\Users\user\Data_Science_Course\kenya_public_finance_intelligence\kenya_public_finance_intelligence\data\raw\oag\oag_2018-19_county-assembly_county-assembly-of-kericho-2018-2019.pdf,202.44,2026-06-13 12:10:51,ok
585,oag,https://www.oagkenya.go.ke/wp-content/uploads/2021/09/County-Assembly-of-Kericho-2018-2019-1.pdf,C:\Users\user\Data_Science_Course\kenya_public_finance_intelligence\kenya_public_finance_intelligence\data\raw\oag\oag_2018-19_county-assembly_county-assembly-of-kericho-2018-2019.pdf,202.44,2026-06-13 12:10:52,ok
586,oag,https://www.oagkenya.go.ke/wp-content/uploads/2021/09/County-Assembly-of-Kakamega-2018-2019-1.pdf#new_tab,C:\Users\user\Data_Science_Course\kenya_public_finance_intelligence\kenya_public_finance_intelligence\data\raw\oag\oag_2018-19_county-assembly_county-assembly-of-kakamega-2018-2019.pdf,245.68,2026-06-13 12:11:02,ok
587,oag,https://www.oagkenya.go.ke/wp-content/uploads/2021/09/County-Assembly-of-Kakamega-2018-2019-1.pdf,C:\Users\user\Data_Science_Course\kenya_public_finance_intelligence\kenya_public_finance_intelligence\data\raw\oag\oag_2018-19_county-assembly_county-assembly-of-kakamega-2018-2019.pdf,245.68,2026-06-13 12:11:02,ok
588,oag,https://www.oagkenya.go.ke/wp-content/uploads/2021/09/County-Assembly-of-Kajiado-2018-2019-1.pdf#new_tab,C:\Users\user\Data_Science_Course\kenya_public_finance_intelligence\kenya_public_finance_intelligence\data\raw\oag\oag_2018-19_county-assembly_county-assembly-of-kajiado-2018-2019.pdf,201.31,2026-06-13 12:11:11,ok
589,oag,https://www.oagkenya.go.ke/wp-content/uploads/2021/09/County-Assembly-of-Kajiado-2018-2019-1.pdf,C:\Users\user\Data_Science_Course\kenya_public_finance_intelligence\kenya_public_finance_intelligence\data\raw\oag\oag_2018-19_county-assembly_county-assembly-of-kajiado-2018-2019.pdf,201.31,2026-06-13 12:11:11,ok
590,oag,https://www.oagkenya.go.ke/wp-content/uploads/2021/08/County-Executive-of-Isiolo-2018-2019.pdf#new_tab,C:\Users\user\Data_Science_Course\kenya_public_finance_intelligence\kenya_public_finance_intelligence\data\raw\oag\oag_2018-19_county-executive_county-executive-of-isiolo-2018-2019.pdf,240.25,2026-06-13 12:11:20,ok
591,oag,https://www.oagkenya.go.ke/wp-content/uploads/2021/08/County-Executive-of-Isiolo-2018-2019.pdf,C:\Users\user\Data_Science_Course\kenya_public_finance_intelligence\kenya_public_finance_intelligence\data\raw\oag\oag_2018-19_county-executive_county-executive-of-isiolo-2018-2019.pdf,240.25,2026-06-13 12:11:20,ok
592,oag,https://www.oagkenya.go.ke/wp-content/uploads/2021/08/County-Executive-of-Homa-Bay-2018-2019.pdf#new_tab,C:\Users\user\Data_Science_Course\kenya_public_finance_intelligence\kenya_public_finance_intelligence\data\raw\oag\oag_2018-19_county-executive_county-executive-of-homa-bay-2018-2019.pdf,255.1,2026-06-13 12:11:30,ok
593,oag,https://www.oagkenya.go.ke/wp-content/uploads/2021/08/County-Executive-of-Homa-Bay-2018-2019.pdf,C:\Users\user\Data_Science_Course\kenya_public_finance_intelligence\kenya_public_finance_intelligence\data\raw\oag\oag_2018-19_county-executive_county-executive-of-homa-bay-2018-2019.pdf,255.1,2026-06-13 12:11:31,ok
594,oag,https://www.oagkenya.go.ke/wp-content/uploads/2021/08/County-Executive-of-Garissa-2018-2019.pdf#new_tab,C:\Users\user\Data_Science_Course\kenya_public_finance_intelligence\kenya_public_finance_intelligence\data\raw\oag\oag_2018-19_county-executive_county-executive-of-garissa-2018-2019.pdf,334.98,2026-06-13 12:11:36,ok
595,oag,https://www.oagkenya.go.ke/wp-content/uploads/2021/08/County-Executive-of-Garissa-2018-2019.pdf,C:\Users\user\Data_Science_Course\kenya_public_finance_intelligence\kenya_public_finance_intelligence\data\raw\oag\oag_2018-19_county-executive_county-executive-of-garissa-2018-2019.pdf,334.98,2026-06-13 12:11:36,ok
596,oag,https://www.oagkenya.go.ke/wp-content/uploads/2021/08/County-Executive-of-Embu-2018-2019.pdf#new_tab,C:\Users\user\Data_Science_Course\kenya_public_finance_intelligence\kenya_public_finance_intelligence\data\raw\oag\oag_2018-19_county-executive_county-executive-of-embu-2018-2019.pdf,235.36,2026-06-13 12:11:41,ok
597,oag,https://www.oagkenya.go.ke/wp-content/uploads/2021/08/County-Executive-of-Embu-2018-2019.pdf,C:\Users\user\Data_Science_Course\kenya_public_finance_intelligence\kenya_public_finance_intelligence\data\raw\oag\oag_2018-19_county-executive_county-executive-of-embu-2018-2019.pdf,235.36,2026-06-13 12:11:41,ok
598,oag,https://www.oagkenya.go.ke/wp-content/uploads/2021/08/County-Executive-of-Elgeyo-marakwet-2018-2019.pdf#new_tab,C:\Users\user\Data_Science_Course\kenya_public_finance_intelligence\kenya_public_finance_intelligence\data\raw\oag\oag_2018-19_county-executive_county-executive-of-elgeyo-marakwet-2018.pdf,332.05,2026-06-13 12:11:50,ok
599,oag,https://www.oagkenya.go.ke/wp-content/uploads/2021/08/County-Executive-of-Elgeyo-marakwet-2018-2019.pdf,C:\Users\user\Data_Science_Course\kenya_public_finance_intelligence\kenya_public_finance_intelligence\data\raw\oag\oag_2018-19_county-executive_county-executive-of-elgeyo-marakwet-2018.pdf,332.05,2026-06-13 12:11:50,ok
600,oag,https://www.oagkenya.go.ke/wp-content/uploads/2021/08/County-Executive-of-Bomet-2018-2019.pdf#new_tab,C:\Users\user\Data_Science_Course\kenya_public_finance_intelligence\kenya_public_finance_intelligence\data\raw\oag\oag_2018-19_county-executive_county-executive-of-bomet-2018-2019.pdf,260.75,2026-06-13 12:11:54,ok
601,oag,https://www.oagkenya.go.ke/wp-content/uploads/2021/08/County-Executive-of-Bomet-2018-2019.pdf,C:\Users\user\Data_Science_Course\kenya_public_finance_intelligence\kenya_public_finance_intelligence\data\raw\oag\oag_2018-19_county-executive_county-executive-of-bomet-2018-2019.pdf,260.75,2026-06-13 12:11:54,ok
602,oag,https://www.oagkenya.go.ke/wp-content/uploads/2021/08/County-Executive-of-Baringo-2018-2019.pdf#new_tab,C:\Users\user\Data_Science_Course\kenya_public_finance_intelligence\kenya_public_finance_intelligence\data\raw\oag\oag_2018-19_county-executive_county-executive-of-baringo-2018-2019.pdf,326.69,2026-06-13 12:12:00,ok
603,oag,https://www.oagkenya.go.ke/wp-content/uploads/2021/08/County-Executive-of-Baringo-2018-2019.pdf,C:\Users\user\Data_Science_Course\kenya_public_finance_intelligence\kenya_public_finance_intelligence\data\raw\oag\oag_2018-19_county-executive_county-executive-of-baringo-2018-2019.pdf,326.69,2026-06-13 12:12:00,ok
604,oag,https://www.oagkenya.go.ke/wp-content/uploads/2021/08/County-Assembly-of-Isiolo-2018-2019.pdf#new_tab,C:\Users\user\Data_Science_Course\kenya_public_finance_intelligence\kenya_public_finance_intelligence\data\raw\oag\oag_2018-19_county-assembly_county-assembly-of-isiolo-2018-2019.pdf,200.41,2026-06-13 12:12:14,ok
605,oag,https://www.oagkenya.go.ke/wp-content/uploads/2021/08/County-Assembly-of-Isiolo-2018-2019.pdf,C:\Users\user\Data_Science_Course\kenya_public_finance_intelligence\kenya_public_finance_intelligence\data\raw\oag\oag_2018-19_county-assembly_county-assembly-of-isiolo-2018-2019.pdf,200.41,2026-06-13 12:12:14,ok
606,oag,https://www.oagkenya.go.ke/wp-content/uploads/2021/08/County-Assembly-of-Homa-Bay-2018-2019.pdf#new_tab,C:\Users\user\Data_Science_Course\kenya_public_finance_intelligence\kenya_public_finance_intelligence\data\raw\oag\oag_2018-19_county-assembly_county-assembly-of-homa-bay-2018-2019.pdf,209.09,2026-06-13 12:12:23,ok
607,oag,https://www.oagkenya.go.ke/wp-content/uploads/2021/08/County-Assembly-of-Homa-Bay-2018-2019.pdf,C:\Users\user\Data_Science_Course\kenya_public_finance_intelligence\kenya_public_finance_intelligence\data\raw\oag\oag_2018-19_county-assembly_county-assembly-of-homa-bay-2018-2019.pdf,209.09,2026-06-13 12:12:23,ok
608,oag,https://www.oagkenya.go.ke/wp-content/uploads/2021/08/County-Assembly-of-Garissa-2018-2019.pdf#new_tab,C:\Users\user\Data_Science_Course\kenya_public_finance_intelligence\kenya_public_finance_intelligence\data\raw\oag\oag_2018-19_county-assembly_county-assembly-of-garissa-2018-2019.pdf,190.14,2026-06-13 12:12:36,ok
609,oag,https://www.oagkenya.go.ke/wp-content/uploads/2021/08/County-Assembly-of-Garissa-2018-2019.pdf,C:\Users\user\Data_Science_Course\kenya_public_finance_intelligence\kenya_public_finance_intelligence\data\raw\oag\oag_2018-19_county-assembly_county-assembly-of-garissa-2018-2019.pdf,190.14,2026-06-13 12:12:36,ok
610,oag,https://www.oagkenya.go.ke/wp-content/uploads/2021/08/County-Assembly-of-Embu-2018-2019.pdf#new_tab,C:\Users\user\Data_Science_Course\kenya_public_finance_intelligence\kenya_public_finance_intelligence\data\raw\oag\oag_2018-19_county-assembly_county-assembly-of-embu-2018-2019.pdf,185.97,2026-06-13 12:12:47,ok
611,oag,https://www.oagkenya.go.ke/wp-content/uploads/2021/08/County-Assembly-of-Embu-2018-2019.pdf,C:\Users\user\Data_Science_Course\kenya_public_finance_intelligence\kenya_public_finance_intelligence\data\raw\oag\oag_2018-19_county-assembly_county-assembly-of-embu-2018-2019.pdf,185.97,2026-06-13 12:12:47,ok
612,oag,https://www.oagkenya.go.ke/wp-content/uploads/2021/08/County-Assembly-of-Elgeyo-marakwet-2018-2019.pdf#new_tab,C:\Users\user\Data_Science_Course\kenya_public_finance_intelligence\kenya_public_finance_intelligence\data\raw\oag\oag_2018-19_county-assembly_county-assembly-of-elgeyo-marakwet-2018-.pdf,271.87,2026-06-13 12:13:01,ok
613,oag,https://www.oagkenya.go.ke/wp-content/uploads/2021/08/County-Assembly-of-Elgeyo-marakwet-2018-2019.pdf,C:\Users\user\Data_Science_Course\kenya_public_finance_intelligence\kenya_public_finance_intelligence\data\raw\oag\oag_2018-19_county-assembly_county-assembly-of-elgeyo-marakwet-2018-.pdf,271.87,2026-06-13 12:13:01,ok
614,oag,https://www.oagkenya.go.ke/wp-content/uploads/2021/08/County-Assembly-of-Busia-2018-2019.pdf#new_tab,C:\Users\user\Data_Science_Course\kenya_public_finance_intelligence\kenya_public_finance_intelligence\data\raw\oag\oag_2018-19_county-assembly_county-assembly-of-busia-2018-2019.pdf,212.99,2026-06-13 12:13:05,ok
615,oag,https://www.oagkenya.go.ke/wp-content/uploads/2021/08/County-Assembly-of-Busia-2018-2019.pdf,C:\Users\user\Data_Science_Course\kenya_public_finance_intelligence\kenya_public_finance_intelligence\data\raw\oag\oag_2018-19_county-assembly_county-assembly-of-busia-2018-2019.pdf,212.99,2026-06-13 12:13:05,ok
616,oag,https://www.oagkenya.go.ke/wp-content/uploads/2021/08/County-Assembly-of-Bomet-2018-2019.pdf#new_tab,C:\Users\user\Data_Science_Course\kenya_public_finance_intelligence\kenya_public_finance_intelligence\data\raw\oag\oag_2018-19_county-assembly_county-assembly-of-bomet-2018-2019.pdf,174.35,2026-06-13 12:13:09,ok
617,oag,https://www.oagkenya.go.ke/wp-content/uploads/2021/08/County-Assembly-of-Bomet-2018-2019.pdf,C:\Users\user\Data_Science_Course\kenya_public_finance_intelligence\kenya_public_finance_intelligence\data\raw\oag\oag_2018-19_county-assembly_county-assembly-of-bomet-2018-2019.pdf,174.35,2026-06-13 12:13:09,ok
618,oag,https://www.oagkenya.go.ke/wp-content/uploads/2022/09/County-Assembly-of-Baringo-2017-2018.pdf#new_tab,C:\Users\user\Data_Science_Course\kenya_public_finance_intelligence\kenya_public_finance_intelligence\data\raw\oag\oag_2017-18_county-assembly_county-assembly-of-baringo-2017--2018.pdf,509.88,2026-06-13 12:13:22,ok
619,oag,https://www.oagkenya.go.ke/wp-content/uploads/2022/09/County-Assembly-of-Baringo-2017-2018.pdf,C:\Users\user\Data_Science_Course\kenya_public_finance_intelligence\kenya_public_finance_intelligence\data\raw\oag\oag_2017-18_county-assembly_county-assembly-of-baringo-2017--2018.pdf,509.88,2026-06-13 12:13:23,ok
620,oag,https://www.oagkenya.go.ke/wp-content/uploads/2022/09/County-Executive-of-Busia-2017-2018.pdf#new_tab,C:\Users\user\Data_Science_Course\kenya_public_finance_intelligence\kenya_public_finance_intelligence\data\raw\oag\oag_2017-18_county-executive_county-executive-of-busia-2017-2018.pdf,703.02,2026-06-13 12:13:34,ok
621,oag,https://www.oagkenya.go.ke/wp-content/uploads/2022/09/County-Executive-of-Busia-2017-2018.pdf,C:\Users\user\Data_Science_Course\kenya_public_finance_intelligence\kenya_public_finance_intelligence\data\raw\oag\oag_2017-18_county-executive_county-executive-of-busia-2017-2018.pdf,703.02,2026-06-13 12:13:34,ok
622,oag,https://www.oagkenya.go.ke/wp-content/uploads/2022/09/County-Executive-of-Mandera-2017-2018.pdf#new_tab,C:\Users\user\Data_Science_Course\kenya_public_finance_intelligence\kenya_public_finance_intelligence\data\raw\oag\oag_2017-18_county-executive_county-executive-of-mandera-2017--2018.pdf,621.87,2026-06-13 12:13:43,ok
623,oag,https://www.oagkenya.go.ke/wp-content/uploads/2022/09/County-Executive-of-Mandera-2017-2018.pdf,C:\Users\user\Data_Science_Course\kenya_public_finance_intelligence\kenya_public_finance_intelligence\data\raw\oag\oag_2017-18_county-executive_county-executive-of-mandera-2017--2018.pdf,621.87,2026-06-13 12:13:43,ok
624,oag,https://www.oagkenya.go.ke/wp-content/uploads/2022/09/County-Assembly-of-Mombasa-2017-2018.pdf#new_tab,C:\Users\user\Data_Science_Course\kenya_public_finance_intelligence\kenya_public_finance_intelligence\data\raw\oag\oag_2017-18_county-assembly_county-assembly-of-mombasa-2017--2018.pdf,425.75,2026-06-13 12:13:52,ok
625,oag,https://www.oagkenya.go.ke/wp-content/uploads/2022/09/County-Assembly-of-Mombasa-2017-2018.pdf,C:\Users\user\Data_Science_Course\kenya_public_finance_intelligence\kenya_public_finance_intelligence\data\raw\oag\oag_2017-18_county-assembly_county-assembly-of-mombasa-2017--2018.pdf,425.75,2026-06-13 12:13:52,ok
626,oag,https://www.oagkenya.go.ke/wp-content/uploads/2022/09/County-Assembly-of-Kajiado-2017-2018.pdf#new_tab,C:\Users\user\Data_Science_Course\kenya_public_finance_intelligence\kenya_public_finance_intelligence\data\raw\oag\oag_2017-18_county-assembly_county-assembly-of-kajiado-2017--2018.pdf,540.52,2026-06-13 12:14:06,ok
627,oag,https://www.oagkenya.go.ke/wp-content/uploads/2022/09/County-Assembly-of-Kajiado-2017-2018.pdf,C:\Users\user\Data_Science_Course\kenya_public_finance_intelligence\kenya_public_finance_intelligence\data\raw\oag\oag_2017-18_county-assembly_county-assembly-of-kajiado-2017--2018.pdf,540.52,2026-06-13 12:14:06,ok
628,oag,https://www.oagkenya.go.ke/wp-content/uploads/2022/09/County-Executive-of-Vihiga-2017-2018.pdf#new_tab,C:\Users\user\Data_Science_Course\kenya_public_finance_intelligence\kenya_public_finance_intelligence\data\raw\oag\oag_2017-18_county-executive_county-executive-of-vihiga-2017--2018.pdf,493.31,2026-06-13 12:14:14,ok
629,oag,https://www.oagkenya.go.ke/wp-content/uploads/2022/09/County-Executive-of-Vihiga-2017-2018.pdf,C:\Users\user\Data_Science_Course\kenya_public_finance_intelligence\kenya_public_finance_intelligence\data\raw\oag\oag_2017-18_county-executive_county-executive-of-vihiga-2017--2018.pdf,493.31,2026-06-13 12:14:14,ok
630,oag,https://www.oagkenya.go.ke/wp-content/uploads/2022/09/County-Executive-of-Uasin-Gishu-2017-2018.pdf#new_tab,C:\Users\user\Data_Science_Course\kenya_public_finance_intelligence\kenya_public_finance_intelligence\data\raw\oag\oag_2017-18_county-executive_county-executive-of-uasin-gishu-2017--20.pdf,603.44,2026-06-13 12:14:33,ok
631,oag,https://www.oagkenya.go.ke/wp-content/uploads/2022/09/County-Executive-of-Uasin-Gishu-2017-2018.pdf,C:\Users\user\Data_Science_Course\kenya_public_finance_intelligence\kenya_public_finance_intelligence\data\raw\oag\oag_2017-18_county-executive_county-executive-of-uasin-gishu-2017--20.pdf,603.44,2026-06-13 12:14:33,ok
632,oag,https://www.oagkenya.go.ke/wp-content/uploads/2022/09/County-Executive-of-Narok-2017-2018.pdf#new_tab,C:\Users\user\Data_Science_Course\kenya_public_finance_intelligence\kenya_public_finance_intelligence\data\raw\oag\oag_2017-18_county-executive_county-executive-of-narok-2017--2018.pdf,536.06,2026-06-13 12:14:47,ok
633,oag,https://www.oagkenya.go.ke/wp-content/uploads/2022/09/County-Executive-of-Narok-2017-2018.pdf,C:\Users\user\Data_Science_Course\kenya_public_finance_intelligence\kenya_public_finance_intelligence\data\raw\oag\oag_2017-18_county-executive_county-executive-of-narok-2017--2018.pdf,536.06,2026-06-13 12:14:47,ok
634,oag,https://www.oagkenya.go.ke/wp-content/uploads/2022/09/County-Executive-of-Meru-2017-2018.pdf#new_tab,C:\Users\user\Data_Science_Course\kenya_public_finance_intelligence\kenya_public_finance_intelligence\data\raw\oag\oag_2017-18_county-executive_county-executive-of-meru-2017--2018.pdf,515.51,2026-06-13 12:14:56,ok
635,oag,https://www.oagkenya.go.ke/wp-content/uploads/2022/09/County-Executive-of-Meru-2017-2018.pdf,C:\Users\user\Data_Science_Course\kenya_public_finance_intelligence\kenya_public_finance_intelligence\data\raw\oag\oag_2017-18_county-executive_county-executive-of-meru-2017--2018.pdf,515.51,2026-06-13 12:14:56,ok
636,oag,https://www.oagkenya.go.ke/wp-content/uploads/2022/09/County-Executive-of-Kajiado-2017-2018.pdf#new_tab,C:\Users\user\Data_Science_Course\kenya_public_finance_intelligence\kenya_public_finance_intelligence\data\raw\oag\oag_2017-18_county-executive_county-executive-of-kajiado-2017--2018.pdf,853.61,2026-06-13 12:15:15,ok
637,oag,https://www.oagkenya.go.ke/wp-content/uploads/2022/09/County-Executive-of-Kajiado-2017-2018.pdf,C:\Users\user\Data_Science_Course\kenya_public_finance_intelligence\kenya_public_finance_intelligence\data\raw\oag\oag_2017-18_county-executive_county-executive-of-kajiado-2017--2018.pdf,853.61,2026-06-13 12:15:15,ok
638,oag,https://www.oagkenya.go.ke/wp-content/uploads/2021/09/County-Executive-of-West-Pokot-2017-2018.pdf#new_tab,C:\Users\user\Data_Science_Course\kenya_public_finance_intelligence\kenya_public_finance_intelligence\data\raw\oag\oag_2017-18_county-executive_county-executive-of-west-pokot-2017-2018.pdf,335.6,2026-06-13 12:15:21,ok
639,oag,https://www.oagkenya.go.ke/wp-content/uploads/2021/09/County-Executive-of-West-Pokot-2017-2018.pdf,C:\Users\user\Data_Science_Course\kenya_public_finance_intelligence\kenya_public_finance_intelligence\data\raw\oag\oag_2017-18_county-executive_county-executive-of-west-pokot-2017-2018.pdf,335.6,2026-06-13 12:15:21,ok
640,oag,https://www.oagkenya.go.ke/wp-content/uploads/2021/09/County-Executive-of-Turkana-2017-2018.pdf#new_tab,C:\Users\user\Data_Science_Course\kenya_public_finance_intelligence\kenya_public_finance_intelligence\data\raw\oag\oag_2017-18_county-executive_county-executive-of-turkana-2017-2018.pdf,430.24,2026-06-13 12:15:32,ok
641,oag,https://www.oagkenya.go.ke/wp-content/uploads/2021/09/County-Executive-of-Turkana-2017-2018.pdf,C:\Users\user\Data_Science_Course\kenya_public_finance_intelligence\kenya_public_finance_intelligence\data\raw\oag\oag_2017-18_county-executive_county-executive-of-turkana-2017-2018.pdf,430.24,2026-06-13 12:15:32,ok
642,oag,https://www.oagkenya.go.ke/wp-content/uploads/2021/09/County-Executive-of-Trans-Nzoia-2017-2018.pdf#new_tab,C:\Users\user\Data_Science_Course\kenya_public_finance_intelligence\kenya_public_finance_intelligence\data\raw\oag\oag_2017-18_county-executive_county-executive-of-trans-nzoia-2017-201.pdf,339.14,2026-06-13 12:15:36,ok
643,oag,https://www.oagkenya.go.ke/wp-content/uploads/2021/09/County-Executive-of-Trans-Nzoia-2017-2018.pdf,C:\Users\user\Data_Science_Course\kenya_public_finance_intelligence\kenya_public_finance_intelligence\data\raw\oag\oag_2017-18_county-executive_county-executive-of-trans-nzoia-2017-201.pdf,339.14,2026-06-13 12:15:37,ok
644,oag,https://www.oagkenya.go.ke/wp-content/uploads/2021/09/County-Executive-of-Tharaka-Nithi-2017-2018.pdf#new_tab,C:\Users\user\Data_Science_Course\kenya_public_finance_intelligence\kenya_public_finance_intelligence\data\raw\oag\oag_2017-18_county-executive_county-executive-of-tharaka-nithi-2017-2.pdf,312.64,2026-06-13 12:15:44,ok
645,oag,https://www.oagkenya.go.ke/wp-content/uploads/2021/09/County-Executive-of-Tharaka-Nithi-2017-2018.pdf,C:\Users\user\Data_Science_Course\kenya_public_finance_intelligence\kenya_public_finance_intelligence\data\raw\oag\oag_2017-18_county-executive_county-executive-of-tharaka-nithi-2017-2.pdf,312.64,2026-06-13 12:15:44,ok
646,oag,https://www.oagkenya.go.ke/wp-content/uploads/2021/09/County-Executive-of-Taita-Taveta-2017-2018.pdf#new_tab,C:\Users\user\Data_Science_Course\kenya_public_finance_intelligence\kenya_public_finance_intelligence\data\raw\oag\oag_2017-18_county-executive_county-executive-of-taita-taveta-2017-20.pdf,291.13,2026-06-13 12:15:49,ok
647,oag,https://www.oagkenya.go.ke/wp-content/uploads/2021/09/County-Executive-of-Taita-Taveta-2017-2018.pdf,C:\Users\user\Data_Science_Course\kenya_public_finance_intelligence\kenya_public_finance_intelligence\data\raw\oag\oag_2017-18_county-executive_county-executive-of-taita-taveta-2017-20.pdf,291.13,2026-06-13 12:15:49,ok
648,oag,https://www.oagkenya.go.ke/wp-content/uploads/2021/09/County-Executive-of-Siaya-2017-2018.pdf#new_tab,C:\Users\user\Data_Science_Course\kenya_public_finance_intelligence\kenya_public_finance_intelligence\data\raw\oag\oag_2017-18_county-executive_county-executive-of-siaya-2017-2018.pdf,289.01,2026-06-13 12:15:53,ok
649,oag,https://www.oagkenya.go.ke/wp-content/uploads/2021/09/County-Executive-of-Siaya-2017-2018.pdf,C:\Users\user\Data_Science_Course\kenya_public_finance_intelligence\kenya_public_finance_intelligence\data\raw\oag\oag_2017-18_county-executive_county-executive-of-siaya-2017-2018.pdf,289.01,2026-06-13 12:15:53,ok
650,oag,https://www.oagkenya.go.ke/wp-content/uploads/2021/09/County-Executive-of-Samburu-2017-2018.pdf#new_tab,C:\Users\user\Data_Science_Course\kenya_public_finance_intelligence\kenya_public_finance_intelligence\data\raw\oag\oag_2017-18_county-executive_county-executive-of-samburu-2017-2018.pdf,323.85,2026-06-13 12:16:04,ok
651,oag,https://www.oagkenya.go.ke/wp-content/uploads/2021/09/County-Executive-of-Samburu-2017-2018.pdf,C:\Users\user\Data_Science_Course\kenya_public_finance_intelligence\kenya_public_finance_intelligence\data\raw\oag\oag_2017-18_county-executive_county-executive-of-samburu-2017-2018.pdf,323.85,2026-06-13 12:16:05,ok
652,oag,https://www.oagkenya.go.ke/wp-content/uploads/2021/09/County-Executive-of-Nyamira-2017-2018.pdf#new_tab,C:\Users\user\Data_Science_Course\kenya_public_finance_intelligence\kenya_public_finance_intelligence\data\raw\oag\oag_2017-18_county-executive_county-executive-of-nyamira-2017-2018.pdf,240.67,2026-06-13 12:16:08,ok
653,oag,https://www.oagkenya.go.ke/wp-content/uploads/2021/09/County-Executive-of-Nyamira-2017-2018.pdf,C:\Users\user\Data_Science_Course\kenya_public_finance_intelligence\kenya_public_finance_intelligence\data\raw\oag\oag_2017-18_county-executive_county-executive-of-nyamira-2017-2018.pdf,240.67,2026-06-13 12:16:08,ok
654,oag,https://www.oagkenya.go.ke/wp-content/uploads/2021/09/County-Executive-of-Nandi-2017-2018.pdf#new_tab,C:\Users\user\Data_Science_Course\kenya_public_finance_intelligence\kenya_public_finance_intelligence\data\raw\oag\oag_2017-18_county-executive_county-executive-of-nandi-2017-2018.pdf,352.1,2026-06-13 12:16:14,ok
655,oag,https://www.oagkenya.go.ke/wp-content/uploads/2021/09/County-Executive-of-Nandi-2017-2018.pdf,C:\Users\user\Data_Science_Course\kenya_public_finance_intelligence\kenya_public_finance_intelligence\data\raw\oag\oag_2017-18_county-executive_county-executive-of-nandi-2017-2018.pdf,352.1,2026-06-13 12:16:14,ok
656,oag,https://www.oagkenya.go.ke/wp-content/uploads/2021/09/County-Executive-of-Nakuru-2017-2018.pdf#new_tab,C:\Users\user\Data_Science_Course\kenya_public_finance_intelligence\kenya_public_finance_intelligence\data\raw\oag\oag_2017-18_county-executive_county-executive-of-nakuru-2017-2018.pdf,271.75,2026-06-13 12:16:23,ok
657,oag,https://www.oagkenya.go.ke/wp-content/uploads/2021/09/County-Executive-of-Nakuru-2017-2018.pdf,C:\Users\user\Data_Science_Course\kenya_public_finance_intelligence\kenya_public_finance_intelligence\data\raw\oag\oag_2017-18_county-executive_county-executive-of-nakuru-2017-2018.pdf,271.75,2026-06-13 12:16:23,ok
658,oag,https://www.oagkenya.go.ke/wp-content/uploads/2021/09/County-Executive-of-Nairobi-2017-2018.pdf#new_tab,C:\Users\user\Data_Science_Course\kenya_public_finance_intelligence\kenya_public_finance_intelligence\data\raw\oag\oag_2017-18_county-executive_county-executive-of-nairobi-2017-2018.pdf,338.63,2026-06-13 12:16:26,ok
659,oag,https://www.oagkenya.go.ke/wp-content/uploads/2021/09/County-Executive-of-Nairobi-2017-2018.pdf,C:\Users\user\Data_Science_Course\kenya_public_finance_intelligence\kenya_public_finance_intelligence\data\raw\oag\oag_2017-18_county-executive_county-executive-of-nairobi-2017-2018.pdf,338.63,2026-06-13 12:16:26,ok
660,oag,https://www.oagkenya.go.ke/wp-content/uploads/2021/09/County-Executive-of-Muranga-2017-2018-1.pdf#new_tab,C:\Users\user\Data_Science_Course\kenya_public_finance_intelligence\kenya_public_finance_intelligence\data\raw\oag\oag_2017-18_county-executive_county-executive-of-muranga-2017-2018.pdf,344.43,2026-06-13 12:16:29,ok
661,oag,https://www.oagkenya.go.ke/wp-content/uploads/2021/09/County-Executive-of-Muranga-2017-2018-1.pdf,C:\Users\user\Data_Science_Course\kenya_public_finance_intelligence\kenya_public_finance_intelligence\data\raw\oag\oag_2017-18_county-executive_county-executive-of-muranga-2017-2018.pdf,344.43,2026-06-13 12:16:29,ok
662,oag,https://www.oagkenya.go.ke/wp-content/uploads/2021/09/County-Executive-of-Makueni-2017-2018.pdf#new_tab,C:\Users\user\Data_Science_Course\kenya_public_finance_intelligence\kenya_public_finance_intelligence\data\raw\oag\oag_2017-18_county-executive_county-executive-of-makueni-2017-2018.pdf,201.23,2026-06-13 12:16:33,ok
663,oag,https://www.oagkenya.go.ke/wp-content/uploads/2021/09/County-Executive-of-Makueni-2017-2018.pdf,C:\Users\user\Data_Science_Course\kenya_public_finance_intelligence\kenya_public_finance_intelligence\data\raw\oag\oag_2017-18_county-executive_county-executive-of-makueni-2017-2018.pdf,201.23,2026-06-13 12:16:33,ok
664,oag,https://www.oagkenya.go.ke/wp-content/uploads/2021/09/County-Executive-of-Lamu-2017-2018.pdf#new_tab,C:\Users\user\Data_Science_Course\kenya_public_finance_intelligence\kenya_public_finance_intelligence\data\raw\oag\oag_2017-18_county-executive_county-executive-of-lamu-2017-2018.pdf,334.46,2026-06-13 12:16:38,ok
665,oag,https://www.oagkenya.go.ke/wp-content/uploads/2021/09/County-Executive-of-Lamu-2017-2018.pdf,C:\Users\user\Data_Science_Course\kenya_public_finance_intelligence\kenya_public_finance_intelligence\data\raw\oag\oag_2017-18_county-executive_county-executive-of-lamu-2017-2018.pdf,334.46,2026-06-13 12:16:38,ok
666,oag,https://www.oagkenya.go.ke/wp-content/uploads/2021/09/County-Executive-of-Kisumu-2017-2018.pdf#new_tab,C:\Users\user\Data_Science_Course\kenya_public_finance_intelligence\kenya_public_finance_intelligence\data\raw\oag\oag_2017-18_county-executive_county-executive-of-kisumu-2017-2018.pdf,405.89,2026-06-13 12:16:43,ok
667,oag,https://www.oagkenya.go.ke/wp-content/uploads/2021/09/County-Executive-of-Kisumu-2017-2018.pdf,C:\Users\user\Data_Science_Course\kenya_public_finance_intelligence\kenya_public_finance_intelligence\data\raw\oag\oag_2017-18_county-executive_county-executive-of-kisumu-2017-2018.pdf,405.89,2026-06-13 12:16:44,ok
668,oag,https://www.oagkenya.go.ke/wp-content/uploads/2021/09/County-Executive-of-Kisii-2017-2018.pdf#new_tab,C:\Users\user\Data_Science_Course\kenya_public_finance_intelligence\kenya_public_finance_intelligence\data\raw\oag\oag_2017-18_county-executive_county-executive-of-kisii-2017-2018.pdf,243.76,2026-06-13 12:16:46,ok
669,oag,https://www.oagkenya.go.ke/wp-content/uploads/2021/09/County-Executive-of-Kisii-2017-2018.pdf,C:\Users\user\Data_Science_Course\kenya_public_finance_intelligence\kenya_public_finance_intelligence\data\raw\oag\oag_2017-18_county-executive_county-executive-of-kisii-2017-2018.pdf,243.76,2026-06-13 12:16:46,ok
670,oag,https://www.oagkenya.go.ke/wp-content/uploads/2021/09/County-Executive-of-Kirinyaga-2017-2018.pdf#new_tab,C:\Users\user\Data_Science_Course\kenya_public_finance_intelligence\kenya_public_finance_intelligence\data\raw\oag\oag_2017-18_county-executive_county-executive-of-kirinyaga-2017-2018.pdf,349.41,2026-06-13 12:16:50,ok
671,oag,https://www.oagkenya.go.ke/wp-content/uploads/2021/09/County-Executive-of-Kirinyaga-2017-2018.pdf,C:\Users\user\Data_Science_Course\kenya_public_finance_intelligence\kenya_public_finance_intelligence\data\raw\oag\oag_2017-18_county-executive_county-executive-of-kirinyaga-2017-2018.pdf,349.41,2026-06-13 12:16:50,ok
672,oag,https://www.oagkenya.go.ke/wp-content/uploads/2021/09/County-Executive-of-Kilifi-2017-2018.pdf#new_tab,C:\Users\user\Data_Science_Course\kenya_public_finance_intelligence\kenya_public_finance_intelligence\data\raw\oag\oag_2017-18_county-executive_county-executive-of-kilifi-2017-2018.pdf,299.49,2026-06-13 12:16:53,ok
673,oag,https://www.oagkenya.go.ke/wp-content/uploads/2021/09/County-Executive-of-Kilifi-2017-2018.pdf,C:\Users\user\Data_Science_Course\kenya_public_finance_intelligence\kenya_public_finance_intelligence\data\raw\oag\oag_2017-18_county-executive_county-executive-of-kilifi-2017-2018.pdf,299.49,2026-06-13 12:16:53,ok
674,oag,https://www.oagkenya.go.ke/wp-content/uploads/2021/09/County-Executive-of-Kericho-2017-2018.pdf#new_tab,C:\Users\user\Data_Science_Course\kenya_public_finance_intelligence\kenya_public_finance_intelligence\data\raw\oag\oag_2017-18_county-executive_county-executive-of-kericho-2017-2018.pdf,254.83,2026-06-13 12:16:58,ok
675,oag,https://www.oagkenya.go.ke/wp-content/uploads/2021/09/County-Executive-of-Kericho-2017-2018.pdf,C:\Users\user\Data_Science_Course\kenya_public_finance_intelligence\kenya_public_finance_intelligence\data\raw\oag\oag_2017-18_county-executive_county-executive-of-kericho-2017-2018.pdf,254.83,2026-06-13 12:16:58,ok
676,oag,https://www.oagkenya.go.ke/wp-content/uploads/2021/09/County-Executive-of-Isiolo-2017-2018.pdf#new_tab,C:\Users\user\Data_Science_Course\kenya_public_finance_intelligence\kenya_public_finance_intelligence\data\raw\oag\oag_2017-18_county-executive_county-executive-of-isiolo-2017-2018.pdf,360.73,2026-06-13 12:17:02,ok
677,oag,https://www.oagkenya.go.ke/wp-content/uploads/2021/09/County-Executive-of-Isiolo-2017-2018.pdf,C:\Users\user\Data_Science_Course\kenya_public_finance_intelligence\kenya_public_finance_intelligence\data\raw\oag\oag_2017-18_county-executive_county-executive-of-isiolo-2017-2018.pdf,360.73,2026-06-13 12:17:02,ok
678,oag,https://www.oagkenya.go.ke/wp-content/uploads/2021/09/County-Executive-of-Homa-Bay-2017-2018.pdf#new_tab,C:\Users\user\Data_Science_Course\kenya_public_finance_intelligence\kenya_public_finance_intelligence\data\raw\oag\oag_2017-18_county-executive_county-executive-of-homa-bay-2017-2018.pdf,330.17,2026-06-13 12:17:07,ok
679,oag,https://www.oagkenya.go.ke/wp-content/uploads/2021/09/County-Executive-of-Homa-Bay-2017-2018.pdf,C:\Users\user\Data_Science_Course\kenya_public_finance_intelligence\kenya_public_finance_intelligence\data\raw\oag\oag_2017-18_county-executive_county-executive-of-homa-bay-2017-2018.pdf,330.17,2026-06-13 12:17:07,ok
680,oag,https://www.oagkenya.go.ke/wp-content/uploads/2021/09/County-Executive-of-Garissa-2017-2018.pdf#new_tab,C:\Users\user\Data_Science_Course\kenya_public_finance_intelligence\kenya_public_finance_intelligence\data\raw\oag\oag_2017-18_county-executive_county-executive-of-garissa-2017-2018.pdf,309.75,2026-06-13 12:17:10,ok
681,oag,https://www.oagkenya.go.ke/wp-content/uploads/2021/09/County-Executive-of-Garissa-2017-2018.pdf,C:\Users\user\Data_Science_Course\kenya_public_finance_intelligence\kenya_public_finance_intelligence\data\raw\oag\oag_2017-18_county-executive_county-executive-of-garissa-2017-2018.pdf,309.75,2026-06-13 12:17:10,ok
682,oag,https://www.oagkenya.go.ke/wp-content/uploads/2021/09/County-Executive-of-Baringo-2017-2018.pdf#new_tab,C:\Users\user\Data_Science_Course\kenya_public_finance_intelligence\kenya_public_finance_intelligence\data\raw\oag\oag_2017-18_county-executive_county-executive-of-baringo-2017-2018.pdf,283.14,2026-06-13 12:17:13,ok
683,oag,https://www.oagkenya.go.ke/wp-content/uploads/2021/09/County-Executive-of-Baringo-2017-2018.pdf,C:\Users\user\Data_Science_Course\kenya_public_finance_intelligence\kenya_public_finance_intelligence\data\raw\oag\oag_2017-18_county-executive_county-executive-of-baringo-2017-2018.pdf,283.14,2026-06-13 12:17:13,ok
684,oag,https://www.oagkenya.go.ke/wp-content/uploads/2021/09/County-Assembly-of-West-Pokot-2017-2018.pdf#new_tab,C:\Users\user\Data_Science_Course\kenya_public_finance_intelligence\kenya_public_finance_intelligence\data\raw\oag\oag_2017-18_county-assembly_county-assembly-of-west-pokot-2017-2018.pdf,246.55,2026-06-13 12:17:16,ok
685,oag,https://www.oagkenya.go.ke/wp-content/uploads/2021/09/County-Assembly-of-West-Pokot-2017-2018.pdf,C:\Users\user\Data_Science_Course\kenya_public_finance_intelligence\kenya_public_finance_intelligence\data\raw\oag\oag_2017-18_county-assembly_county-assembly-of-west-pokot-2017-2018.pdf,246.55,2026-06-13 12:17:16,ok
686,oag,https://www.oagkenya.go.ke/wp-content/uploads/2021/09/County-Assembly-of-Wajir-2017-2018.pdf#new_tab,C:\Users\user\Data_Science_Course\kenya_public_finance_intelligence\kenya_public_finance_intelligence\data\raw\oag\oag_2017-18_county-assembly_county-assembly-of-wajir-2017-2018.pdf,254.17,2026-06-13 12:17:19,ok
687,oag,https://www.oagkenya.go.ke/wp-content/uploads/2021/09/County-Assembly-of-Wajir-2017-2018.pdf,C:\Users\user\Data_Science_Course\kenya_public_finance_intelligence\kenya_public_finance_intelligence\data\raw\oag\oag_2017-18_county-assembly_county-assembly-of-wajir-2017-2018.pdf,254.17,2026-06-13 12:17:19,ok
688,oag,https://www.oagkenya.go.ke/wp-content/uploads/2021/09/County-Assembly-of-Vihiga-2017-2018.pdf#new_tab,C:\Users\user\Data_Science_Course\kenya_public_finance_intelligence\kenya_public_finance_intelligence\data\raw\oag\oag_2017-18_county-assembly_county-assembly-of-vihiga-2017-2018.pdf,335.45,2026-06-13 12:17:22,ok
689,oag,https://www.oagkenya.go.ke/wp-content/uploads/2021/09/County-Assembly-of-Vihiga-2017-2018.pdf,C:\Users\user\Data_Science_Course\kenya_public_finance_intelligence\kenya_public_finance_intelligence\data\raw\oag\oag_2017-18_county-assembly_county-assembly-of-vihiga-2017-2018.pdf,335.45,2026-06-13 12:17:22,ok
690,oag,https://www.oagkenya.go.ke/wp-content/uploads/2021/09/County-Assembly-of-Turkana-2017-2018.pdf#new_tab,C:\Users\user\Data_Science_Course\kenya_public_finance_intelligence\kenya_public_finance_intelligence\data\raw\oag\oag_2017-18_county-assembly_county-assembly-of-turkana-2017-2018.pdf,225.35,2026-06-13 12:17:25,ok
691,oag,https://www.oagkenya.go.ke/wp-content/uploads/2021/09/County-Assembly-of-Turkana-2017-2018.pdf,C:\Users\user\Data_Science_Course\kenya_public_finance_intelligence\kenya_public_finance_intelligence\data\raw\oag\oag_2017-18_county-assembly_county-assembly-of-turkana-2017-2018.pdf,225.35,2026-06-13 12:17:26,ok
692,oag,https://www.oagkenya.go.ke/wp-content/uploads/2021/09/County-Assembly-of-Trans-Nzoia-2017-2018.pdf#new_tab,C:\Users\user\Data_Science_Course\kenya_public_finance_intelligence\kenya_public_finance_intelligence\data\raw\oag\oag_2017-18_county-assembly_county-assembly-of-trans-nzoia-2017-2018.pdf,220.68,2026-06-13 12:17:31,ok
693,oag,https://www.oagkenya.go.ke/wp-content/uploads/2021/09/County-Assembly-of-Trans-Nzoia-2017-2018.pdf,C:\Users\user\Data_Science_Course\kenya_public_finance_intelligence\kenya_public_finance_intelligence\data\raw\oag\oag_2017-18_county-assembly_county-assembly-of-trans-nzoia-2017-2018.pdf,220.68,2026-06-13 12:17:31,ok
694,oag,https://www.oagkenya.go.ke/wp-content/uploads/2021/09/County-Assembly-of-Tharaka-Nithi-2017-2018.pdf#new_tab,C:\Users\user\Data_Science_Course\kenya_public_finance_intelligence\kenya_public_finance_intelligence\data\raw\oag\oag_2017-18_county-assembly_county-assembly-of-tharaka-nithi-2017-20.pdf,298.89,2026-06-13 12:17:34,ok
695,oag,https://www.oagkenya.go.ke/wp-content/uploads/2021/09/County-Assembly-of-Tharaka-Nithi-2017-2018.pdf,C:\Users\user\Data_Science_Course\kenya_public_finance_intelligence\kenya_public_finance_intelligence\data\raw\oag\oag_2017-18_county-assembly_county-assembly-of-tharaka-nithi-2017-20.pdf,298.89,2026-06-13 12:17:34,ok
696,oag,https://www.oagkenya.go.ke/wp-content/uploads/2021/09/County-Assembly-of-Tana-River-2017-2018.pdf#new_tab,C:\Users\user\Data_Science_Course\kenya_public_finance_intelligence\kenya_public_finance_intelligence\data\raw\oag\oag_2017-18_county-assembly_county-assembly-of-tana-river-2017-2018.pdf,213.15,2026-06-13 12:17:37,ok
697,oag,https://www.oagkenya.go.ke/wp-content/uploads/2021/09/County-Assembly-of-Tana-River-2017-2018.pdf,C:\Users\user\Data_Science_Course\kenya_public_finance_intelligence\kenya_public_finance_intelligence\data\raw\oag\oag_2017-18_county-assembly_county-assembly-of-tana-river-2017-2018.pdf,213.15,2026-06-13 12:17:37,ok
698,oag,https://www.oagkenya.go.ke/wp-content/uploads/2021/09/County-Assembly-of-Nyeri-2017-2018.pdf#new_tab,C:\Users\user\Data_Science_Course\kenya_public_finance_intelligence\kenya_public_finance_intelligence\data\raw\oag\oag_2017-18_county-assembly_county-assembly-of-nyeri-2017-2018.pdf,203.34,2026-06-13 12:17:40,ok
699,oag,https://www.oagkenya.go.ke/wp-content/uploads/2021/09/County-Assembly-of-Nyeri-2017-2018.pdf,C:\Users\user\Data_Science_Course\kenya_public_finance_intelligence\kenya_public_finance_intelligence\data\raw\oag\oag_2017-18_county-assembly_county-assembly-of-nyeri-2017-2018.pdf,203.34,2026-06-13 12:17:40,ok
700,oag,https://www.oagkenya.go.ke/wp-content/uploads/2021/09/County-Assembly-of-Nyandarua-2017-2018.pdf#new_tab,C:\Users\user\Data_Science_Course\kenya_public_finance_intelligence\kenya_public_finance_intelligence\data\raw\oag\oag_2017-18_county-assembly_county-assembly-of-nyandarua-2017-2018.pdf,172.57,2026-06-13 12:17:44,ok
701,oag,https://www.oagkenya.go.ke/wp-content/uploads/2021/09/County-Assembly-of-Nyandarua-2017-2018.pdf,C:\Users\user\Data_Science_Course\kenya_public_finance_intelligence\kenya_public_finance_intelligence\data\raw\oag\oag_2017-18_county-assembly_county-assembly-of-nyandarua-2017-2018.pdf,172.57,2026-06-13 12:17:44,ok
702,oag,https://www.oagkenya.go.ke/wp-content/uploads/2021/09/County-Assembly-of-Nyamira-2017-2018.pdf#new_tab,C:\Users\user\Data_Science_Course\kenya_public_finance_intelligence\kenya_public_finance_intelligence\data\raw\oag\oag_2017-18_county-assembly_county-assembly-of-nyamira-2017-2018.pdf,220.0,2026-06-13 12:18:14,ok
703,oag,https://www.oagkenya.go.ke/wp-content/uploads/2021/09/County-Assembly-of-Nyamira-2017-2018.pdf,C:\Users\user\Data_Science_Course\kenya_public_finance_intelligence\kenya_public_finance_intelligence\data\raw\oag\oag_2017-18_county-assembly_county-assembly-of-nyamira-2017-2018.pdf,220.0,2026-06-13 12:18:15,ok
704,oag,https://www.oagkenya.go.ke/wp-content/uploads/2021/09/County-Assembly-of-Nakuru-2017-2018.pdf,C:\Users\user\Data_Science_Course\kenya_public_finance_intelligence\kenya_public_finance_intelligence\data\raw\oag\oag_2017-18_county-assembly_county-assembly-of-nakuru-2017-2018.pdf,188.26,2026-06-13 12:19:14,ok
705,oag,https://www.oagkenya.go.ke/wp-content/uploads/2021/09/County-Assembly-of-Nairobi-2017-2018.pdf#new_tab,C:\Users\user\Data_Science_Course\kenya_public_finance_intelligence\kenya_public_finance_intelligence\data\raw\oag\oag_2017-18_county-assembly_county-assembly-of-nairobi-2017-2018.pdf,215.42,2026-06-13 12:19:18,ok
706,oag,https://www.oagkenya.go.ke/wp-content/uploads/2021/09/County-Assembly-of-Nairobi-2017-2018.pdf,C:\Users\user\Data_Science_Course\kenya_public_finance_intelligence\kenya_public_finance_intelligence\data\raw\oag\oag_2017-18_county-assembly_county-assembly-of-nairobi-2017-2018.pdf,215.42,2026-06-13 12:19:18,ok
707,oag,https://www.oagkenya.go.ke/wp-content/uploads/2021/09/County-Assembly-of-Muranga-2017-2018.pdf#new_tab,C:\Users\user\Data_Science_Course\kenya_public_finance_intelligence\kenya_public_finance_intelligence\data\raw\oag\oag_2017-18_county-assembly_county-assembly-of-muranga-2017-2018.pdf,268.84,2026-06-13 12:19:22,ok
708,oag,https://www.oagkenya.go.ke/wp-content/uploads/2021/09/County-Assembly-of-Muranga-2017-2018.pdf,C:\Users\user\Data_Science_Course\kenya_public_finance_intelligence\kenya_public_finance_intelligence\data\raw\oag\oag_2017-18_county-assembly_county-assembly-of-muranga-2017-2018.pdf,268.84,2026-06-13 12:19:22,ok
709,oag,https://www.oagkenya.go.ke/wp-content/uploads/2021/09/County-Assembly-of-Marsabit-2017-2018.pdf#new_tab,C:\Users\user\Data_Science_Course\kenya_public_finance_intelligence\kenya_public_finance_intelligence\data\raw\oag\oag_2017-18_county-assembly_county-assembly-of-marsabit-2017-2018.pdf,244.12,2026-06-13 12:19:26,ok
710,oag,https://www.oagkenya.go.ke/wp-content/uploads/2021/09/County-Assembly-of-Marsabit-2017-2018.pdf,C:\Users\user\Data_Science_Course\kenya_public_finance_intelligence\kenya_public_finance_intelligence\data\raw\oag\oag_2017-18_county-assembly_county-assembly-of-marsabit-2017-2018.pdf,244.12,2026-06-13 12:19:26,ok
711,oag,https://www.oagkenya.go.ke/wp-content/uploads/2021/09/County-Assembly-of-Lamu-2017-2018.pdf#new_tab,C:\Users\user\Data_Science_Course\kenya_public_finance_intelligence\kenya_public_finance_intelligence\data\raw\oag\oag_2017-18_county-assembly_county-assembly-of-lamu-2017-2018.pdf,237.43,2026-06-13 12:19:28,ok
712,oag,https://www.oagkenya.go.ke/wp-content/uploads/2021/09/County-Assembly-of-Lamu-2017-2018.pdf,C:\Users\user\Data_Science_Course\kenya_public_finance_intelligence\kenya_public_finance_intelligence\data\raw\oag\oag_2017-18_county-assembly_county-assembly-of-lamu-2017-2018.pdf,237.43,2026-06-13 12:19:28,ok
713,oag,https://www.oagkenya.go.ke/wp-content/uploads/2021/09/County-Assembly-of-Kitui-2017-2018.pdf#new_tab,C:\Users\user\Data_Science_Course\kenya_public_finance_intelligence\kenya_public_finance_intelligence\data\raw\oag\oag_2017-18_county-assembly_county-assembly-of-kitui-2017-2018.pdf,271.5,2026-06-13 12:19:31,ok
714,oag,https://www.oagkenya.go.ke/wp-content/uploads/2021/09/County-Assembly-of-Kitui-2017-2018.pdf,C:\Users\user\Data_Science_Course\kenya_public_finance_intelligence\kenya_public_finance_intelligence\data\raw\oag\oag_2017-18_county-assembly_county-assembly-of-kitui-2017-2018.pdf,271.5,2026-06-13 12:19:31,ok
715,oag,https://www.oagkenya.go.ke/wp-content/uploads/2021/09/County-Assembly-of-Kisii-2017-2018.pdf#new_tab,C:\Users\user\Data_Science_Course\kenya_public_finance_intelligence\kenya_public_finance_intelligence\data\raw\oag\oag_2017-18_county-assembly_county-assembly-of-kisii-2017-2018.pdf,210.34,2026-06-13 12:19:34,ok
716,oag,https://www.oagkenya.go.ke/wp-content/uploads/2021/09/County-Assembly-of-Kisii-2017-2018.pdf,C:\Users\user\Data_Science_Course\kenya_public_finance_intelligence\kenya_public_finance_intelligence\data\raw\oag\oag_2017-18_county-assembly_county-assembly-of-kisii-2017-2018.pdf,210.34,2026-06-13 12:19:34,ok
717,oag,https://www.oagkenya.go.ke/wp-content/uploads/2021/09/County-Assembly-of-Kirinyaga-2017-2018.pdf#new_tab,C:\Users\user\Data_Science_Course\kenya_public_finance_intelligence\kenya_public_finance_intelligence\data\raw\oag\oag_2017-18_county-assembly_county-assembly-of-kirinyaga-2017-2018.pdf,233.52,2026-06-13 12:19:36,ok
718,oag,https://www.oagkenya.go.ke/wp-content/uploads/2021/09/County-Assembly-of-Kirinyaga-2017-2018.pdf,C:\Users\user\Data_Science_Course\kenya_public_finance_intelligence\kenya_public_finance_intelligence\data\raw\oag\oag_2017-18_county-assembly_county-assembly-of-kirinyaga-2017-2018.pdf,233.52,2026-06-13 12:19:36,ok
719,oag,https://www.oagkenya.go.ke/wp-content/uploads/2021/09/County-Assembly-of-Kilifi-2017-2018.pdf#new_tab,C:\Users\user\Data_Science_Course\kenya_public_finance_intelligence\kenya_public_finance_intelligence\data\raw\oag\oag_2017-18_county-assembly_county-assembly-of-kilifi-2017-2018.pdf,194.73,2026-06-13 12:19:40,ok
720,oag,https://www.oagkenya.go.ke/wp-content/uploads/2021/09/County-Assembly-of-Kilifi-2017-2018.pdf,C:\Users\user\Data_Science_Course\kenya_public_finance_intelligence\kenya_public_finance_intelligence\data\raw\oag\oag_2017-18_county-assembly_county-assembly-of-kilifi-2017-2018.pdf,194.73,2026-06-13 12:19:40,ok
721,oag,https://www.oagkenya.go.ke/wp-content/uploads/2021/09/County-Assembly-of-Kiambu-2017-2018.pdf#new_tab,C:\Users\user\Data_Science_Course\kenya_public_finance_intelligence\kenya_public_finance_intelligence\data\raw\oag\oag_2017-18_county-assembly_county-assembly-of-kiambu-2017-2018.pdf,258.78,2026-06-13 12:19:42,ok
722,oag,https://www.oagkenya.go.ke/wp-content/uploads/2021/09/County-Assembly-of-Kiambu-2017-2018.pdf,C:\Users\user\Data_Science_Course\kenya_public_finance_intelligence\kenya_public_finance_intelligence\data\raw\oag\oag_2017-18_county-assembly_county-assembly-of-kiambu-2017-2018.pdf,258.78,2026-06-13 12:19:43,ok
723,oag,https://www.oagkenya.go.ke/wp-content/uploads/2021/09/County-Assembly-of-Garissa-2017-2018.pdf#new_tab,C:\Users\user\Data_Science_Course\kenya_public_finance_intelligence\kenya_public_finance_intelligence\data\raw\oag\oag_2017-18_county-assembly_county-assembly-of-garissa-2017-2018.pdf,224.5,2026-06-13 12:19:46,ok
724,oag,https://www.oagkenya.go.ke/wp-content/uploads/2021/09/County-Assembly-of-Garissa-2017-2018.pdf,C:\Users\user\Data_Science_Course\kenya_public_finance_intelligence\kenya_public_finance_intelligence\data\raw\oag\oag_2017-18_county-assembly_county-assembly-of-garissa-2017-2018.pdf,224.5,2026-06-13 12:19:46,ok
725,oag,https://www.oagkenya.go.ke/wp-content/uploads/2021/09/County-Assembly-of-Busia-2017-2018.pdf#new_tab,C:\Users\user\Data_Science_Course\kenya_public_finance_intelligence\kenya_public_finance_intelligence\data\raw\oag\oag_2017-18_county-assembly_county-assembly-of-busia-2017-2018.pdf,202.03,2026-06-13 12:19:49,ok
726,oag,https://www.oagkenya.go.ke/wp-content/uploads/2021/09/County-Assembly-of-Busia-2017-2018.pdf,C:\Users\user\Data_Science_Course\kenya_public_finance_intelligence\kenya_public_finance_intelligence\data\raw\oag\oag_2017-18_county-assembly_county-assembly-of-busia-2017-2018.pdf,202.03,2026-06-13 12:19:49,ok
727,oag,https://www.oagkenya.go.ke/wp-content/uploads/2021/09/County-Assembly-of-Bungoma-2017-2018.pdf#new_tab,C:\Users\user\Data_Science_Course\kenya_public_finance_intelligence\kenya_public_finance_intelligence\data\raw\oag\oag_2017-18_county-assembly_county-assembly-of-bungoma-2017-2018.pdf,222.15,2026-06-13 12:19:53,ok
728,oag,https://www.oagkenya.go.ke/wp-content/uploads/2021/09/County-Assembly-of-Bungoma-2017-2018.pdf,C:\Users\user\Data_Science_Course\kenya_public_finance_intelligence\kenya_public_finance_intelligence\data\raw\oag\oag_2017-18_county-assembly_county-assembly-of-bungoma-2017-2018.pdf,222.15,2026-06-13 12:19:53,ok
729,oag,https://www.oagkenya.go.ke/wp-content/uploads/2021/09/County-Assembly-of-Bomet-2017-2018.pdf#new_tab,C:\Users\user\Data_Science_Course\kenya_public_finance_intelligence\kenya_public_finance_intelligence\data\raw\oag\oag_2017-18_county-assembly_county-assembly-of-bomet-2017-2018.pdf,218.58,2026-06-13 12:19:59,ok
730,oag,https://www.oagkenya.go.ke/wp-content/uploads/2021/09/County-Assembly-of-Bomet-2017-2018.pdf,C:\Users\user\Data_Science_Course\kenya_public_finance_intelligence\kenya_public_finance_intelligence\data\raw\oag\oag_2017-18_county-assembly_county-assembly-of-bomet-2017-2018.pdf,218.58,2026-06-13 12:19:59,ok
731,oag,https://www.oagkenya.go.ke/wp-content/uploads/2021/09/County-Executive-of-Wajir-2017-2018.pdf#new_tab,C:\Users\user\Data_Science_Course\kenya_public_finance_intelligence\kenya_public_finance_intelligence\data\raw\oag\oag_2017-18_county-executive_county-executive-of-wajir-2017-2018.pdf,336.23,2026-06-13 12:20:07,ok
732,oag,https://www.oagkenya.go.ke/wp-content/uploads/2021/09/County-Executive-of-Wajir-2017-2018.pdf,C:\Users\user\Data_Science_Course\kenya_public_finance_intelligence\kenya_public_finance_intelligence\data\raw\oag\oag_2017-18_county-executive_county-executive-of-wajir-2017-2018.pdf,336.23,2026-06-13 12:20:07,ok
733,oag,https://www.oagkenya.go.ke/wp-content/uploads/2021/09/County-Executive-of-Tana-River-2017-2018.pdf#new_tab,C:\Users\user\Data_Science_Course\kenya_public_finance_intelligence\kenya_public_finance_intelligence\data\raw\oag\oag_2017-18_county-executive_county-executive-of-tana-river-2017-2018.pdf,257.28,2026-06-13 12:20:14,ok
734,oag,https://www.oagkenya.go.ke/wp-content/uploads/2021/09/County-Executive-of-Tana-River-2017-2018.pdf,C:\Users\user\Data_Science_Course\kenya_public_finance_intelligence\kenya_public_finance_intelligence\data\raw\oag\oag_2017-18_county-executive_county-executive-of-tana-river-2017-2018.pdf,257.28,2026-06-13 12:20:14,ok
735,oag,https://www.oagkenya.go.ke/wp-content/uploads/2021/09/County-Executive-of-Nyeri-2017-2018.pdf#new_tab,C:\Users\user\Data_Science_Course\kenya_public_finance_intelligence\kenya_public_finance_intelligence\data\raw\oag\oag_2017-18_county-executive_county-executive-of-nyeri-2017-2018.pdf,261.48,2026-06-13 12:20:20,ok
736,oag,https://www.oagkenya.go.ke/wp-content/uploads/2021/09/County-Executive-of-Nyeri-2017-2018.pdf,C:\Users\user\Data_Science_Course\kenya_public_finance_intelligence\kenya_public_finance_intelligence\data\raw\oag\oag_2017-18_county-executive_county-executive-of-nyeri-2017-2018.pdf,261.48,2026-06-13 12:20:20,ok
737,oag,https://www.oagkenya.go.ke/wp-content/uploads/2021/09/County-Executive-of-Nyandarua-2017-2018.pdf#new_tab,C:\Users\user\Data_Science_Course\kenya_public_finance_intelligence\kenya_public_finance_intelligence\data\raw\oag\oag_2017-18_county-executive_county-executive-of-nyandarua-2017-2018.pdf,248.19,2026-06-13 12:20:24,ok
738,oag,https://www.oagkenya.go.ke/wp-content/uploads/2021/09/County-Executive-of-Nyandarua-2017-2018.pdf,C:\Users\user\Data_Science_Course\kenya_public_finance_intelligence\kenya_public_finance_intelligence\data\raw\oag\oag_2017-18_county-executive_county-executive-of-nyandarua-2017-2018.pdf,248.19,2026-06-13 12:20:24,ok
739,oag,https://www.oagkenya.go.ke/wp-content/uploads/2021/09/County-Executive-of-Muranga-2017-2018.pdf#new_tab,C:\Users\user\Data_Science_Course\kenya_public_finance_intelligence\kenya_public_finance_intelligence\data\raw\oag\oag_2017-18_county-executive_county-executive-of-muranga-2017-2018.pdf,344.43,2026-06-13 12:20:24,ok
740,oag,https://www.oagkenya.go.ke/wp-content/uploads/2021/09/County-Executive-of-Muranga-2017-2018.pdf,C:\Users\user\Data_Science_Course\kenya_public_finance_intelligence\kenya_public_finance_intelligence\data\raw\oag\oag_2017-18_county-executive_county-executive-of-muranga-2017-2018.pdf,344.43,2026-06-13 12:20:24,ok
741,oag,https://www.oagkenya.go.ke/wp-content/uploads/2021/09/County-Executive-of-Mombasa-2017-2018.pdf#new_tab,C:\Users\user\Data_Science_Course\kenya_public_finance_intelligence\kenya_public_finance_intelligence\data\raw\oag\oag_2017-18_county-executive_county-executive-of-mombasa-2017-2018.pdf,377.26,2026-06-13 12:20:29,ok
742,oag,https://www.oagkenya.go.ke/wp-content/uploads/2021/09/County-Executive-of-Mombasa-2017-2018.pdf,C:\Users\user\Data_Science_Course\kenya_public_finance_intelligence\kenya_public_finance_intelligence\data\raw\oag\oag_2017-18_county-executive_county-executive-of-mombasa-2017-2018.pdf,377.26,2026-06-13 12:20:29,ok
743,oag,https://www.oagkenya.go.ke/wp-content/uploads/2021/09/County-Executive-of-Migori-2017-2018.pdf#new_tab,C:\Users\user\Data_Science_Course\kenya_public_finance_intelligence\kenya_public_finance_intelligence\data\raw\oag\oag_2017-18_county-executive_county-executive-of-migori-2017-2018.pdf,240.45,2026-06-13 12:20:37,ok
744,oag,https://www.oagkenya.go.ke/wp-content/uploads/2021/09/County-Executive-of-Migori-2017-2018.pdf,C:\Users\user\Data_Science_Course\kenya_public_finance_intelligence\kenya_public_finance_intelligence\data\raw\oag\oag_2017-18_county-executive_county-executive-of-migori-2017-2018.pdf,240.45,2026-06-13 12:20:37,ok
745,oag,https://www.oagkenya.go.ke/wp-content/uploads/2021/09/County-Executive-of-Marsabit-2017-2018.pdf#new_tab,C:\Users\user\Data_Science_Course\kenya_public_finance_intelligence\kenya_public_finance_intelligence\data\raw\oag\oag_2017-18_county-executive_county-executive-of-marsabit-2017-2018.pdf,328.36,2026-06-13 12:20:49,ok
746,oag,https://www.oagkenya.go.ke/wp-content/uploads/2021/09/County-Executive-of-Marsabit-2017-2018.pdf,C:\Users\user\Data_Science_Course\kenya_public_finance_intelligence\kenya_public_finance_intelligence\data\raw\oag\oag_2017-18_county-executive_county-executive-of-marsabit-2017-2018.pdf,328.36,2026-06-13 12:20:49,ok
747,oag,https://www.oagkenya.go.ke/wp-content/uploads/2021/09/County-Executive-of-Machakos-2017-2018.pdf#new_tab,C:\Users\user\Data_Science_Course\kenya_public_finance_intelligence\kenya_public_finance_intelligence\data\raw\oag\oag_2017-18_county-executive_county-executive-of-machakos-2017-2018.pdf,233.87,2026-06-13 12:21:01,ok
748,oag,https://www.oagkenya.go.ke/wp-content/uploads/2021/09/County-Executive-of-Machakos-2017-2018.pdf,C:\Users\user\Data_Science_Course\kenya_public_finance_intelligence\kenya_public_finance_intelligence\data\raw\oag\oag_2017-18_county-executive_county-executive-of-machakos-2017-2018.pdf,233.87,2026-06-13 12:21:01,ok
749,oag,https://www.oagkenya.go.ke/wp-content/uploads/2021/09/County-Executive-of-Laikipia-2017-2018.pdf#new_tab,C:\Users\user\Data_Science_Course\kenya_public_finance_intelligence\kenya_public_finance_intelligence\data\raw\oag\oag_2017-18_county-executive_county-executive-of-laikipia-2017-2018.pdf,339.56,2026-06-13 12:21:08,ok
750,oag,https://www.oagkenya.go.ke/wp-content/uploads/2021/09/County-Executive-of-Laikipia-2017-2018.pdf,C:\Users\user\Data_Science_Course\kenya_public_finance_intelligence\kenya_public_finance_intelligence\data\raw\oag\oag_2017-18_county-executive_county-executive-of-laikipia-2017-2018.pdf,339.56,2026-06-13 12:21:08,ok
751,oag,https://www.oagkenya.go.ke/wp-content/uploads/2021/09/County-Executive-of-Kwale-2017-2018.pdf#new_tab,C:\Users\user\Data_Science_Course\kenya_public_finance_intelligence\kenya_public_finance_intelligence\data\raw\oag\oag_2017-18_county-executive_county-executive-of-kwale-2017-2018.pdf,330.93,2026-06-13 12:21:12,ok
752,oag,https://www.oagkenya.go.ke/wp-content/uploads/2021/09/County-Executive-of-Kwale-2017-2018.pdf,C:\Users\user\Data_Science_Course\kenya_public_finance_intelligence\kenya_public_finance_intelligence\data\raw\oag\oag_2017-18_county-executive_county-executive-of-kwale-2017-2018.pdf,330.93,2026-06-13 12:21:12,ok
753,oag,https://www.oagkenya.go.ke/wp-content/uploads/2021/09/County-Executive-of-Kitui-2017-2018.pdf#new_tab,C:\Users\user\Data_Science_Course\kenya_public_finance_intelligence\kenya_public_finance_intelligence\data\raw\oag\oag_2017-18_county-executive_county-executive-of-kitui-2017-2018.pdf,360.06,2026-06-13 12:21:17,ok
754,oag,https://www.oagkenya.go.ke/wp-content/uploads/2021/09/County-Executive-of-Kitui-2017-2018.pdf,C:\Users\user\Data_Science_Course\kenya_public_finance_intelligence\kenya_public_finance_intelligence\data\raw\oag\oag_2017-18_county-executive_county-executive-of-kitui-2017-2018.pdf,360.06,2026-06-13 12:21:17,ok
755,oag,https://www.oagkenya.go.ke/wp-content/uploads/2021/09/County-Executive-of-Kiambu-2017-2018.pdf#new_tab,C:\Users\user\Data_Science_Course\kenya_public_finance_intelligence\kenya_public_finance_intelligence\data\raw\oag\oag_2017-18_county-executive_county-executive-of-kiambu-2017-2018.pdf,281.68,2026-06-13 12:21:36,ok
756,oag,https://www.oagkenya.go.ke/wp-content/uploads/2021/09/County-Executive-of-Kiambu-2017-2018.pdf,C:\Users\user\Data_Science_Course\kenya_public_finance_intelligence\kenya_public_finance_intelligence\data\raw\oag\oag_2017-18_county-executive_county-executive-of-kiambu-2017-2018.pdf,281.68,2026-06-13 12:21:36,ok
757,oag,https://www.oagkenya.go.ke/wp-content/uploads/2021/09/County-Executive-of-Kakamega-2017-2018.pdf#new_tab,C:\Users\user\Data_Science_Course\kenya_public_finance_intelligence\kenya_public_finance_intelligence\data\raw\oag\oag_2017-18_county-executive_county-executive-of-kakamega-2017-2018.pdf,231.97,2026-06-13 12:21:46,ok
758,oag,https://www.oagkenya.go.ke/wp-content/uploads/2021/09/County-Executive-of-Kakamega-2017-2018.pdf,C:\Users\user\Data_Science_Course\kenya_public_finance_intelligence\kenya_public_finance_intelligence\data\raw\oag\oag_2017-18_county-executive_county-executive-of-kakamega-2017-2018.pdf,231.97,2026-06-13 12:21:46,ok
759,oag,https://www.oagkenya.go.ke/wp-content/uploads/2021/09/County-Executive-of-Embu-2017-2018.pdf#new_tab,C:\Users\user\Data_Science_Course\kenya_public_finance_intelligence\kenya_public_finance_intelligence\data\raw\oag\oag_2017-18_county-executive_county-executive-of-embu-2017-2018.pdf,337.11,2026-06-13 12:22:03,ok
760,oag,https://www.oagkenya.go.ke/wp-content/uploads/2021/09/County-Executive-of-Embu-2017-2018.pdf,C:\Users\user\Data_Science_Course\kenya_public_finance_intelligence\kenya_public_finance_intelligence\data\raw\oag\oag_2017-18_county-executive_county-executive-of-embu-2017-2018.pdf,337.11,2026-06-13 12:22:03,ok
761,oag,https://www.oagkenya.go.ke/wp-content/uploads/2021/09/County-Executive-of-Elgeyo-Marakwet-2017-2018.pdf#new_tab,C:\Users\user\Data_Science_Course\kenya_public_finance_intelligence\kenya_public_finance_intelligence\data\raw\oag\oag_2017-18_county-executive_county-executive-of-elgeyo-marakwet-2017.pdf,291.89,2026-06-13 12:22:08,ok
762,oag,https://www.oagkenya.go.ke/wp-content/uploads/2021/09/County-Executive-of-Elgeyo-Marakwet-2017-2018.pdf,C:\Users\user\Data_Science_Course\kenya_public_finance_intelligence\kenya_public_finance_intelligence\data\raw\oag\oag_2017-18_county-executive_county-executive-of-elgeyo-marakwet-2017.pdf,291.89,2026-06-13 12:22:08,ok
763,oag,https://www.oagkenya.go.ke/wp-content/uploads/2021/09/County-Executive-of-Bungoma-2017-2018.pdf#new_tab,C:\Users\user\Data_Science_Course\kenya_public_finance_intelligence\kenya_public_finance_intelligence\data\raw\oag\oag_2017-18_county-executive_county-executive-of-bungoma-2017-2018.pdf,374.19,2026-06-13 12:22:13,ok
764,oag,https://www.oagkenya.go.ke/wp-content/uploads/2021/09/County-Executive-of-Bungoma-2017-2018.pdf,C:\Users\user\Data_Science_Course\kenya_public_finance_intelligence\kenya_public_finance_intelligence\data\raw\oag\oag_2017-18_county-executive_county-executive-of-bungoma-2017-2018.pdf,374.19,2026-06-13 12:22:13,ok
765,oag,https://www.oagkenya.go.ke/wp-content/uploads/2021/09/County-Executive-of-Bomet-2017-2018.pdf#new_tab,C:\Users\user\Data_Science_Course\kenya_public_finance_intelligence\kenya_public_finance_intelligence\data\raw\oag\oag_2017-18_county-executive_county-executive-of-bomet-2017-2018.pdf,217.21,2026-06-13 12:22:19,ok
766,oag,https://www.oagkenya.go.ke/wp-content/uploads/2021/09/County-Executive-of-Bomet-2017-2018.pdf,C:\Users\user\Data_Science_Course\kenya_public_finance_intelligence\kenya_public_finance_intelligence\data\raw\oag\oag_2017-18_county-executive_county-executive-of-bomet-2017-2018.pdf,217.21,2026-06-13 12:22:19,ok
767,oag,https://www.oagkenya.go.ke/wp-content/uploads/2021/09/County-Assembly-of-Uasin-Gishu-2017-2018.pdf#new_tab,C:\Users\user\Data_Science_Course\kenya_public_finance_intelligence\kenya_public_finance_intelligence\data\raw\oag\oag_2017-18_county-assembly_county-assembly-of-uasin-gishu-2017-2018.pdf,208.08,2026-06-13 12:22:23,ok
768,oag,https://www.oagkenya.go.ke/wp-content/uploads/2021/09/County-Assembly-of-Uasin-Gishu-2017-2018.pdf,C:\Users\user\Data_Science_Course\kenya_public_finance_intelligence\kenya_public_finance_intelligence\data\raw\oag\oag_2017-18_county-assembly_county-assembly-of-uasin-gishu-2017-2018.pdf,208.08,2026-06-13 12:22:23,ok
769,oag,https://www.oagkenya.go.ke/wp-content/uploads/2021/09/County-Assembly-of-Taita-Taveta-2017-2018.pdf#new_tab,C:\Users\user\Data_Science_Course\kenya_public_finance_intelligence\kenya_public_finance_intelligence\data\raw\oag\oag_2017-18_county-assembly_county-assembly-of-taita-taveta-2017-201.pdf,204.77,2026-06-13 12:22:25,ok
770,oag,https://www.oagkenya.go.ke/wp-content/uploads/2021/09/County-Assembly-of-Taita-Taveta-2017-2018.pdf,C:\Users\user\Data_Science_Course\kenya_public_finance_intelligence\kenya_public_finance_intelligence\data\raw\oag\oag_2017-18_county-assembly_county-assembly-of-taita-taveta-2017-201.pdf,204.77,2026-06-13 12:22:25,ok
771,oag,https://www.oagkenya.go.ke/wp-content/uploads/2021/09/County-Assembly-of-Siaya-2017-2018.pdf#new_tab,C:\Users\user\Data_Science_Course\kenya_public_finance_intelligence\kenya_public_finance_intelligence\data\raw\oag\oag_2017-18_county-assembly_county-assembly-of-siaya-2017-2018.pdf,215.64,2026-06-13 12:22:30,ok
772,oag,https://www.oagkenya.go.ke/wp-content/uploads/2021/09/County-Assembly-of-Siaya-2017-2018.pdf,C:\Users\user\Data_Science_Course\kenya_public_finance_intelligence\kenya_public_finance_intelligence\data\raw\oag\oag_2017-18_county-assembly_county-assembly-of-siaya-2017-2018.pdf,215.64,2026-06-13 12:22:31,ok
773,oag,https://www.oagkenya.go.ke/wp-content/uploads/2021/09/County-Assembly-of-Samburu-2017-2018.pdf#new_tab,C:\Users\user\Data_Science_Course\kenya_public_finance_intelligence\kenya_public_finance_intelligence\data\raw\oag\oag_2017-18_county-assembly_county-assembly-of-samburu-2017-2018.pdf,282.24,2026-06-13 12:22:35,ok
774,oag,https://www.oagkenya.go.ke/wp-content/uploads/2021/09/County-Assembly-of-Samburu-2017-2018.pdf,C:\Users\user\Data_Science_Course\kenya_public_finance_intelligence\kenya_public_finance_intelligence\data\raw\oag\oag_2017-18_county-assembly_county-assembly-of-samburu-2017-2018.pdf,282.24,2026-06-13 12:22:35,ok
775,oag,https://www.oagkenya.go.ke/wp-content/uploads/2021/09/County-Assembly-of-Narok-2017-2018.pdf#new_tab,C:\Users\user\Data_Science_Course\kenya_public_finance_intelligence\kenya_public_finance_intelligence\data\raw\oag\oag_2017-18_county-assembly_county-assembly-of-narok-2017-2018.pdf,183.14,2026-06-13 12:22:40,ok
776,oag,https://www.oagkenya.go.ke/wp-content/uploads/2021/09/County-Assembly-of-Narok-2017-2018.pdf,C:\Users\user\Data_Science_Course\kenya_public_finance_intelligence\kenya_public_finance_intelligence\data\raw\oag\oag_2017-18_county-assembly_county-assembly-of-narok-2017-2018.pdf,183.14,2026-06-13 12:22:40,ok
777,oag,https://www.oagkenya.go.ke/wp-content/uploads/2021/09/County-Assembly-of-Nandi-2017-2018.pdf#new_tab,C:\Users\user\Data_Science_Course\kenya_public_finance_intelligence\kenya_public_finance_intelligence\data\raw\oag\oag_2017-18_county-assembly_county-assembly-of-nandi-2017-2018.pdf,194.79,2026-06-13 12:22:44,ok
778,oag,https://www.oagkenya.go.ke/wp-content/uploads/2021/09/County-Assembly-of-Nandi-2017-2018.pdf,C:\Users\user\Data_Science_Course\kenya_public_finance_intelligence\kenya_public_finance_intelligence\data\raw\oag\oag_2017-18_county-assembly_county-assembly-of-nandi-2017-2018.pdf,194.79,2026-06-13 12:22:44,ok
779,oag,https://www.oagkenya.go.ke/wp-content/uploads/2021/09/County-Assembly-of-Nairobi-City-2017-2018.pdf#new_tab,C:\Users\user\Data_Science_Course\kenya_public_finance_intelligence\kenya_public_finance_intelligence\data\raw\oag\oag_2017-18_county-assembly_county-assembly-of-nairobi-city-2017-201.pdf,208.86,2026-06-13 12:22:48,ok
780,oag,https://www.oagkenya.go.ke/wp-content/uploads/2021/09/County-Assembly-of-Nairobi-City-2017-2018.pdf,C:\Users\user\Data_Science_Course\kenya_public_finance_intelligence\kenya_public_finance_intelligence\data\raw\oag\oag_2017-18_county-assembly_county-assembly-of-nairobi-city-2017-201.pdf,208.86,2026-06-13 12:22:48,ok
781,oag,https://www.oagkenya.go.ke/wp-content/uploads/2021/09/County-Assembly-of-Migori-2017-2018.pdf#new_tab,C:\Users\user\Data_Science_Course\kenya_public_finance_intelligence\kenya_public_finance_intelligence\data\raw\oag\oag_2017-18_county-assembly_county-assembly-of-migori-2017-2018.pdf,221.18,2026-06-13 12:22:52,ok
782,oag,https://www.oagkenya.go.ke/wp-content/uploads/2021/09/County-Assembly-of-Migori-2017-2018.pdf,C:\Users\user\Data_Science_Course\kenya_public_finance_intelligence\kenya_public_finance_intelligence\data\raw\oag\oag_2017-18_county-assembly_county-assembly-of-migori-2017-2018.pdf,221.18,2026-06-13 12:22:52,ok
783,oag,https://www.oagkenya.go.ke/wp-content/uploads/2021/09/County-Assembly-of-Meru-2017-2018.pdf#new_tab,C:\Users\user\Data_Science_Course\kenya_public_finance_intelligence\kenya_public_finance_intelligence\data\raw\oag\oag_2017-18_county-assembly_county-assembly-of-meru-2017-2018.pdf,213.86,2026-06-13 12:22:59,ok
784,oag,https://www.oagkenya.go.ke/wp-content/uploads/2021/09/County-Assembly-of-Meru-2017-2018.pdf,C:\Users\user\Data_Science_Course\kenya_public_finance_intelligence\kenya_public_finance_intelligence\data\raw\oag\oag_2017-18_county-assembly_county-assembly-of-meru-2017-2018.pdf,213.86,2026-06-13 12:22:59,ok
785,oag,https://www.oagkenya.go.ke/wp-content/uploads/2021/09/County-Assembly-of-Mandera-2017-2018.pdf#new_tab,C:\Users\user\Data_Science_Course\kenya_public_finance_intelligence\kenya_public_finance_intelligence\data\raw\oag\oag_2017-18_county-assembly_county-assembly-of-mandera-2017-2018.pdf,196.91,2026-06-13 12:23:04,ok
786,oag,https://www.oagkenya.go.ke/wp-content/uploads/2021/09/County-Assembly-of-Mandera-2017-2018.pdf,C:\Users\user\Data_Science_Course\kenya_public_finance_intelligence\kenya_public_finance_intelligence\data\raw\oag\oag_2017-18_county-assembly_county-assembly-of-mandera-2017-2018.pdf,196.91,2026-06-13 12:23:04,ok
787,oag,https://www.oagkenya.go.ke/wp-content/uploads/2021/09/County-Assembly-of-Makueni-2017-2018.pdf#new_tab,C:\Users\user\Data_Science_Course\kenya_public_finance_intelligence\kenya_public_finance_intelligence\data\raw\oag\oag_2017-18_county-assembly_county-assembly-of-makueni-2017-2018.pdf,202.2,2026-06-13 12:23:11,ok
788,oag,https://www.oagkenya.go.ke/wp-content/uploads/2021/09/County-Assembly-of-Makueni-2017-2018.pdf,C:\Users\user\Data_Science_Course\kenya_public_finance_intelligence\kenya_public_finance_intelligence\data\raw\oag\oag_2017-18_county-assembly_county-assembly-of-makueni-2017-2018.pdf,202.2,2026-06-13 12:23:11,ok
789,oag,https://www.oagkenya.go.ke/wp-content/uploads/2021/09/County-Assembly-of-Machakos-2017-2018.pdf#new_tab,C:\Users\user\Data_Science_Course\kenya_public_finance_intelligence\kenya_public_finance_intelligence\data\raw\oag\oag_2017-18_county-assembly_county-assembly-of-machakos-2017-2018.pdf,250.98,2026-06-13 12:23:21,ok
790,oag,https://www.oagkenya.go.ke/wp-content/uploads/2021/09/County-Assembly-of-Machakos-2017-2018.pdf,C:\Users\user\Data_Science_Course\kenya_public_finance_intelligence\kenya_public_finance_intelligence\data\raw\oag\oag_2017-18_county-assembly_county-assembly-of-machakos-2017-2018.pdf,250.98,2026-06-13 12:23:21,ok
791,oag,https://www.oagkenya.go.ke/wp-content/uploads/2021/09/County-Assembly-of-Laikipia-2017-2018.pdf#new_tab,C:\Users\user\Data_Science_Course\kenya_public_finance_intelligence\kenya_public_finance_intelligence\data\raw\oag\oag_2017-18_county-assembly_county-assembly-of-laikipia-2017-2018.pdf,237.4,2026-06-13 12:23:35,ok
792,oag,https://www.oagkenya.go.ke/wp-content/uploads/2021/09/County-Assembly-of-Laikipia-2017-2018.pdf,C:\Users\user\Data_Science_Course\kenya_public_finance_intelligence\kenya_public_finance_intelligence\data\raw\oag\oag_2017-18_county-assembly_county-assembly-of-laikipia-2017-2018.pdf,237.4,2026-06-13 12:23:35,ok
793,oag,https://www.oagkenya.go.ke/wp-content/uploads/2021/09/County-Assembly-of-Kwale-2017-2018.pdf#new_tab,C:\Users\user\Data_Science_Course\kenya_public_finance_intelligence\kenya_public_finance_intelligence\data\raw\oag\oag_2017-18_county-assembly_county-assembly-of-kwale-2017-2018.pdf,264.46,2026-06-13 12:23:44,ok
794,oag,https://www.oagkenya.go.ke/wp-content/uploads/2021/09/County-Assembly-of-Kwale-2017-2018.pdf,C:\Users\user\Data_Science_Course\kenya_public_finance_intelligence\kenya_public_finance_intelligence\data\raw\oag\oag_2017-18_county-assembly_county-assembly-of-kwale-2017-2018.pdf,264.46,2026-06-13 12:23:45,ok
795,oag,https://www.oagkenya.go.ke/wp-content/uploads/2021/09/County-Assembly-of-Kisumu-2017-2018.pdf#new_tab,C:\Users\user\Data_Science_Course\kenya_public_finance_intelligence\kenya_public_finance_intelligence\data\raw\oag\oag_2017-18_county-assembly_county-assembly-of-kisumu-2017-2018.pdf,234.87,2026-06-13 12:23:48,ok
796,oag,https://www.oagkenya.go.ke/wp-content/uploads/2021/09/County-Assembly-of-Kisumu-2017-2018.pdf,C:\Users\user\Data_Science_Course\kenya_public_finance_intelligence\kenya_public_finance_intelligence\data\raw\oag\oag_2017-18_county-assembly_county-assembly-of-kisumu-2017-2018.pdf,234.87,2026-06-13 12:23:48,ok
797,oag,https://www.oagkenya.go.ke/wp-content/uploads/2021/09/County-Assembly-of-Kericho-2017-2018.pdf#new_tab,C:\Users\user\Data_Science_Course\kenya_public_finance_intelligence\kenya_public_finance_intelligence\data\raw\oag\oag_2017-18_county-assembly_county-assembly-of-kericho-2017-2018.pdf,181.28,2026-06-13 12:23:51,ok
798,oag,https://www.oagkenya.go.ke/wp-content/uploads/2021/09/County-Assembly-of-Kericho-2017-2018.pdf,C:\Users\user\Data_Science_Course\kenya_public_finance_intelligence\kenya_public_finance_intelligence\data\raw\oag\oag_2017-18_county-assembly_county-assembly-of-kericho-2017-2018.pdf,181.28,2026-06-13 12:23:51,ok
799,oag,https://www.oagkenya.go.ke/wp-content/uploads/2021/09/County-Assembly-of-Kakamega-2017-2018.pdf#new_tab,C:\Users\user\Data_Science_Course\kenya_public_finance_intelligence\kenya_public_finance_intelligence\data\raw\oag\oag_2017-18_county-assembly_county-assembly-of-kakamega-2017-2018.pdf,360.97,2026-06-13 12:24:00,ok
800,oag,https://www.oagkenya.go.ke/wp-content/uploads/2021/09/County-Assembly-of-Kakamega-2017-2018.pdf,C:\Users\user\Data_Science_Course\kenya_public_finance_intelligence\kenya_public_finance_intelligence\data\raw\oag\oag_2017-18_county-assembly_county-assembly-of-kakamega-2017-2018.pdf,360.97,2026-06-13 12:24:00,ok
801,oag,https://www.oagkenya.go.ke/wp-content/uploads/2021/09/County-Assembly-of-Isiolo-2017-2018.pdf#new_tab,C:\Users\user\Data_Science_Course\kenya_public_finance_intelligence\kenya_public_finance_intelligence\data\raw\oag\oag_2017-18_county-assembly_county-assembly-of-isiolo-2017-2018.pdf,252.52,2026-06-13 12:24:13,ok
802,oag,https://www.oagkenya.go.ke/wp-content/uploads/2021/09/County-Assembly-of-Isiolo-2017-2018.pdf,C:\Users\user\Data_Science_Course\kenya_public_finance_intelligence\kenya_public_finance_intelligence\data\raw\oag\oag_2017-18_county-assembly_county-assembly-of-isiolo-2017-2018.pdf,252.52,2026-06-13 12:24:13,ok
803,oag,https://www.oagkenya.go.ke/wp-content/uploads/2021/09/County-Assembly-of-Homa-bay-2017-2018.pdf#new_tab,C:\Users\user\Data_Science_Course\kenya_public_finance_intelligence\kenya_public_finance_intelligence\data\raw\oag\oag_2017-18_county-assembly_county-assembly-of-homa-bay-2017-2018.pdf,246.84,2026-06-13 12:24:17,ok
804,oag,https://www.oagkenya.go.ke/wp-content/uploads/2021/09/County-Assembly-of-Homa-bay-2017-2018.pdf,C:\Users\user\Data_Science_Course\kenya_public_finance_intelligence\kenya_public_finance_intelligence\data\raw\oag\oag_2017-18_county-assembly_county-assembly-of-homa-bay-2017-2018.pdf,246.84,2026-06-13 12:24:18,ok
805,oag,https://www.oagkenya.go.ke/wp-content/uploads/2021/09/County-Assembly-of-Embu-2017-2018.pdf#new_tab,C:\Users\user\Data_Science_Course\kenya_public_finance_intelligence\kenya_public_finance_intelligence\data\raw\oag\oag_2017-18_county-assembly_county-assembly-of-embu-2017-2018.pdf,236.01,2026-06-13 12:24:20,ok
806,oag,https://www.oagkenya.go.ke/wp-content/uploads/2021/09/County-Assembly-of-Embu-2017-2018.pdf,C:\Users\user\Data_Science_Course\kenya_public_finance_intelligence\kenya_public_finance_intelligence\data\raw\oag\oag_2017-18_county-assembly_county-assembly-of-embu-2017-2018.pdf,236.01,2026-06-13 12:24:20,ok
807,oag,https://www.oagkenya.go.ke/wp-content/uploads/2021/09/County-Assembly-of-Elgeyo-Marakwet-2017-2018.pdf#new_tab,C:\Users\user\Data_Science_Course\kenya_public_finance_intelligence\kenya_public_finance_intelligence\data\raw\oag\oag_2017-18_county-assembly_county-assembly-of-elgeyo-marakwet-2017-.pdf,235.86,2026-06-13 12:24:24,ok
808,oag,https://www.oagkenya.go.ke/wp-content/uploads/2021/09/County-Assembly-of-Elgeyo-Marakwet-2017-2018.pdf,C:\Users\user\Data_Science_Course\kenya_public_finance_intelligence\kenya_public_finance_intelligence\data\raw\oag\oag_2017-18_county-assembly_county-assembly-of-elgeyo-marakwet-2017-.pdf,235.86,2026-06-13 12:24:24,ok
809,oag,https://www.oagkenya.go.ke/wp-content/uploads/2022/09/County-Executive-of-Uasin-Gishu-2016-2017.pdf#new_tab,C:\Users\user\Data_Science_Course\kenya_public_finance_intelligence\kenya_public_finance_intelligence\data\raw\oag\oag_2016-17_county-executive_county-executive-of-uasin-gishu-2016--20.pdf,684.84,2026-06-13 12:24:36,ok
810,oag,https://www.oagkenya.go.ke/wp-content/uploads/2022/09/County-Executive-of-Uasin-Gishu-2016-2017.pdf,C:\Users\user\Data_Science_Course\kenya_public_finance_intelligence\kenya_public_finance_intelligence\data\raw\oag\oag_2016-17_county-executive_county-executive-of-uasin-gishu-2016--20.pdf,684.84,2026-06-13 12:24:37,ok
811,oag,https://www.oagkenya.go.ke/wp-content/uploads/2022/09/County-Executive-of-Kericho-2016-2017.pdf#new_tab,C:\Users\user\Data_Science_Course\kenya_public_finance_intelligence\kenya_public_finance_intelligence\data\raw\oag\oag_2016-17_county-executive_county-executive-of-kericho-2016--2017.pdf,448.0,2026-06-13 12:24:44,ok
812,oag,https://www.oagkenya.go.ke/wp-content/uploads/2022/09/County-Executive-of-Kericho-2016-2017.pdf,C:\Users\user\Data_Science_Course\kenya_public_finance_intelligence\kenya_public_finance_intelligence\data\raw\oag\oag_2016-17_county-executive_county-executive-of-kericho-2016--2017.pdf,448.0,2026-06-13 12:24:44,ok
813,oag,https://www.oagkenya.go.ke/wp-content/uploads/2022/09/County-Assembly-of-Kericho-2016-2017.pdf#new_tab,C:\Users\user\Data_Science_Course\kenya_public_finance_intelligence\kenya_public_finance_intelligence\data\raw\oag\oag_2016-17_county-assembly_county-assembly-of-kericho-2016--2017.pdf,476.95,2026-06-13 12:24:49,ok
814,oag,https://www.oagkenya.go.ke/wp-content/uploads/2022/09/County-Assembly-of-Kericho-2016-2017.pdf,C:\Users\user\Data_Science_Course\kenya_public_finance_intelligence\kenya_public_finance_intelligence\data\raw\oag\oag_2016-17_county-assembly_county-assembly-of-kericho-2016--2017.pdf,476.95,2026-06-13 12:24:49,ok
815,oag,https://www.oagkenya.go.ke/wp-content/uploads/2021/09/County-Executive-of-Baringo-2016-2017.pdf#new_tab,C:\Users\user\Data_Science_Course\kenya_public_finance_intelligence\kenya_public_finance_intelligence\data\raw\oag\oag_2016-17_county-executive_county-executive-of-baringo-2016-2017.pdf,232.53,2026-06-13 12:24:52,ok
816,oag,https://www.oagkenya.go.ke/wp-content/uploads/2021/09/County-Executive-of-Baringo-2016-2017.pdf,C:\Users\user\Data_Science_Course\kenya_public_finance_intelligence\kenya_public_finance_intelligence\data\raw\oag\oag_2016-17_county-executive_county-executive-of-baringo-2016-2017.pdf,232.53,2026-06-13 12:24:52,ok
817,oag,https://www.oagkenya.go.ke/wp-content/uploads/2021/09/County-Executive-of-Bomet-2016-2017.pdf#new_tab,C:\Users\user\Data_Science_Course\kenya_public_finance_intelligence\kenya_public_finance_intelligence\data\raw\oag\oag_2016-17_county-executive_county-executive-of-bomet-2016-2017.pdf,338.19,2026-06-13 12:24:56,ok
818,oag,https://www.oagkenya.go.ke/wp-content/uploads/2021/09/County-Executive-of-Bomet-2016-2017.pdf,C:\Users\user\Data_Science_Course\kenya_public_finance_intelligence\kenya_public_finance_intelligence\data\raw\oag\oag_2016-17_county-executive_county-executive-of-bomet-2016-2017.pdf,338.19,2026-06-13 12:24:56,ok
819,oag,https://www.oagkenya.go.ke/wp-content/uploads/2021/09/County-Executive-of-Bungoma-2016-2017.pdf#new_tab,C:\Users\user\Data_Science_Course\kenya_public_finance_intelligence\kenya_public_finance_intelligence\data\raw\oag\oag_2016-17_county-executive_county-executive-of-bungoma-2016-2017.pdf,355.44,2026-06-13 12:25:09,ok
820,oag,https://www.oagkenya.go.ke/wp-content/uploads/2021/09/County-Executive-of-Bungoma-2016-2017.pdf,C:\Users\user\Data_Science_Course\kenya_public_finance_intelligence\kenya_public_finance_intelligence\data\raw\oag\oag_2016-17_county-executive_county-executive-of-bungoma-2016-2017.pdf,355.44,2026-06-13 12:25:09,ok
821,oag,https://www.oagkenya.go.ke/wp-content/uploads/2021/09/County-Executive-of-Busia-2016-2017.pdf#new_tab,C:\Users\user\Data_Science_Course\kenya_public_finance_intelligence\kenya_public_finance_intelligence\data\raw\oag\oag_2016-17_county-executive_county-executive-of-busia-2016-2017.pdf,286.68,2026-06-13 12:25:14,ok
822,oag,https://www.oagkenya.go.ke/wp-content/uploads/2021/09/County-Executive-of-Busia-2016-2017.pdf,C:\Users\user\Data_Science_Course\kenya_public_finance_intelligence\kenya_public_finance_intelligence\data\raw\oag\oag_2016-17_county-executive_county-executive-of-busia-2016-2017.pdf,286.68,2026-06-13 12:25:14,ok
823,oag,https://www.oagkenya.go.ke/wp-content/uploads/2021/09/County-Executive-of-Elgeyo-Marakwet-2016-2017.pdf#new_tab,C:\Users\user\Data_Science_Course\kenya_public_finance_intelligence\kenya_public_finance_intelligence\data\raw\oag\oag_2016-17_county-executive_county-executive-of-elgeyo-marakwet-2016.pdf,566.2,2026-06-13 12:25:19,ok
824,oag,https://www.oagkenya.go.ke/wp-content/uploads/2021/09/County-Executive-of-Elgeyo-Marakwet-2016-2017.pdf,C:\Users\user\Data_Science_Course\kenya_public_finance_intelligence\kenya_public_finance_intelligence\data\raw\oag\oag_2016-17_county-executive_county-executive-of-elgeyo-marakwet-2016.pdf,566.2,2026-06-13 12:25:19,ok
825,oag,https://www.oagkenya.go.ke/wp-content/uploads/2021/09/County-Executive-of-Embu-2016-2017.pdf#new_tab,C:\Users\user\Data_Science_Course\kenya_public_finance_intelligence\kenya_public_finance_intelligence\data\raw\oag\oag_2016-17_county-executive_county-executive-of-embu-2016-2017.pdf,247.68,2026-06-13 12:25:22,ok
826,oag,https://www.oagkenya.go.ke/wp-content/uploads/2021/09/County-Executive-of-Embu-2016-2017.pdf,C:\Users\user\Data_Science_Course\kenya_public_finance_intelligence\kenya_public_finance_intelligence\data\raw\oag\oag_2016-17_county-executive_county-executive-of-embu-2016-2017.pdf,247.68,2026-06-13 12:25:22,ok
827,oag,https://www.oagkenya.go.ke/wp-content/uploads/2021/09/County-Executive-of-Garissa-2016-2017.pdf#new_tab,C:\Users\user\Data_Science_Course\kenya_public_finance_intelligence\kenya_public_finance_intelligence\data\raw\oag\oag_2016-17_county-executive_county-executive-of-garissa-2016-2017.pdf,265.46,2026-06-13 12:25:26,ok
828,oag,https://www.oagkenya.go.ke/wp-content/uploads/2021/09/County-Executive-of-Garissa-2016-2017.pdf,C:\Users\user\Data_Science_Course\kenya_public_finance_intelligence\kenya_public_finance_intelligence\data\raw\oag\oag_2016-17_county-executive_county-executive-of-garissa-2016-2017.pdf,265.46,2026-06-13 12:25:26,ok
829,oag,https://www.oagkenya.go.ke/wp-content/uploads/2021/09/County-Executive-of-Homa-Bay-2016-2017.pdf#new_tab,C:\Users\user\Data_Science_Course\kenya_public_finance_intelligence\kenya_public_finance_intelligence\data\raw\oag\oag_2016-17_county-executive_county-executive-of-homa-bay-2016-2017.pdf,382.07,2026-06-13 12:25:31,ok
830,oag,https://www.oagkenya.go.ke/wp-content/uploads/2021/09/County-Executive-of-Homa-Bay-2016-2017.pdf,C:\Users\user\Data_Science_Course\kenya_public_finance_intelligence\kenya_public_finance_intelligence\data\raw\oag\oag_2016-17_county-executive_county-executive-of-homa-bay-2016-2017.pdf,382.07,2026-06-13 12:25:31,ok
831,oag,https://www.oagkenya.go.ke/wp-content/uploads/2021/09/County-Executive-of-Isiolo-2016-2017.pdf#new_tab,C:\Users\user\Data_Science_Course\kenya_public_finance_intelligence\kenya_public_finance_intelligence\data\raw\oag\oag_2016-17_county-executive_county-executive-of-isiolo-2016-2017.pdf,331.66,2026-06-13 12:25:37,ok
832,oag,https://www.oagkenya.go.ke/wp-content/uploads/2021/09/County-Executive-of-Isiolo-2016-2017.pdf,C:\Users\user\Data_Science_Course\kenya_public_finance_intelligence\kenya_public_finance_intelligence\data\raw\oag\oag_2016-17_county-executive_county-executive-of-isiolo-2016-2017.pdf,331.66,2026-06-13 12:25:37,ok
833,oag,https://www.oagkenya.go.ke/wp-content/uploads/2021/09/County-Executive-of-Kajiado-2016-2017.pdf#new_tab,C:\Users\user\Data_Science_Course\kenya_public_finance_intelligence\kenya_public_finance_intelligence\data\raw\oag\oag_2016-17_county-executive_county-executive-of-kajiado-2016-2017.pdf,239.93,2026-06-13 12:25:43,ok
834,oag,https://www.oagkenya.go.ke/wp-content/uploads/2021/09/County-Executive-of-Kajiado-2016-2017.pdf,C:\Users\user\Data_Science_Course\kenya_public_finance_intelligence\kenya_public_finance_intelligence\data\raw\oag\oag_2016-17_county-executive_county-executive-of-kajiado-2016-2017.pdf,239.93,2026-06-13 12:25:43,ok
835,oag,https://www.oagkenya.go.ke/wp-content/uploads/2021/09/County-Executive-of-Kakamega-2016-2017.pdf#new_tab,C:\Users\user\Data_Science_Course\kenya_public_finance_intelligence\kenya_public_finance_intelligence\data\raw\oag\oag_2016-17_county-executive_county-executive-of-kakamega-2016-2017.pdf,304.89,2026-06-13 12:25:55,ok
836,oag,https://www.oagkenya.go.ke/wp-content/uploads/2021/09/County-Executive-of-Kakamega-2016-2017.pdf,C:\Users\user\Data_Science_Course\kenya_public_finance_intelligence\kenya_public_finance_intelligence\data\raw\oag\oag_2016-17_county-executive_county-executive-of-kakamega-2016-2017.pdf,304.89,2026-06-13 12:25:55,ok
837,oag,https://www.oagkenya.go.ke/wp-content/uploads/2021/09/County-Executive-of-Kiambu-2016-2017.pdf#new_tab,C:\Users\user\Data_Science_Course\kenya_public_finance_intelligence\kenya_public_finance_intelligence\data\raw\oag\oag_2016-17_county-executive_county-executive-of-kiambu-2016-2017.pdf,344.18,2026-06-13 12:26:09,ok
838,oag,https://www.oagkenya.go.ke/wp-content/uploads/2021/09/County-Executive-of-Kiambu-2016-2017.pdf,C:\Users\user\Data_Science_Course\kenya_public_finance_intelligence\kenya_public_finance_intelligence\data\raw\oag\oag_2016-17_county-executive_county-executive-of-kiambu-2016-2017.pdf,344.18,2026-06-13 12:26:10,ok
839,oag,https://www.oagkenya.go.ke/wp-content/uploads/2021/09/County-Executive-of-Kilifi-2016-2017.pdf#new_tab,C:\Users\user\Data_Science_Course\kenya_public_finance_intelligence\kenya_public_finance_intelligence\data\raw\oag\oag_2016-17_county-executive_county-executive-of-kilifi-2016-2017.pdf,421.54,2026-06-13 12:26:16,ok
840,oag,https://www.oagkenya.go.ke/wp-content/uploads/2021/09/County-Executive-of-Kilifi-2016-2017.pdf,C:\Users\user\Data_Science_Course\kenya_public_finance_intelligence\kenya_public_finance_intelligence\data\raw\oag\oag_2016-17_county-executive_county-executive-of-kilifi-2016-2017.pdf,421.54,2026-06-13 12:26:16,ok
841,oag,https://www.oagkenya.go.ke/wp-content/uploads/2021/09/County-Executive-of-Kirinyaga-2016-2017.pdf#new_tab,C:\Users\user\Data_Science_Course\kenya_public_finance_intelligence\kenya_public_finance_intelligence\data\raw\oag\oag_2016-17_county-executive_county-executive-of-kirinyaga-2016-2017.pdf,443.94,2026-06-13 12:26:23,ok
842,oag,https://www.oagkenya.go.ke/wp-content/uploads/2021/09/County-Executive-of-Kirinyaga-2016-2017.pdf,C:\Users\user\Data_Science_Course\kenya_public_finance_intelligence\kenya_public_finance_intelligence\data\raw\oag\oag_2016-17_county-executive_county-executive-of-kirinyaga-2016-2017.pdf,443.94,2026-06-13 12:26:23,ok
843,oag,https://www.oagkenya.go.ke/wp-content/uploads/2021/09/County-Executive-of-Kisii-2016-2017.pdf#new_tab,C:\Users\user\Data_Science_Course\kenya_public_finance_intelligence\kenya_public_finance_intelligence\data\raw\oag\oag_2016-17_county-executive_county-executive-of-kisii-2016-2017.pdf,289.45,2026-06-13 12:26:28,ok
844,oag,https://www.oagkenya.go.ke/wp-content/uploads/2021/09/County-Executive-of-Kisii-2016-2017.pdf,C:\Users\user\Data_Science_Course\kenya_public_finance_intelligence\kenya_public_finance_intelligence\data\raw\oag\oag_2016-17_county-executive_county-executive-of-kisii-2016-2017.pdf,289.45,2026-06-13 12:26:29,ok
845,oag,https://www.oagkenya.go.ke/wp-content/uploads/2021/09/County-Executive-of-Kisumu-2016-2017.pdf#new_tab,C:\Users\user\Data_Science_Course\kenya_public_finance_intelligence\kenya_public_finance_intelligence\data\raw\oag\oag_2016-17_county-executive_county-executive-of-kisumu-2016-2017.pdf,323.67,2026-06-13 12:26:34,ok
846,oag,https://www.oagkenya.go.ke/wp-content/uploads/2021/09/County-Executive-of-Kisumu-2016-2017.pdf,C:\Users\user\Data_Science_Course\kenya_public_finance_intelligence\kenya_public_finance_intelligence\data\raw\oag\oag_2016-17_county-executive_county-executive-of-kisumu-2016-2017.pdf,323.67,2026-06-13 12:26:34,ok
847,oag,https://www.oagkenya.go.ke/wp-content/uploads/2021/09/County-Executive-of-Kitui-2016-2017.pdf#new_tab,C:\Users\user\Data_Science_Course\kenya_public_finance_intelligence\kenya_public_finance_intelligence\data\raw\oag\oag_2016-17_county-executive_county-executive-of-kitui-2016-2017.pdf,347.89,2026-06-13 12:26:39,ok
848,oag,https://www.oagkenya.go.ke/wp-content/uploads/2021/09/County-Executive-of-Kitui-2016-2017.pdf,C:\Users\user\Data_Science_Course\kenya_public_finance_intelligence\kenya_public_finance_intelligence\data\raw\oag\oag_2016-17_county-executive_county-executive-of-kitui-2016-2017.pdf,347.89,2026-06-13 12:26:39,ok
849,oag,https://www.oagkenya.go.ke/wp-content/uploads/2021/09/County-Executive-of-Kwale-2016-2017.pdf#new_tab,C:\Users\user\Data_Science_Course\kenya_public_finance_intelligence\kenya_public_finance_intelligence\data\raw\oag\oag_2016-17_county-executive_county-executive-of-kwale-2016-2017.pdf,455.01,2026-06-13 12:26:45,ok
850,oag,https://www.oagkenya.go.ke/wp-content/uploads/2021/09/County-Executive-of-Kwale-2016-2017.pdf,C:\Users\user\Data_Science_Course\kenya_public_finance_intelligence\kenya_public_finance_intelligence\data\raw\oag\oag_2016-17_county-executive_county-executive-of-kwale-2016-2017.pdf,455.01,2026-06-13 12:26:45,ok
851,oag,https://www.oagkenya.go.ke/wp-content/uploads/2021/09/County-Executive-of-Laikipia-2016-2017.pdf#new_tab,C:\Users\user\Data_Science_Course\kenya_public_finance_intelligence\kenya_public_finance_intelligence\data\raw\oag\oag_2016-17_county-executive_county-executive-of-laikipia-2016-2017.pdf,270.03,2026-06-13 12:26:48,ok
852,oag,https://www.oagkenya.go.ke/wp-content/uploads/2021/09/County-Executive-of-Laikipia-2016-2017.pdf,C:\Users\user\Data_Science_Course\kenya_public_finance_intelligence\kenya_public_finance_intelligence\data\raw\oag\oag_2016-17_county-executive_county-executive-of-laikipia-2016-2017.pdf,270.03,2026-06-13 12:26:48,ok
853,oag,https://www.oagkenya.go.ke/wp-content/uploads/2021/09/County-Executive-of-Lamu-2016-2017.pdf#new_tab,C:\Users\user\Data_Science_Course\kenya_public_finance_intelligence\kenya_public_finance_intelligence\data\raw\oag\oag_2016-17_county-executive_county-executive-of-lamu-2016-2017.pdf,277.45,2026-06-13 12:26:51,ok
854,oag,https://www.oagkenya.go.ke/wp-content/uploads/2021/09/County-Executive-of-Lamu-2016-2017.pdf,C:\Users\user\Data_Science_Course\kenya_public_finance_intelligence\kenya_public_finance_intelligence\data\raw\oag\oag_2016-17_county-executive_county-executive-of-lamu-2016-2017.pdf,277.45,2026-06-13 12:26:51,ok
855,oag,https://www.oagkenya.go.ke/wp-content/uploads/2021/09/County-Executive-of-Machakos-2016-2017.pdf#new_tab,C:\Users\user\Data_Science_Course\kenya_public_finance_intelligence\kenya_public_finance_intelligence\data\raw\oag\oag_2016-17_county-executive_county-executive-of-machakos-2016-2017.pdf,418.7,2026-06-13 12:26:56,ok
856,oag,https://www.oagkenya.go.ke/wp-content/uploads/2021/09/County-Executive-of-Machakos-2016-2017.pdf,C:\Users\user\Data_Science_Course\kenya_public_finance_intelligence\kenya_public_finance_intelligence\data\raw\oag\oag_2016-17_county-executive_county-executive-of-machakos-2016-2017.pdf,418.7,2026-06-13 12:26:56,ok
857,oag,https://www.oagkenya.go.ke/wp-content/uploads/2021/09/County-Executive-of-Makueni-2016-2017.pdf#new_tab,C:\Users\user\Data_Science_Course\kenya_public_finance_intelligence\kenya_public_finance_intelligence\data\raw\oag\oag_2016-17_county-executive_county-executive-of-makueni-2016-2017.pdf,300.05,2026-06-13 12:27:04,ok
858,oag,https://www.oagkenya.go.ke/wp-content/uploads/2021/09/County-Executive-of-Makueni-2016-2017.pdf,C:\Users\user\Data_Science_Course\kenya_public_finance_intelligence\kenya_public_finance_intelligence\data\raw\oag\oag_2016-17_county-executive_county-executive-of-makueni-2016-2017.pdf,300.05,2026-06-13 12:27:04,ok
859,oag,https://www.oagkenya.go.ke/wp-content/uploads/2021/09/County-Executive-of-Mandera-2016-2017.pdf#new_tab,C:\Users\user\Data_Science_Course\kenya_public_finance_intelligence\kenya_public_finance_intelligence\data\raw\oag\oag_2016-17_county-executive_county-executive-of-mandera-2016-2017.pdf,366.22,2026-06-13 12:27:08,ok
860,oag,https://www.oagkenya.go.ke/wp-content/uploads/2021/09/County-Executive-of-Mandera-2016-2017.pdf,C:\Users\user\Data_Science_Course\kenya_public_finance_intelligence\kenya_public_finance_intelligence\data\raw\oag\oag_2016-17_county-executive_county-executive-of-mandera-2016-2017.pdf,366.22,2026-06-13 12:27:08,ok
861,oag,https://www.oagkenya.go.ke/wp-content/uploads/2021/09/County-Executive-of-Marsabit-2016-2017.pdf#new_tab,C:\Users\user\Data_Science_Course\kenya_public_finance_intelligence\kenya_public_finance_intelligence\data\raw\oag\oag_2016-17_county-executive_county-executive-of-marsabit-2016-2017.pdf,261.33,2026-06-13 12:27:10,ok
862,oag,https://www.oagkenya.go.ke/wp-content/uploads/2021/09/County-Executive-of-Marsabit-2016-2017.pdf,C:\Users\user\Data_Science_Course\kenya_public_finance_intelligence\kenya_public_finance_intelligence\data\raw\oag\oag_2016-17_county-executive_county-executive-of-marsabit-2016-2017.pdf,261.33,2026-06-13 12:27:10,ok
863,oag,https://www.oagkenya.go.ke/wp-content/uploads/2021/09/County-Executive-of-Meru-2016-2017.pdf#new_tab,C:\Users\user\Data_Science_Course\kenya_public_finance_intelligence\kenya_public_finance_intelligence\data\raw\oag\oag_2016-17_county-executive_county-executive-of-meru-2016-2017.pdf,295.98,2026-06-13 12:27:13,ok
864,oag,https://www.oagkenya.go.ke/wp-content/uploads/2021/09/County-Executive-of-Meru-2016-2017.pdf,C:\Users\user\Data_Science_Course\kenya_public_finance_intelligence\kenya_public_finance_intelligence\data\raw\oag\oag_2016-17_county-executive_county-executive-of-meru-2016-2017.pdf,295.98,2026-06-13 12:27:13,ok
865,oag,https://www.oagkenya.go.ke/wp-content/uploads/2021/09/County-Executive-of-Migori-2016-2017.pdf#new_tab,C:\Users\user\Data_Science_Course\kenya_public_finance_intelligence\kenya_public_finance_intelligence\data\raw\oag\oag_2016-17_county-executive_county-executive-of-migori-2016-2017.pdf,305.22,2026-06-13 12:27:17,ok
866,oag,https://www.oagkenya.go.ke/wp-content/uploads/2021/09/County-Executive-of-Migori-2016-2017.pdf,C:\Users\user\Data_Science_Course\kenya_public_finance_intelligence\kenya_public_finance_intelligence\data\raw\oag\oag_2016-17_county-executive_county-executive-of-migori-2016-2017.pdf,305.22,2026-06-13 12:27:17,ok
867,oag,https://www.oagkenya.go.ke/wp-content/uploads/2021/09/County-Executive-of-Mombasa-2016-2017.pdf#new_tab,C:\Users\user\Data_Science_Course\kenya_public_finance_intelligence\kenya_public_finance_intelligence\data\raw\oag\oag_2016-17_county-executive_county-executive-of-mombasa-2016-2017.pdf,454.26,2026-06-13 12:27:21,ok
868,oag,https://www.oagkenya.go.ke/wp-content/uploads/2021/09/County-Executive-of-Mombasa-2016-2017.pdf,C:\Users\user\Data_Science_Course\kenya_public_finance_intelligence\kenya_public_finance_intelligence\data\raw\oag\oag_2016-17_county-executive_county-executive-of-mombasa-2016-2017.pdf,454.26,2026-06-13 12:27:21,ok
869,oag,https://www.oagkenya.go.ke/wp-content/uploads/2021/09/County-Assembly-of-West-Pokot-2016-2017.pdf#new_tab,C:\Users\user\Data_Science_Course\kenya_public_finance_intelligence\kenya_public_finance_intelligence\data\raw\oag\oag_2016-17_county-assembly_county-assembly-of-west-pokot-2016-2017.pdf,224.26,2026-06-13 12:27:23,ok
870,oag,https://www.oagkenya.go.ke/wp-content/uploads/2021/09/County-Assembly-of-West-Pokot-2016-2017.pdf,C:\Users\user\Data_Science_Course\kenya_public_finance_intelligence\kenya_public_finance_intelligence\data\raw\oag\oag_2016-17_county-assembly_county-assembly-of-west-pokot-2016-2017.pdf,224.26,2026-06-13 12:27:23,ok
871,oag,https://www.oagkenya.go.ke/wp-content/uploads/2021/09/County-Executive-of-Muranga-2016-2017.pdf#new_tab,C:\Users\user\Data_Science_Course\kenya_public_finance_intelligence\kenya_public_finance_intelligence\data\raw\oag\oag_2016-17_county-executive_county-executive-of-muranga-2016-2017.pdf,417.82,2026-06-13 12:27:28,ok
872,oag,https://www.oagkenya.go.ke/wp-content/uploads/2021/09/County-Executive-of-Muranga-2016-2017.pdf,C:\Users\user\Data_Science_Course\kenya_public_finance_intelligence\kenya_public_finance_intelligence\data\raw\oag\oag_2016-17_county-executive_county-executive-of-muranga-2016-2017.pdf,417.82,2026-06-13 12:27:28,ok
873,oag,https://www.oagkenya.go.ke/wp-content/uploads/2021/09/County-Assembly-of-Wajir-2016-2017.pdf#new_tab,C:\Users\user\Data_Science_Course\kenya_public_finance_intelligence\kenya_public_finance_intelligence\data\raw\oag\oag_2016-17_county-assembly_county-assembly-of-wajir-2016-2017.pdf,208.46,2026-06-13 12:27:38,ok
874,oag,https://www.oagkenya.go.ke/wp-content/uploads/2021/09/County-Assembly-of-Wajir-2016-2017.pdf,C:\Users\user\Data_Science_Course\kenya_public_finance_intelligence\kenya_public_finance_intelligence\data\raw\oag\oag_2016-17_county-assembly_county-assembly-of-wajir-2016-2017.pdf,208.46,2026-06-13 12:27:38,ok
875,oag,https://www.oagkenya.go.ke/wp-content/uploads/2021/09/County-Executive-of-Nairobi-2016-2017.pdf#new_tab,C:\Users\user\Data_Science_Course\kenya_public_finance_intelligence\kenya_public_finance_intelligence\data\raw\oag\oag_2016-17_county-executive_county-executive-of-nairobi-2016-2017.pdf,366.21,2026-06-13 12:27:44,ok
876,oag,https://www.oagkenya.go.ke/wp-content/uploads/2021/09/County-Executive-of-Nairobi-2016-2017.pdf,C:\Users\user\Data_Science_Course\kenya_public_finance_intelligence\kenya_public_finance_intelligence\data\raw\oag\oag_2016-17_county-executive_county-executive-of-nairobi-2016-2017.pdf,366.21,2026-06-13 12:27:44,ok
877,oag,https://www.oagkenya.go.ke/wp-content/uploads/2021/09/County-Executive-of-Nakuru-2016-2017.pdf#new_tab,C:\Users\user\Data_Science_Course\kenya_public_finance_intelligence\kenya_public_finance_intelligence\data\raw\oag\oag_2016-17_county-executive_county-executive-of-nakuru-2016-2017.pdf,334.62,2026-06-13 12:27:48,ok
878,oag,https://www.oagkenya.go.ke/wp-content/uploads/2021/09/County-Executive-of-Nakuru-2016-2017.pdf,C:\Users\user\Data_Science_Course\kenya_public_finance_intelligence\kenya_public_finance_intelligence\data\raw\oag\oag_2016-17_county-executive_county-executive-of-nakuru-2016-2017.pdf,334.62,2026-06-13 12:27:48,ok
879,oag,https://www.oagkenya.go.ke/wp-content/uploads/2021/09/County-Assembly-of-Vihiga-2016-2017.pdf#new_tab,C:\Users\user\Data_Science_Course\kenya_public_finance_intelligence\kenya_public_finance_intelligence\data\raw\oag\oag_2016-17_county-assembly_county-assembly-of-vihiga-2016-2017.pdf,187.25,2026-06-13 12:27:51,ok
880,oag,https://www.oagkenya.go.ke/wp-content/uploads/2021/09/County-Assembly-of-Vihiga-2016-2017.pdf,C:\Users\user\Data_Science_Course\kenya_public_finance_intelligence\kenya_public_finance_intelligence\data\raw\oag\oag_2016-17_county-assembly_county-assembly-of-vihiga-2016-2017.pdf,187.25,2026-06-13 12:27:52,ok
881,oag,https://www.oagkenya.go.ke/wp-content/uploads/2021/09/County-Executive-of-Nandi-2016-2017.pdf#new_tab,C:\Users\user\Data_Science_Course\kenya_public_finance_intelligence\kenya_public_finance_intelligence\data\raw\oag\oag_2016-17_county-executive_county-executive-of-nandi-2016-2017.pdf,233.45,2026-06-13 12:28:00,ok
882,oag,https://www.oagkenya.go.ke/wp-content/uploads/2021/09/County-Executive-of-Nandi-2016-2017.pdf,C:\Users\user\Data_Science_Course\kenya_public_finance_intelligence\kenya_public_finance_intelligence\data\raw\oag\oag_2016-17_county-executive_county-executive-of-nandi-2016-2017.pdf,233.45,2026-06-13 12:28:00,ok
883,oag,https://www.oagkenya.go.ke/wp-content/uploads/2021/09/County-Executive-of-Narok-2016-2017.pdf#new_tab,C:\Users\user\Data_Science_Course\kenya_public_finance_intelligence\kenya_public_finance_intelligence\data\raw\oag\oag_2016-17_county-executive_county-executive-of-narok-2016-2017.pdf,237.63,2026-06-13 12:28:04,ok
884,oag,https://www.oagkenya.go.ke/wp-content/uploads/2021/09/County-Executive-of-Narok-2016-2017.pdf,C:\Users\user\Data_Science_Course\kenya_public_finance_intelligence\kenya_public_finance_intelligence\data\raw\oag\oag_2016-17_county-executive_county-executive-of-narok-2016-2017.pdf,237.63,2026-06-13 12:28:04,ok
885,oag,https://www.oagkenya.go.ke/wp-content/uploads/2021/09/County-Assembly-of-Uasin-Gishu-2016-2017.pdf#new_tab,C:\Users\user\Data_Science_Course\kenya_public_finance_intelligence\kenya_public_finance_intelligence\data\raw\oag\oag_2016-17_county-assembly_county-assembly-of-uasin-gishu-2016-2017.pdf,185.38,2026-06-13 12:28:07,ok
886,oag,https://www.oagkenya.go.ke/wp-content/uploads/2021/09/County-Assembly-of-Uasin-Gishu-2016-2017.pdf,C:\Users\user\Data_Science_Course\kenya_public_finance_intelligence\kenya_public_finance_intelligence\data\raw\oag\oag_2016-17_county-assembly_county-assembly-of-uasin-gishu-2016-2017.pdf,185.38,2026-06-13 12:28:07,ok
887,oag,https://www.oagkenya.go.ke/wp-content/uploads/2021/09/County-Assembly-of-Turkana-2016-2017.pdf#new_tab,C:\Users\user\Data_Science_Course\kenya_public_finance_intelligence\kenya_public_finance_intelligence\data\raw\oag\oag_2016-17_county-assembly_county-assembly-of-turkana-2016-2017.pdf,222.76,2026-06-13 12:28:17,ok
888,oag,https://www.oagkenya.go.ke/wp-content/uploads/2021/09/County-Assembly-of-Turkana-2016-2017.pdf,C:\Users\user\Data_Science_Course\kenya_public_finance_intelligence\kenya_public_finance_intelligence\data\raw\oag\oag_2016-17_county-assembly_county-assembly-of-turkana-2016-2017.pdf,222.76,2026-06-13 12:28:17,ok
889,oag,https://www.oagkenya.go.ke/wp-content/uploads/2021/09/County-Assembly-of-Trans-Nzoia-2016-2017.pdf#new_tab,C:\Users\user\Data_Science_Course\kenya_public_finance_intelligence\kenya_public_finance_intelligence\data\raw\oag\oag_2016-17_county-assembly_county-assembly-of-trans-nzoia-2016-2017.pdf,212.93,2026-06-13 12:28:24,ok
890,oag,https://www.oagkenya.go.ke/wp-content/uploads/2021/09/County-Assembly-of-Trans-Nzoia-2016-2017.pdf,C:\Users\user\Data_Science_Course\kenya_public_finance_intelligence\kenya_public_finance_intelligence\data\raw\oag\oag_2016-17_county-assembly_county-assembly-of-trans-nzoia-2016-2017.pdf,212.93,2026-06-13 12:28:24,ok
891,oag,https://www.oagkenya.go.ke/wp-content/uploads/2021/09/County-Assembly-of-Tharaka-Nithi-2016-2017.pdf#new_tab,C:\Users\user\Data_Science_Course\kenya_public_finance_intelligence\kenya_public_finance_intelligence\data\raw\oag\oag_2016-17_county-assembly_county-assembly-of-tharaka-nithi-2016-20.pdf,245.19,2026-06-13 12:28:31,ok
892,oag,https://www.oagkenya.go.ke/wp-content/uploads/2021/09/County-Assembly-of-Tharaka-Nithi-2016-2017.pdf,C:\Users\user\Data_Science_Course\kenya_public_finance_intelligence\kenya_public_finance_intelligence\data\raw\oag\oag_2016-17_county-assembly_county-assembly-of-tharaka-nithi-2016-20.pdf,245.19,2026-06-13 12:28:32,ok
893,oag,https://www.oagkenya.go.ke/wp-content/uploads/2021/09/County-Executive-of-Nyamira-2016-2017.pdf#new_tab,C:\Users\user\Data_Science_Course\kenya_public_finance_intelligence\kenya_public_finance_intelligence\data\raw\oag\oag_2016-17_county-executive_county-executive-of-nyamira-2016-2017.pdf,301.0,2026-06-13 12:28:36,ok
894,oag,https://www.oagkenya.go.ke/wp-content/uploads/2021/09/County-Executive-of-Nyamira-2016-2017.pdf,C:\Users\user\Data_Science_Course\kenya_public_finance_intelligence\kenya_public_finance_intelligence\data\raw\oag\oag_2016-17_county-executive_county-executive-of-nyamira-2016-2017.pdf,301.0,2026-06-13 12:28:36,ok
895,oag,https://www.oagkenya.go.ke/wp-content/uploads/2021/09/County-Executive-of-Nyandarua-2016-2017.pdf#new_tab,C:\Users\user\Data_Science_Course\kenya_public_finance_intelligence\kenya_public_finance_intelligence\data\raw\oag\oag_2016-17_county-executive_county-executive-of-nyandarua-2016-2017.pdf,215.95,2026-06-13 12:28:39,ok
896,oag,https://www.oagkenya.go.ke/wp-content/uploads/2021/09/County-Executive-of-Nyandarua-2016-2017.pdf,C:\Users\user\Data_Science_Course\kenya_public_finance_intelligence\kenya_public_finance_intelligence\data\raw\oag\oag_2016-17_county-executive_county-executive-of-nyandarua-2016-2017.pdf,215.95,2026-06-13 12:28:39,ok
897,oag,https://www.oagkenya.go.ke/wp-content/uploads/2021/09/County-Executive-of-Nyeri-2016-2017.pdf#new_tab,C:\Users\user\Data_Science_Course\kenya_public_finance_intelligence\kenya_public_finance_intelligence\data\raw\oag\oag_2016-17_county-executive_county-executive-of-nyeri-2016-2017.pdf,234.04,2026-06-13 12:28:45,ok
898,oag,https://www.oagkenya.go.ke/wp-content/uploads/2021/09/County-Executive-of-Nyeri-2016-2017.pdf,C:\Users\user\Data_Science_Course\kenya_public_finance_intelligence\kenya_public_finance_intelligence\data\raw\oag\oag_2016-17_county-executive_county-executive-of-nyeri-2016-2017.pdf,234.04,2026-06-13 12:28:45,ok
899,oag,https://www.oagkenya.go.ke/wp-content/uploads/2021/09/County-Executive-of-Samburu-2016-2017.pdf#new_tab,C:\Users\user\Data_Science_Course\kenya_public_finance_intelligence\kenya_public_finance_intelligence\data\raw\oag\oag_2016-17_county-executive_county-executive-of-samburu-2016-2017.pdf,263.88,2026-06-13 12:28:49,ok
900,oag,https://www.oagkenya.go.ke/wp-content/uploads/2021/09/County-Executive-of-Samburu-2016-2017.pdf,C:\Users\user\Data_Science_Course\kenya_public_finance_intelligence\kenya_public_finance_intelligence\data\raw\oag\oag_2016-17_county-executive_county-executive-of-samburu-2016-2017.pdf,263.88,2026-06-13 12:28:50,ok
901,oag,https://www.oagkenya.go.ke/wp-content/uploads/2021/09/County-Executive-of-Siaya-2016-2017.pdf#new_tab,C:\Users\user\Data_Science_Course\kenya_public_finance_intelligence\kenya_public_finance_intelligence\data\raw\oag\oag_2016-17_county-executive_county-executive-of-siaya-2016-2017.pdf,289.77,2026-06-13 12:28:55,ok
902,oag,https://www.oagkenya.go.ke/wp-content/uploads/2021/09/County-Executive-of-Siaya-2016-2017.pdf,C:\Users\user\Data_Science_Course\kenya_public_finance_intelligence\kenya_public_finance_intelligence\data\raw\oag\oag_2016-17_county-executive_county-executive-of-siaya-2016-2017.pdf,289.77,2026-06-13 12:28:55,ok
903,oag,https://www.oagkenya.go.ke/wp-content/uploads/2021/09/County-Executive-of-Taita-Taveta-2016-2017.pdf#new_tab,C:\Users\user\Data_Science_Course\kenya_public_finance_intelligence\kenya_public_finance_intelligence\data\raw\oag\oag_2016-17_county-executive_county-executive-of-taita-taveta-2016-20.pdf,250.85,2026-06-13 12:29:05,ok
904,oag,https://www.oagkenya.go.ke/wp-content/uploads/2021/09/County-Executive-of-Taita-Taveta-2016-2017.pdf,C:\Users\user\Data_Science_Course\kenya_public_finance_intelligence\kenya_public_finance_intelligence\data\raw\oag\oag_2016-17_county-executive_county-executive-of-taita-taveta-2016-20.pdf,250.85,2026-06-13 12:29:05,ok
905,oag,https://www.oagkenya.go.ke/wp-content/uploads/2021/09/County-Assembly-of-Tana-River-2016-2017.pdf#new_tab,C:\Users\user\Data_Science_Course\kenya_public_finance_intelligence\kenya_public_finance_intelligence\data\raw\oag\oag_2016-17_county-assembly_county-assembly-of-tana-river-2016-2017.pdf,269.32,2026-06-13 12:29:10,ok
906,oag,https://www.oagkenya.go.ke/wp-content/uploads/2021/09/County-Assembly-of-Tana-River-2016-2017.pdf,C:\Users\user\Data_Science_Course\kenya_public_finance_intelligence\kenya_public_finance_intelligence\data\raw\oag\oag_2016-17_county-assembly_county-assembly-of-tana-river-2016-2017.pdf,269.32,2026-06-13 12:29:10,ok
907,oag,https://www.oagkenya.go.ke/wp-content/uploads/2021/09/County-Executive-of-Tana-River-2016-2017.pdf#new_tab,C:\Users\user\Data_Science_Course\kenya_public_finance_intelligence\kenya_public_finance_intelligence\data\raw\oag\oag_2016-17_county-executive_county-executive-of-tana-river-2016-2017.pdf,411.06,2026-06-13 12:29:22,ok
908,oag,https://www.oagkenya.go.ke/wp-content/uploads/2021/09/County-Executive-of-Tana-River-2016-2017.pdf,C:\Users\user\Data_Science_Course\kenya_public_finance_intelligence\kenya_public_finance_intelligence\data\raw\oag\oag_2016-17_county-executive_county-executive-of-tana-river-2016-2017.pdf,411.06,2026-06-13 12:29:22,ok
909,oag,https://www.oagkenya.go.ke/wp-content/uploads/2021/09/County-Assembly-of-Taita-Taveta-2016-2017.pdf#new_tab,C:\Users\user\Data_Science_Course\kenya_public_finance_intelligence\kenya_public_finance_intelligence\data\raw\oag\oag_2016-17_county-assembly_county-assembly-of-taita-taveta-2016-201.pdf,198.73,2026-06-13 12:29:26,ok
910,oag,https://www.oagkenya.go.ke/wp-content/uploads/2021/09/County-Assembly-of-Taita-Taveta-2016-2017.pdf,C:\Users\user\Data_Science_Course\kenya_public_finance_intelligence\kenya_public_finance_intelligence\data\raw\oag\oag_2016-17_county-assembly_county-assembly-of-taita-taveta-2016-201.pdf,198.73,2026-06-13 12:29:26,ok
911,oag,https://www.oagkenya.go.ke/wp-content/uploads/2021/09/County-Assembly-of-Siaya-2016-2017.pdf#new_tab,C:\Users\user\Data_Science_Course\kenya_public_finance_intelligence\kenya_public_finance_intelligence\data\raw\oag\oag_2016-17_county-assembly_county-assembly-of-siaya-2016-2017.pdf,197.04,2026-06-13 12:29:31,ok
912,oag,https://www.oagkenya.go.ke/wp-content/uploads/2021/09/County-Assembly-of-Siaya-2016-2017.pdf,C:\Users\user\Data_Science_Course\kenya_public_finance_intelligence\kenya_public_finance_intelligence\data\raw\oag\oag_2016-17_county-assembly_county-assembly-of-siaya-2016-2017.pdf,197.04,2026-06-13 12:29:31,ok
913,oag,https://www.oagkenya.go.ke/wp-content/uploads/2021/09/County-Assembly-of-Samburu-2016-2017.pdf#new_tab,C:\Users\user\Data_Science_Course\kenya_public_finance_intelligence\kenya_public_finance_intelligence\data\raw\oag\oag_2016-17_county-assembly_county-assembly-of-samburu-2016-2017.pdf,188.05,2026-06-13 12:29:38,ok
914,oag,https://www.oagkenya.go.ke/wp-content/uploads/2021/09/County-Assembly-of-Samburu-2016-2017.pdf,C:\Users\user\Data_Science_Course\kenya_public_finance_intelligence\kenya_public_finance_intelligence\data\raw\oag\oag_2016-17_county-assembly_county-assembly-of-samburu-2016-2017.pdf,188.05,2026-06-13 12:29:38,ok
915,oag,https://www.oagkenya.go.ke/wp-content/uploads/2021/09/County-Executive-of-Tharaka-Nithi-2016-2017.pdf#new_tab,C:\Users\user\Data_Science_Course\kenya_public_finance_intelligence\kenya_public_finance_intelligence\data\raw\oag\oag_2016-17_county-executive_county-executive-of-tharaka-nithi-2016-2.pdf,452.72,2026-06-13 12:29:46,ok
916,oag,https://www.oagkenya.go.ke/wp-content/uploads/2021/09/County-Executive-of-Tharaka-Nithi-2016-2017.pdf,C:\Users\user\Data_Science_Course\kenya_public_finance_intelligence\kenya_public_finance_intelligence\data\raw\oag\oag_2016-17_county-executive_county-executive-of-tharaka-nithi-2016-2.pdf,452.72,2026-06-13 12:29:46,ok
917,oag,https://www.oagkenya.go.ke/wp-content/uploads/2021/09/County-Executive-of-Trans-Nzoia-2016-2017.pdf#new_tab,C:\Users\user\Data_Science_Course\kenya_public_finance_intelligence\kenya_public_finance_intelligence\data\raw\oag\oag_2016-17_county-executive_county-executive-of-trans-nzoia-2016-201.pdf,248.23,2026-06-13 12:29:50,ok
918,oag,https://www.oagkenya.go.ke/wp-content/uploads/2021/09/County-Executive-of-Trans-Nzoia-2016-2017.pdf,C:\Users\user\Data_Science_Course\kenya_public_finance_intelligence\kenya_public_finance_intelligence\data\raw\oag\oag_2016-17_county-executive_county-executive-of-trans-nzoia-2016-201.pdf,248.23,2026-06-13 12:29:50,ok
919,oag,https://www.oagkenya.go.ke/wp-content/uploads/2021/09/County-Assembly-of-Nyeri-2016-2017.pdf#new_tab,C:\Users\user\Data_Science_Course\kenya_public_finance_intelligence\kenya_public_finance_intelligence\data\raw\oag\oag_2016-17_county-assembly_county-assembly-of-nyeri-2016-2017.pdf,206.83,2026-06-13 12:29:58,ok
920,oag,https://www.oagkenya.go.ke/wp-content/uploads/2021/09/County-Assembly-of-Nyeri-2016-2017.pdf,C:\Users\user\Data_Science_Course\kenya_public_finance_intelligence\kenya_public_finance_intelligence\data\raw\oag\oag_2016-17_county-assembly_county-assembly-of-nyeri-2016-2017.pdf,206.83,2026-06-13 12:29:58,ok
921,oag,https://www.oagkenya.go.ke/wp-content/uploads/2021/09/County-Executive-of-Turkana-2016-2017.pdf#new_tab,C:\Users\user\Data_Science_Course\kenya_public_finance_intelligence\kenya_public_finance_intelligence\data\raw\oag\oag_2016-17_county-executive_county-executive-of-turkana-2016-2017.pdf,298.38,2026-06-13 12:30:00,ok
922,oag,https://www.oagkenya.go.ke/wp-content/uploads/2021/09/County-Executive-of-Turkana-2016-2017.pdf,C:\Users\user\Data_Science_Course\kenya_public_finance_intelligence\kenya_public_finance_intelligence\data\raw\oag\oag_2016-17_county-executive_county-executive-of-turkana-2016-2017.pdf,298.38,2026-06-13 12:30:01,ok
923,oag,https://www.oagkenya.go.ke/wp-content/uploads/2021/09/County-Assembly-of-Nyandarua-2016-2017.pdf#new_tab,C:\Users\user\Data_Science_Course\kenya_public_finance_intelligence\kenya_public_finance_intelligence\data\raw\oag\oag_2016-17_county-assembly_county-assembly-of-nyandarua-2016-2017.pdf,218.04,2026-06-13 12:30:03,ok
924,oag,https://www.oagkenya.go.ke/wp-content/uploads/2021/09/County-Assembly-of-Nyandarua-2016-2017.pdf,C:\Users\user\Data_Science_Course\kenya_public_finance_intelligence\kenya_public_finance_intelligence\data\raw\oag\oag_2016-17_county-assembly_county-assembly-of-nyandarua-2016-2017.pdf,218.04,2026-06-13 12:30:03,ok
925,oag,https://www.oagkenya.go.ke/wp-content/uploads/2021/09/County-Assembly-of-Nyamira-2016-2017.pdf#new_tab,C:\Users\user\Data_Science_Course\kenya_public_finance_intelligence\kenya_public_finance_intelligence\data\raw\oag\oag_2016-17_county-assembly_county-assembly-of-nyamira-2016-2017.pdf,214.64,2026-06-13 12:30:10,ok
926,oag,https://www.oagkenya.go.ke/wp-content/uploads/2021/09/County-Assembly-of-Nyamira-2016-2017.pdf,C:\Users\user\Data_Science_Course\kenya_public_finance_intelligence\kenya_public_finance_intelligence\data\raw\oag\oag_2016-17_county-assembly_county-assembly-of-nyamira-2016-2017.pdf,214.64,2026-06-13 12:30:10,ok
927,oag,https://www.oagkenya.go.ke/wp-content/uploads/2021/09/County-Executive-of-Vihiga-2016-2017.pdf#new_tab,C:\Users\user\Data_Science_Course\kenya_public_finance_intelligence\kenya_public_finance_intelligence\data\raw\oag\oag_2016-17_county-executive_county-executive-of-vihiga-2016-2017.pdf,455.84,2026-06-13 12:30:16,ok
928,oag,https://www.oagkenya.go.ke/wp-content/uploads/2021/09/County-Executive-of-Vihiga-2016-2017.pdf,C:\Users\user\Data_Science_Course\kenya_public_finance_intelligence\kenya_public_finance_intelligence\data\raw\oag\oag_2016-17_county-executive_county-executive-of-vihiga-2016-2017.pdf,455.84,2026-06-13 12:30:16,ok
929,oag,https://www.oagkenya.go.ke/wp-content/uploads/2021/09/County-Executive-of-Wajir-2016-2017.pdf#new_tab,C:\Users\user\Data_Science_Course\kenya_public_finance_intelligence\kenya_public_finance_intelligence\data\raw\oag\oag_2016-17_county-executive_county-executive-of-wajir-2016-2017.pdf,293.59,2026-06-13 12:30:19,ok
930,oag,https://www.oagkenya.go.ke/wp-content/uploads/2021/09/County-Executive-of-Wajir-2016-2017.pdf,C:\Users\user\Data_Science_Course\kenya_public_finance_intelligence\kenya_public_finance_intelligence\data\raw\oag\oag_2016-17_county-executive_county-executive-of-wajir-2016-2017.pdf,293.59,2026-06-13 12:30:19,ok
931,oag,https://www.oagkenya.go.ke/wp-content/uploads/2021/09/County-Assembly-of-Narok-2016-2017.pdf#new_tab,C:\Users\user\Data_Science_Course\kenya_public_finance_intelligence\kenya_public_finance_intelligence\data\raw\oag\oag_2016-17_county-assembly_county-assembly-of-narok-2016-2017.pdf,179.96,2026-06-13 12:30:23,ok
932,oag,https://www.oagkenya.go.ke/wp-content/uploads/2021/09/County-Assembly-of-Narok-2016-2017.pdf,C:\Users\user\Data_Science_Course\kenya_public_finance_intelligence\kenya_public_finance_intelligence\data\raw\oag\oag_2016-17_county-assembly_county-assembly-of-narok-2016-2017.pdf,179.96,2026-06-13 12:30:23,ok
933,oag,https://www.oagkenya.go.ke/wp-content/uploads/2021/09/County-Assembly-of-Nandi-2016-2017.pdf#new_tab,C:\Users\user\Data_Science_Course\kenya_public_finance_intelligence\kenya_public_finance_intelligence\data\raw\oag\oag_2016-17_county-assembly_county-assembly-of-nandi-2016-2017.pdf,160.88,2026-06-13 12:30:26,ok
934,oag,https://www.oagkenya.go.ke/wp-content/uploads/2021/09/County-Assembly-of-Nandi-2016-2017.pdf,C:\Users\user\Data_Science_Course\kenya_public_finance_intelligence\kenya_public_finance_intelligence\data\raw\oag\oag_2016-17_county-assembly_county-assembly-of-nandi-2016-2017.pdf,160.88,2026-06-13 12:30:26,ok
935,oag,https://www.oagkenya.go.ke/wp-content/uploads/2021/09/County-Assembly-of-Nakuru-2016-2017.pdf#new_tab,C:\Users\user\Data_Science_Course\kenya_public_finance_intelligence\kenya_public_finance_intelligence\data\raw\oag\oag_2016-17_county-assembly_county-assembly-of-nakuru-2016-2017.pdf,192.92,2026-06-13 12:30:30,ok
936,oag,https://www.oagkenya.go.ke/wp-content/uploads/2021/09/County-Assembly-of-Nakuru-2016-2017.pdf,C:\Users\user\Data_Science_Course\kenya_public_finance_intelligence\kenya_public_finance_intelligence\data\raw\oag\oag_2016-17_county-assembly_county-assembly-of-nakuru-2016-2017.pdf,192.92,2026-06-13 12:30:30,ok
937,oag,https://www.oagkenya.go.ke/wp-content/uploads/2021/09/County-Assembly-of-Nairobi-2016-2017.pdf#new_tab,C:\Users\user\Data_Science_Course\kenya_public_finance_intelligence\kenya_public_finance_intelligence\data\raw\oag\oag_2016-17_county-assembly_county-assembly-of-nairobi-2016-2017.pdf,233.02,2026-06-13 12:30:33,ok
938,oag,https://www.oagkenya.go.ke/wp-content/uploads/2021/09/County-Assembly-of-Nairobi-2016-2017.pdf,C:\Users\user\Data_Science_Course\kenya_public_finance_intelligence\kenya_public_finance_intelligence\data\raw\oag\oag_2016-17_county-assembly_county-assembly-of-nairobi-2016-2017.pdf,233.02,2026-06-13 12:30:33,ok
939,oag,https://www.oagkenya.go.ke/wp-content/uploads/2021/09/County-Executive-of-West-Pokot-2016-2017.pdf#new_tab,C:\Users\user\Data_Science_Course\kenya_public_finance_intelligence\kenya_public_finance_intelligence\data\raw\oag\oag_2016-17_county-executive_county-executive-of-west-pokot-2016-2017.pdf,468.69,2026-06-13 12:30:44,ok
940,oag,https://www.oagkenya.go.ke/wp-content/uploads/2021/09/County-Executive-of-West-Pokot-2016-2017.pdf,C:\Users\user\Data_Science_Course\kenya_public_finance_intelligence\kenya_public_finance_intelligence\data\raw\oag\oag_2016-17_county-executive_county-executive-of-west-pokot-2016-2017.pdf,468.69,2026-06-13 12:30:44,ok
941,oag,https://www.oagkenya.go.ke/wp-content/uploads/2021/09/County-Assembly-of-Muranga-2016-2017.pdf#new_tab,C:\Users\user\Data_Science_Course\kenya_public_finance_intelligence\kenya_public_finance_intelligence\data\raw\oag\oag_2016-17_county-assembly_county-assembly-of-muranga-2016-2017.pdf,296.11,2026-06-13 12:30:54,ok
942,oag,https://www.oagkenya.go.ke/wp-content/uploads/2021/09/County-Assembly-of-Muranga-2016-2017.pdf,C:\Users\user\Data_Science_Course\kenya_public_finance_intelligence\kenya_public_finance_intelligence\data\raw\oag\oag_2016-17_county-assembly_county-assembly-of-muranga-2016-2017.pdf,296.11,2026-06-13 12:30:54,ok
943,oag,https://www.oagkenya.go.ke/wp-content/uploads/2021/09/County-Assembly-of-Mombasa-2016-2017.pdf#new_tab,C:\Users\user\Data_Science_Course\kenya_public_finance_intelligence\kenya_public_finance_intelligence\data\raw\oag\oag_2016-17_county-assembly_county-assembly-of-mombasa-2016-2017.pdf,233.94,2026-06-13 12:30:57,ok
944,oag,https://www.oagkenya.go.ke/wp-content/uploads/2021/09/County-Assembly-of-Mombasa-2016-2017.pdf,C:\Users\user\Data_Science_Course\kenya_public_finance_intelligence\kenya_public_finance_intelligence\data\raw\oag\oag_2016-17_county-assembly_county-assembly-of-mombasa-2016-2017.pdf,233.94,2026-06-13 12:30:57,ok
945,oag,https://www.oagkenya.go.ke/wp-content/uploads/2021/09/County-Assembly-of-Migori-2016-2017.pdf#new_tab,C:\Users\user\Data_Science_Course\kenya_public_finance_intelligence\kenya_public_finance_intelligence\data\raw\oag\oag_2016-17_county-assembly_county-assembly-of-migori-2016-2017.pdf,389.19,2026-06-13 12:31:03,ok
946,oag,https://www.oagkenya.go.ke/wp-content/uploads/2021/09/County-Assembly-of-Migori-2016-2017.pdf,C:\Users\user\Data_Science_Course\kenya_public_finance_intelligence\kenya_public_finance_intelligence\data\raw\oag\oag_2016-17_county-assembly_county-assembly-of-migori-2016-2017.pdf,389.19,2026-06-13 12:31:03,ok
947,oag,https://www.oagkenya.go.ke/wp-content/uploads/2021/09/County-Assembly-of-Meru-2016-2017.pdf#new_tab,C:\Users\user\Data_Science_Course\kenya_public_finance_intelligence\kenya_public_finance_intelligence\data\raw\oag\oag_2016-17_county-assembly_county-assembly-of-meru-2016-2017.pdf,197.6,2026-06-13 12:31:09,ok
948,oag,https://www.oagkenya.go.ke/wp-content/uploads/2021/09/County-Assembly-of-Meru-2016-2017.pdf,C:\Users\user\Data_Science_Course\kenya_public_finance_intelligence\kenya_public_finance_intelligence\data\raw\oag\oag_2016-17_county-assembly_county-assembly-of-meru-2016-2017.pdf,197.6,2026-06-13 12:31:09,ok
949,oag,https://www.oagkenya.go.ke/wp-content/uploads/2021/09/County-Assembly-of-Marsabit-2016-2017.pdf#new_tab,C:\Users\user\Data_Science_Course\kenya_public_finance_intelligence\kenya_public_finance_intelligence\data\raw\oag\oag_2016-17_county-assembly_county-assembly-of-marsabit-2016-2017.pdf,178.06,2026-06-13 12:31:12,ok
950,oag,https://www.oagkenya.go.ke/wp-content/uploads/2021/09/County-Assembly-of-Marsabit-2016-2017.pdf,C:\Users\user\Data_Science_Course\kenya_public_finance_intelligence\kenya_public_finance_intelligence\data\raw\oag\oag_2016-17_county-assembly_county-assembly-of-marsabit-2016-2017.pdf,178.06,2026-06-13 12:31:12,ok
951,oag,https://www.oagkenya.go.ke/wp-content/uploads/2021/09/County-Assembly-of-Mandera-2016-2017.pdf#new_tab,C:\Users\user\Data_Science_Course\kenya_public_finance_intelligence\kenya_public_finance_intelligence\data\raw\oag\oag_2016-17_county-assembly_county-assembly-of-mandera-2016-2017.pdf,205.24,2026-06-13 12:31:18,ok
952,oag,https://www.oagkenya.go.ke/wp-content/uploads/2021/09/County-Assembly-of-Mandera-2016-2017.pdf,C:\Users\user\Data_Science_Course\kenya_public_finance_intelligence\kenya_public_finance_intelligence\data\raw\oag\oag_2016-17_county-assembly_county-assembly-of-mandera-2016-2017.pdf,205.24,2026-06-13 12:31:18,ok
953,oag,https://www.oagkenya.go.ke/wp-content/uploads/2021/09/County-Assembly-of-Makueni-2016-2017.pdf#new_tab,C:\Users\user\Data_Science_Course\kenya_public_finance_intelligence\kenya_public_finance_intelligence\data\raw\oag\oag_2016-17_county-assembly_county-assembly-of-makueni-2016-2017.pdf,217.4,2026-06-13 12:31:25,ok
954,oag,https://www.oagkenya.go.ke/wp-content/uploads/2021/09/County-Assembly-of-Makueni-2016-2017.pdf,C:\Users\user\Data_Science_Course\kenya_public_finance_intelligence\kenya_public_finance_intelligence\data\raw\oag\oag_2016-17_county-assembly_county-assembly-of-makueni-2016-2017.pdf,217.4,2026-06-13 12:31:25,ok
955,oag,https://www.oagkenya.go.ke/wp-content/uploads/2021/09/County-Assembly-of-Machakos-2016-2017.pdf#new_tab,C:\Users\user\Data_Science_Course\kenya_public_finance_intelligence\kenya_public_finance_intelligence\data\raw\oag\oag_2016-17_county-assembly_county-assembly-of-machakos-2016-2017.pdf,249.98,2026-06-13 12:31:41,ok
956,oag,https://www.oagkenya.go.ke/wp-content/uploads/2021/09/County-Assembly-of-Machakos-2016-2017.pdf,C:\Users\user\Data_Science_Course\kenya_public_finance_intelligence\kenya_public_finance_intelligence\data\raw\oag\oag_2016-17_county-assembly_county-assembly-of-machakos-2016-2017.pdf,249.98,2026-06-13 12:31:41,ok
957,oag,https://www.oagkenya.go.ke/wp-content/uploads/2021/09/County-Assembly-of-Lamu-2016-2017.pdf#new_tab,C:\Users\user\Data_Science_Course\kenya_public_finance_intelligence\kenya_public_finance_intelligence\data\raw\oag\oag_2016-17_county-assembly_county-assembly-of-lamu-2016-2017.pdf,203.36,2026-06-13 12:31:47,ok
958,oag,https://www.oagkenya.go.ke/wp-content/uploads/2021/09/County-Assembly-of-Lamu-2016-2017.pdf,C:\Users\user\Data_Science_Course\kenya_public_finance_intelligence\kenya_public_finance_intelligence\data\raw\oag\oag_2016-17_county-assembly_county-assembly-of-lamu-2016-2017.pdf,203.36,2026-06-13 12:31:47,ok
959,oag,https://www.oagkenya.go.ke/wp-content/uploads/2021/09/County-Assembly-of-Laikipia-2016-2017.pdf#new_tab,C:\Users\user\Data_Science_Course\kenya_public_finance_intelligence\kenya_public_finance_intelligence\data\raw\oag\oag_2016-17_county-assembly_county-assembly-of-laikipia-2016-2017.pdf,191.92,2026-06-13 12:31:52,ok
960,oag,https://www.oagkenya.go.ke/wp-content/uploads/2021/09/County-Assembly-of-Laikipia-2016-2017.pdf,C:\Users\user\Data_Science_Course\kenya_public_finance_intelligence\kenya_public_finance_intelligence\data\raw\oag\oag_2016-17_county-assembly_county-assembly-of-laikipia-2016-2017.pdf,191.92,2026-06-13 12:31:52,ok
961,oag,https://www.oagkenya.go.ke/wp-content/uploads/2021/09/County-Assembly-of-Kwale-2016-2017.pdf#new_tab,C:\Users\user\Data_Science_Course\kenya_public_finance_intelligence\kenya_public_finance_intelligence\data\raw\oag\oag_2016-17_county-assembly_county-assembly-of-kwale-2016-2017.pdf,191.92,2026-06-13 12:31:57,ok
962,oag,https://www.oagkenya.go.ke/wp-content/uploads/2021/09/County-Assembly-of-Kwale-2016-2017.pdf,C:\Users\user\Data_Science_Course\kenya_public_finance_intelligence\kenya_public_finance_intelligence\data\raw\oag\oag_2016-17_county-assembly_county-assembly-of-kwale-2016-2017.pdf,191.92,2026-06-13 12:31:57,ok
963,oag,https://www.oagkenya.go.ke/wp-content/uploads/2021/09/County-Assembly-of-Kitui-2016-2017.pdf#new_tab,C:\Users\user\Data_Science_Course\kenya_public_finance_intelligence\kenya_public_finance_intelligence\data\raw\oag\oag_2016-17_county-assembly_county-assembly-of-kitui-2016-2017.pdf,210.55,2026-06-13 12:32:00,ok
964,oag,https://www.oagkenya.go.ke/wp-content/uploads/2021/09/County-Assembly-of-Kitui-2016-2017.pdf,C:\Users\user\Data_Science_Course\kenya_public_finance_intelligence\kenya_public_finance_intelligence\data\raw\oag\oag_2016-17_county-assembly_county-assembly-of-kitui-2016-2017.pdf,210.55,2026-06-13 12:32:01,ok
965,oag,https://www.oagkenya.go.ke/wp-content/uploads/2021/09/County-Assembly-of-Kisumu-2016-2017.pdf#new_tab,C:\Users\user\Data_Science_Course\kenya_public_finance_intelligence\kenya_public_finance_intelligence\data\raw\oag\oag_2016-17_county-assembly_county-assembly-of-kisumu-2016-2017.pdf,329.05,2026-06-13 12:32:07,ok
966,oag,https://www.oagkenya.go.ke/wp-content/uploads/2021/09/County-Assembly-of-Kisumu-2016-2017.pdf,C:\Users\user\Data_Science_Course\kenya_public_finance_intelligence\kenya_public_finance_intelligence\data\raw\oag\oag_2016-17_county-assembly_county-assembly-of-kisumu-2016-2017.pdf,329.05,2026-06-13 12:32:08,ok
967,oag,https://www.oagkenya.go.ke/wp-content/uploads/2021/09/County-Assembly-of-Kisii-2016-2017.pdf#new_tab,C:\Users\user\Data_Science_Course\kenya_public_finance_intelligence\kenya_public_finance_intelligence\data\raw\oag\oag_2016-17_county-assembly_county-assembly-of-kisii-2016-2017.pdf,195.19,2026-06-13 12:32:11,ok
968,oag,https://www.oagkenya.go.ke/wp-content/uploads/2021/09/County-Assembly-of-Kisii-2016-2017.pdf,C:\Users\user\Data_Science_Course\kenya_public_finance_intelligence\kenya_public_finance_intelligence\data\raw\oag\oag_2016-17_county-assembly_county-assembly-of-kisii-2016-2017.pdf,195.19,2026-06-13 12:32:11,ok
969,oag,https://www.oagkenya.go.ke/wp-content/uploads/2021/09/County-Assembly-of-Kirinyaga-2016-2017.pdf#new_tab,C:\Users\user\Data_Science_Course\kenya_public_finance_intelligence\kenya_public_finance_intelligence\data\raw\oag\oag_2016-17_county-assembly_county-assembly-of-kirinyaga-2016-2017.pdf,190.28,2026-06-13 12:32:15,ok
970,oag,https://www.oagkenya.go.ke/wp-content/uploads/2021/09/County-Assembly-of-Kirinyaga-2016-2017.pdf,C:\Users\user\Data_Science_Course\kenya_public_finance_intelligence\kenya_public_finance_intelligence\data\raw\oag\oag_2016-17_county-assembly_county-assembly-of-kirinyaga-2016-2017.pdf,190.28,2026-06-13 12:32:15,ok
971,oag,https://www.oagkenya.go.ke/wp-content/uploads/2021/09/County-Assembly-of-Kilifi-2016-2017.pdf#new_tab,C:\Users\user\Data_Science_Course\kenya_public_finance_intelligence\kenya_public_finance_intelligence\data\raw\oag\oag_2016-17_county-assembly_county-assembly-of-kilifi-2016-2017.pdf,206.25,2026-06-13 12:32:17,ok
972,oag,https://www.oagkenya.go.ke/wp-content/uploads/2021/09/County-Assembly-of-Kilifi-2016-2017.pdf,C:\Users\user\Data_Science_Course\kenya_public_finance_intelligence\kenya_public_finance_intelligence\data\raw\oag\oag_2016-17_county-assembly_county-assembly-of-kilifi-2016-2017.pdf,206.25,2026-06-13 12:32:18,ok
973,oag,https://www.oagkenya.go.ke/wp-content/uploads/2021/09/County-Assembly-of-Kiambu-2016-2017.pdf#new_tab,C:\Users\user\Data_Science_Course\kenya_public_finance_intelligence\kenya_public_finance_intelligence\data\raw\oag\oag_2016-17_county-assembly_county-assembly-of-kiambu-2016-2017.pdf,216.71,2026-06-13 12:32:21,ok
974,oag,https://www.oagkenya.go.ke/wp-content/uploads/2021/09/County-Assembly-of-Kiambu-2016-2017.pdf,C:\Users\user\Data_Science_Course\kenya_public_finance_intelligence\kenya_public_finance_intelligence\data\raw\oag\oag_2016-17_county-assembly_county-assembly-of-kiambu-2016-2017.pdf,216.71,2026-06-13 12:32:21,ok
975,oag,https://www.oagkenya.go.ke/wp-content/uploads/2021/09/County-Assembly-of-Kakamega-2016-2017.pdf#new_tab,C:\Users\user\Data_Science_Course\kenya_public_finance_intelligence\kenya_public_finance_intelligence\data\raw\oag\oag_2016-17_county-assembly_county-assembly-of-kakamega-2016-2017.pdf,254.69,2026-06-13 12:32:27,ok
976,oag,https://www.oagkenya.go.ke/wp-content/uploads/2021/09/County-Assembly-of-Kakamega-2016-2017.pdf,C:\Users\user\Data_Science_Course\kenya_public_finance_intelligence\kenya_public_finance_intelligence\data\raw\oag\oag_2016-17_county-assembly_county-assembly-of-kakamega-2016-2017.pdf,254.69,2026-06-13 12:32:27,ok
977,oag,https://www.oagkenya.go.ke/wp-content/uploads/2021/09/County-Assembly-of-Kajiado-2016-2017.pdf#new_tab,C:\Users\user\Data_Science_Course\kenya_public_finance_intelligence\kenya_public_finance_intelligence\data\raw\oag\oag_2016-17_county-assembly_county-assembly-of-kajiado-2016-2017.pdf,256.22,2026-06-13 12:32:30,ok
978,oag,https://www.oagkenya.go.ke/wp-content/uploads/2021/09/County-Assembly-of-Kajiado-2016-2017.pdf,C:\Users\user\Data_Science_Course\kenya_public_finance_intelligence\kenya_public_finance_intelligence\data\raw\oag\oag_2016-17_county-assembly_county-assembly-of-kajiado-2016-2017.pdf,256.22,2026-06-13 12:32:30,ok
979,oag,https://www.oagkenya.go.ke/wp-content/uploads/2021/09/County-Assembly-of-Isiolo-2016-2017.pdf#new_tab,C:\Users\user\Data_Science_Course\kenya_public_finance_intelligence\kenya_public_finance_intelligence\data\raw\oag\oag_2016-17_county-assembly_county-assembly-of-isiolo-2016-2017.pdf,208.43,2026-06-13 12:32:40,ok
980,oag,https://www.oagkenya.go.ke/wp-content/uploads/2021/09/County-Assembly-of-Isiolo-2016-2017.pdf,C:\Users\user\Data_Science_Course\kenya_public_finance_intelligence\kenya_public_finance_intelligence\data\raw\oag\oag_2016-17_county-assembly_county-assembly-of-isiolo-2016-2017.pdf,208.43,2026-06-13 12:32:40,ok
981,oag,https://www.oagkenya.go.ke/wp-content/uploads/2021/09/County-Assembly-of-Homa-Bay-2016-2017.pdf#new_tab,C:\Users\user\Data_Science_Course\kenya_public_finance_intelligence\kenya_public_finance_intelligence\data\raw\oag\oag_2016-17_county-assembly_county-assembly-of-homa-bay-2016-2017.pdf,292.86,2026-06-13 12:32:43,ok
982,oag,https://www.oagkenya.go.ke/wp-content/uploads/2021/09/County-Assembly-of-Homa-Bay-2016-2017.pdf,C:\Users\user\Data_Science_Course\kenya_public_finance_intelligence\kenya_public_finance_intelligence\data\raw\oag\oag_2016-17_county-assembly_county-assembly-of-homa-bay-2016-2017.pdf,292.86,2026-06-13 12:32:44,ok
983,oag,https://www.oagkenya.go.ke/wp-content/uploads/2021/09/County-Assembly-of-Garissa-2016-2017.pdf#new_tab,C:\Users\user\Data_Science_Course\kenya_public_finance_intelligence\kenya_public_finance_intelligence\data\raw\oag\oag_2016-17_county-assembly_county-assembly-of-garissa-2016-2017.pdf,220.55,2026-06-13 12:32:47,ok
984,oag,https://www.oagkenya.go.ke/wp-content/uploads/2021/09/County-Assembly-of-Garissa-2016-2017.pdf,C:\Users\user\Data_Science_Course\kenya_public_finance_intelligence\kenya_public_finance_intelligence\data\raw\oag\oag_2016-17_county-assembly_county-assembly-of-garissa-2016-2017.pdf,220.55,2026-06-13 12:32:47,ok
985,oag,https://www.oagkenya.go.ke/wp-content/uploads/2021/09/County-Assembly-of-Embu-2016-2017.pdf#new_tab,C:\Users\user\Data_Science_Course\kenya_public_finance_intelligence\kenya_public_finance_intelligence\data\raw\oag\oag_2016-17_county-assembly_county-assembly-of-embu-2016-2017.pdf,185.92,2026-06-13 12:32:50,ok
986,oag,https://www.oagkenya.go.ke/wp-content/uploads/2021/09/County-Assembly-of-Embu-2016-2017.pdf,C:\Users\user\Data_Science_Course\kenya_public_finance_intelligence\kenya_public_finance_intelligence\data\raw\oag\oag_2016-17_county-assembly_county-assembly-of-embu-2016-2017.pdf,185.92,2026-06-13 12:32:50,ok
987,oag,https://www.oagkenya.go.ke/wp-content/uploads/2021/09/County-Assembly-of-Elgeyo-Marakwet-2016-2017.pdf#new_tab,C:\Users\user\Data_Science_Course\kenya_public_finance_intelligence\kenya_public_finance_intelligence\data\raw\oag\oag_2016-17_county-assembly_county-assembly-of-elgeyo-marakwet-2016-.pdf,188.13,2026-06-13 12:32:55,ok
988,oag,https://www.oagkenya.go.ke/wp-content/uploads/2021/09/County-Assembly-of-Elgeyo-Marakwet-2016-2017.pdf,C:\Users\user\Data_Science_Course\kenya_public_finance_intelligence\kenya_public_finance_intelligence\data\raw\oag\oag_2016-17_county-assembly_county-assembly-of-elgeyo-marakwet-2016-.pdf,188.13,2026-06-13 12:32:55,ok
989,oag,https://www.oagkenya.go.ke/wp-content/uploads/2021/09/County-Assembly-of-Busia-2016-2017.pdf#new_tab,C:\Users\user\Data_Science_Course\kenya_public_finance_intelligence\kenya_public_finance_intelligence\data\raw\oag\oag_2016-17_county-assembly_county-assembly-of-busia-2016-2017.pdf,184.37,2026-06-13 12:32:59,ok
990,oag,https://www.oagkenya.go.ke/wp-content/uploads/2021/09/County-Assembly-of-Busia-2016-2017.pdf,C:\Users\user\Data_Science_Course\kenya_public_finance_intelligence\kenya_public_finance_intelligence\data\raw\oag\oag_2016-17_county-assembly_county-assembly-of-busia-2016-2017.pdf,184.37,2026-06-13 12:32:59,ok
991,oag,https://www.oagkenya.go.ke/wp-content/uploads/2021/09/County-Assembly-of-Bungoma-2016-2017.pdf#new_tab,C:\Users\user\Data_Science_Course\kenya_public_finance_intelligence\kenya_public_finance_intelligence\data\raw\oag\oag_2016-17_county-assembly_county-assembly-of-bungoma-2016-2017.pdf,242.24,2026-06-13 12:33:04,ok
992,oag,https://www.oagkenya.go.ke/wp-content/uploads/2021/09/County-Assembly-of-Bungoma-2016-2017.pdf,C:\Users\user\Data_Science_Course\kenya_public_finance_intelligence\kenya_public_finance_intelligence\data\raw\oag\oag_2016-17_county-assembly_county-assembly-of-bungoma-2016-2017.pdf,242.24,2026-06-13 12:33:04,ok
993,oag,https://www.oagkenya.go.ke/wp-content/uploads/2021/09/County-Assembly-of-Bomet-2016-2017.pdf#new_tab,C:\Users\user\Data_Science_Course\kenya_public_finance_intelligence\kenya_public_finance_intelligence\data\raw\oag\oag_2016-17_county-assembly_county-assembly-of-bomet-2016-2017.pdf,209.06,2026-06-13 12:33:09,ok
994,oag,https://www.oagkenya.go.ke/wp-content/uploads/2021/09/County-Assembly-of-Bomet-2016-2017.pdf,C:\Users\user\Data_Science_Course\kenya_public_finance_intelligence\kenya_public_finance_intelligence\data\raw\oag\oag_2016-17_county-assembly_county-assembly-of-bomet-2016-2017.pdf,209.06,2026-06-13 12:33:09,ok
995,oag,https://www.oagkenya.go.ke/wp-content/uploads/2021/09/County-Assembly-of-Baringo-2016-2017.pdf#new_tab,C:\Users\user\Data_Science_Course\kenya_public_finance_intelligence\kenya_public_finance_intelligence\data\raw\oag\oag_2016-17_county-assembly_county-assembly-of-baringo-2016-2017.pdf,171.46,2026-06-13 12:33:15,ok
996,oag,https://www.oagkenya.go.ke/wp-content/uploads/2021/09/County-Assembly-of-Baringo-2016-2017.pdf,C:\Users\user\Data_Science_Course\kenya_public_finance_intelligence\kenya_public_finance_intelligence\data\raw\oag\oag_2016-17_county-assembly_county-assembly-of-baringo-2016-2017.pdf,171.46,2026-06-13 12:33:15,ok
997,oag,https://www.oagkenya.go.ke/wp-content/uploads/2025/08/Auditor-Generals-Summary-Report-on-Level-456-Hospitals-In-Kenya-2023-2024.pdf#new_tab,C:\Users\user\Data_Science_Course\kenya_public_finance_intelligence\kenya_public_finance_intelligence\data\raw\oag\oag_2023-24_hospital_summary-report-on-level-4level-5-and-lev.pdf,4294.83,2026-06-13 12:34:00,ok
998,oag,https://www.oagkenya.go.ke/wp-content/uploads/2025/08/Auditor-Generals-Summary-Report-on-Level-456-Hospitals-In-Kenya-2023-2024.pdf,C:\Users\user\Data_Science_Course\kenya_public_finance_intelligence\kenya_public_finance_intelligence\data\raw\oag\oag_2023-24_hospital_summary-report-on-level-4level-5-and-lev.pdf,4294.83,2026-06-13 12:34:00,ok
999,oag,https://www.oagkenya.go.ke/wp-content/uploads/2024/03/Auditor-Generals-Report-on-Level-4-and-Level-5-Hospitals.pdf#new_tab,C:\Users\user\Data_Science_Course\kenya_public_finance_intelligence\kenya_public_finance_intelligence\data\raw\oag\oag_2021-22_hospital_auditor-generals-report-on-level-4-and-l.pdf,3175.07,2026-06-13 12:34:21,ok
1000,oag,https://www.oagkenya.go.ke/wp-content/uploads/2024/03/Auditor-Generals-Report-on-Level-4-and-Level-5-Hospitals.pdf,C:\Users\user\Data_Science_Course\kenya_public_finance_intelligence\kenya_public_finance_intelligence\data\raw\oag\oag_2021-22_hospital_auditor-generals-report-on-level-4-and-l.pdf,3175.07,2026-06-13 12:34:21,ok
1001,oag,https://www.oagkenya.go.ke/wp-content/uploads/2024/03/Summary-Book-for-Level-4-and-Level-5-Hospitals.pdf#new_tab,C:\Users\user\Data_Science_Course\kenya_public_finance_intelligence\kenya_public_finance_intelligence\data\raw\oag\oag_2021-22_hospital_summary-of-the-auditor-generals-for-leve.pdf,2318.72,2026-06-13 12:34:45,ok
1002,oag,https://www.oagkenya.go.ke/wp-content/uploads/2024/03/Summary-Book-for-Level-4-and-Level-5-Hospitals.pdf,C:\Users\user\Data_Science_Course\kenya_public_finance_intelligence\kenya_public_finance_intelligence\data\raw\oag\oag_2021-22_hospital_summary-of-the-auditor-generals-for-leve.pdf,2318.72,2026-06-13 12:34:45,ok
1003,oag,https://www.oagkenya.go.ke/wp-content/uploads/2025/08/Auditor-Generals-Summary-Report-on-Water-Companies-2023-2024.pdf,C:\Users\user\Data_Science_Course\kenya_public_finance_intelligence\kenya_public_finance_intelligence\data\raw\oag\oag_2023-24_water-company_summary-report-on-water-companies-2023-2.pdf,4248.82,2026-06-13 12:35:02,ok
1004,oag,https://www.oagkenya.go.ke/wp-content/uploads/2024/07/TETU-ABERDARE-WATER-AND-SANITATION-COMPANY-.pdf#new_tab,C:\Users\user\Data_Science_Course\kenya_public_finance_intelligence\kenya_public_finance_intelligence\data\raw\oag\oag_2022-23_water-company_tetu-aberdare-water-and-sanitation-compa.pdf,166.49,2026-06-13 12:35:05,ok
1005,oag,https://www.oagkenya.go.ke/wp-content/uploads/2024/07/TETU-ABERDARE-WATER-AND-SANITATION-COMPANY-.pdf,C:\Users\user\Data_Science_Course\kenya_public_finance_intelligence\kenya_public_finance_intelligence\data\raw\oag\oag_2022-23_water-company_tetu-aberdare-water-and-sanitation-compa.pdf,166.49,2026-06-13 12:35:05,ok
1006,oag,https://www.oagkenya.go.ke/wp-content/uploads/2024/07/NYAHURURU-WATER-AND-SANITATION-COMPANY-LIMITED.pdf#new_tab,C:\Users\user\Data_Science_Course\kenya_public_finance_intelligence\kenya_public_finance_intelligence\data\raw\oag\oag_2022-23_water-company_nyahururu-water-and-sanitation-company-l.pdf,188.71,2026-06-13 12:35:15,ok
1007,oag,https://www.oagkenya.go.ke/wp-content/uploads/2024/07/NYAHURURU-WATER-AND-SANITATION-COMPANY-LIMITED.pdf,C:\Users\user\Data_Science_Course\kenya_public_finance_intelligence\kenya_public_finance_intelligence\data\raw\oag\oag_2022-23_water-company_nyahururu-water-and-sanitation-company-l.pdf,188.71,2026-06-13 12:35:15,ok
1008,oag,https://www.oagkenya.go.ke/wp-content/uploads/2024/07/MANDERA-WATER-AND-SEWERAGE-COMPANY.pdf#new_tab,C:\Users\user\Data_Science_Course\kenya_public_finance_intelligence\kenya_public_finance_intelligence\data\raw\oag\oag_2022-23_water-company_mandera-water-and-sewerage-company.pdf,185.09,2026-06-13 12:35:20,ok
1009,oag,https://www.oagkenya.go.ke/wp-content/uploads/2024/07/MANDERA-WATER-AND-SEWERAGE-COMPANY.pdf,C:\Users\user\Data_Science_Course\kenya_public_finance_intelligence\kenya_public_finance_intelligence\data\raw\oag\oag_2022-23_water-company_mandera-water-and-sewerage-company.pdf,185.09,2026-06-13 12:35:20,ok
1010,oag,https://www.oagkenya.go.ke/wp-content/uploads/2024/07/ITEN-TAMBACH-WATER-AND-SEWERAGE-COMPANY-LIMITED-.pdf#new_tab,C:\Users\user\Data_Science_Course\kenya_public_finance_intelligence\kenya_public_finance_intelligence\data\raw\oag\oag_2022-23_water-company_iten-tambach-water-and-sewerage-company-.pdf,195.88,2026-06-13 12:35:28,ok
1011,oag,https://www.oagkenya.go.ke/wp-content/uploads/2024/07/ITEN-TAMBACH-WATER-AND-SEWERAGE-COMPANY-LIMITED-.pdf,C:\Users\user\Data_Science_Course\kenya_public_finance_intelligence\kenya_public_finance_intelligence\data\raw\oag\oag_2022-23_water-company_iten-tambach-water-and-sewerage-company-.pdf,195.88,2026-06-13 12:35:29,ok
1012,oag,https://www.oagkenya.go.ke/wp-content/uploads/2024/07/GULF-WATER-SERVICES-COMPANY.pdf#new_tab,C:\Users\user\Data_Science_Course\kenya_public_finance_intelligence\kenya_public_finance_intelligence\data\raw\oag\oag_2022-23_water-company_gulf-water-services-company.pdf,188.65,2026-06-13 12:35:35,ok
1013,oag,https://www.oagkenya.go.ke/wp-content/uploads/2024/07/GULF-WATER-SERVICES-COMPANY.pdf,C:\Users\user\Data_Science_Course\kenya_public_finance_intelligence\kenya_public_finance_intelligence\data\raw\oag\oag_2022-23_water-company_gulf-water-services-company.pdf,188.65,2026-06-13 12:35:35,ok
1014,oag,https://www.oagkenya.go.ke/wp-content/uploads/2024/07/GARISSA-WATER-AND-SEWERAGE-COMPANY-LTD-.pdf#new_tab,C:\Users\user\Data_Science_Course\kenya_public_finance_intelligence\kenya_public_finance_intelligence\data\raw\oag\oag_2022-23_water-company_garissa-water-and-sewerage-company-ltd.pdf,212.3,2026-06-13 12:35:43,ok
1015,oag,https://www.oagkenya.go.ke/wp-content/uploads/2024/07/GARISSA-WATER-AND-SEWERAGE-COMPANY-LTD-.pdf,C:\Users\user\Data_Science_Course\kenya_public_finance_intelligence\kenya_public_finance_intelligence\data\raw\oag\oag_2022-23_water-company_garissa-water-and-sewerage-company-ltd.pdf,212.3,2026-06-13 12:35:43,ok
1016,oag,https://www.oagkenya.go.ke/wp-content/uploads/2024/06/Ruiru-Juja-Water-and-Sewerage-Company-Limited-.pdf#new_tab,C:\Users\user\Data_Science_Course\kenya_public_finance_intelligence\kenya_public_finance_intelligence\data\raw\oag\oag_2022-23_water-company_ruiru-juja-water-and-sewerage-company-li.pdf,205.94,2026-06-13 12:35:50,ok
1017,oag,https://www.oagkenya.go.ke/wp-content/uploads/2024/06/Ruiru-Juja-Water-and-Sewerage-Company-Limited-.pdf,C:\Users\user\Data_Science_Course\kenya_public_finance_intelligence\kenya_public_finance_intelligence\data\raw\oag\oag_2022-23_water-company_ruiru-juja-water-and-sewerage-company-li.pdf,205.94,2026-06-13 12:35:50,ok
1018,oag,https://www.oagkenya.go.ke/wp-content/uploads/2024/06/Malindi-Water-and-Sewerage-Company-Limited-.pdf#new_tab,C:\Users\user\Data_Science_Course\kenya_public_finance_intelligence\kenya_public_finance_intelligence\data\raw\oag\oag_2022-23_water-company_malindi-water-and-sewerage-company-limit.pdf,191.11,2026-06-13 12:35:53,ok
1019,oag,https://www.oagkenya.go.ke/wp-content/uploads/2024/06/Malindi-Water-and-Sewerage-Company-Limited-.pdf,C:\Users\user\Data_Science_Course\kenya_public_finance_intelligence\kenya_public_finance_intelligence\data\raw\oag\oag_2022-23_water-company_malindi-water-and-sewerage-company-limit.pdf,191.11,2026-06-13 12:35:53,ok
1020,oag,https://www.oagkenya.go.ke/wp-content/uploads/2024/06/Limuru-Water-and-Sewerage-Company-Limited.pdf#new_tab,C:\Users\user\Data_Science_Course\kenya_public_finance_intelligence\kenya_public_finance_intelligence\data\raw\oag\oag_2022-23_water-company_limuru-water-and-sewerage-company-limite.pdf,163.21,2026-06-13 12:35:56,ok
1021,oag,https://www.oagkenya.go.ke/wp-content/uploads/2024/06/Limuru-Water-and-Sewerage-Company-Limited.pdf,C:\Users\user\Data_Science_Course\kenya_public_finance_intelligence\kenya_public_finance_intelligence\data\raw\oag\oag_2022-23_water-company_limuru-water-and-sewerage-company-limite.pdf,163.21,2026-06-13 12:35:57,ok
1022,oag,https://www.oagkenya.go.ke/wp-content/uploads/2024/06/Kilifi-Mariakani-Water-and-Sewerage-limited-.pdf#new_tab,C:\Users\user\Data_Science_Course\kenya_public_finance_intelligence\kenya_public_finance_intelligence\data\raw\oag\oag_2022-23_water-company_kilifi-mariakani-water-and-sewerage-limi.pdf,242.02,2026-06-13 12:36:00,ok
1023,oag,https://www.oagkenya.go.ke/wp-content/uploads/2024/06/Kilifi-Mariakani-Water-and-Sewerage-limited-.pdf,C:\Users\user\Data_Science_Course\kenya_public_finance_intelligence\kenya_public_finance_intelligence\data\raw\oag\oag_2022-23_water-company_kilifi-mariakani-water-and-sewerage-limi.pdf,242.02,2026-06-13 12:36:01,ok
1024,oag,https://www.oagkenya.go.ke/wp-content/uploads/2024/06/Karuri-Water-and-Sanitation-Company-Limited-.pdf#new_tab,C:\Users\user\Data_Science_Course\kenya_public_finance_intelligence\kenya_public_finance_intelligence\data\raw\oag\oag_2022-23_water-company_karuri-water-and-sanitation-company-limi.pdf,187.49,2026-06-13 12:36:08,ok
1025,oag,https://www.oagkenya.go.ke/wp-content/uploads/2024/06/Karuri-Water-and-Sanitation-Company-Limited-.pdf,C:\Users\user\Data_Science_Course\kenya_public_finance_intelligence\kenya_public_finance_intelligence\data\raw\oag\oag_2022-23_water-company_karuri-water-and-sanitation-company-limi.pdf,187.49,2026-06-13 12:36:08,ok
1026,oag,https://www.oagkenya.go.ke/wp-content/uploads/2024/06/Juja-Water-and-Sewerage-Company-Limited.pdf#new_tab,C:\Users\user\Data_Science_Course\kenya_public_finance_intelligence\kenya_public_finance_intelligence\data\raw\oag\oag_2022-23_water-company_juja-water-and-sewerage-company-limited.pdf,206.18,2026-06-13 12:36:15,ok
1027,oag,https://www.oagkenya.go.ke/wp-content/uploads/2024/06/Juja-Water-and-Sewerage-Company-Limited.pdf,C:\Users\user\Data_Science_Course\kenya_public_finance_intelligence\kenya_public_finance_intelligence\data\raw\oag\oag_2022-23_water-company_juja-water-and-sewerage-company-limited.pdf,206.18,2026-06-13 12:36:15,ok
1028,oag,https://www.oagkenya.go.ke/wp-content/uploads/2024/06/Githunguru-Water-and-Sanitation-Company-Limited.pdf#new_tab,C:\Users\user\Data_Science_Course\kenya_public_finance_intelligence\kenya_public_finance_intelligence\data\raw\oag\oag_2022-23_water-company_githunguru-water-and-sanitation-company-.pdf,188.59,2026-06-13 12:36:23,ok
1029,oag,https://www.oagkenya.go.ke/wp-content/uploads/2024/06/Githunguru-Water-and-Sanitation-Company-Limited.pdf,C:\Users\user\Data_Science_Course\kenya_public_finance_intelligence\kenya_public_finance_intelligence\data\raw\oag\oag_2022-23_water-company_githunguru-water-and-sanitation-company-.pdf,188.59,2026-06-13 12:36:23,ok
1030,oag,https://www.oagkenya.go.ke/wp-content/uploads/2024/06/Eldama-Ravine-Water-and-Sewerage-Company-Limited-.pdf#new_tab,C:\Users\user\Data_Science_Course\kenya_public_finance_intelligence\kenya_public_finance_intelligence\data\raw\oag\oag_2022-23_water-company_eldama-ravine-water-and-sewerage-company.pdf,209.04,2026-06-13 12:36:29,ok
1031,oag,https://www.oagkenya.go.ke/wp-content/uploads/2024/06/Eldama-Ravine-Water-and-Sewerage-Company-Limited-.pdf,C:\Users\user\Data_Science_Course\kenya_public_finance_intelligence\kenya_public_finance_intelligence\data\raw\oag\oag_2022-23_water-company_eldama-ravine-water-and-sewerage-company.pdf,209.04,2026-06-13 12:36:29,ok
1032,oag,https://www.oagkenya.go.ke/wp-content/uploads/2024/06/Cherangany-Marakwet-Water-and-Sanitation-.pdf#new_tab,C:\Users\user\Data_Science_Course\kenya_public_finance_intelligence\kenya_public_finance_intelligence\data\raw\oag\oag_2022-23_water-company_cherangany-marakwet-water-and-sanitation.pdf,244.92,2026-06-13 12:36:33,ok
1033,oag,https://www.oagkenya.go.ke/wp-content/uploads/2024/06/Cherangany-Marakwet-Water-and-Sanitation-.pdf,C:\Users\user\Data_Science_Course\kenya_public_finance_intelligence\kenya_public_finance_intelligence\data\raw\oag\oag_2022-23_water-company_cherangany-marakwet-water-and-sanitation.pdf,244.92,2026-06-13 12:36:33,ok
1034,oag,https://www.oagkenya.go.ke/wp-content/uploads/2024/06/Athi-Water-Works-Development-Agency.pdf#new_tab,C:\Users\user\Data_Science_Course\kenya_public_finance_intelligence\kenya_public_finance_intelligence\data\raw\oag\oag_2022-23_water-company_athi-water-works-development-agency.pdf,190.56,2026-06-13 12:36:42,ok
1035,oag,https://www.oagkenya.go.ke/wp-content/uploads/2024/06/Athi-Water-Works-Development-Agency.pdf,C:\Users\user\Data_Science_Course\kenya_public_finance_intelligence\kenya_public_finance_intelligence\data\raw\oag\oag_2022-23_water-company_athi-water-works-development-agency.pdf,190.56,2026-06-13 12:36:42,ok
1036,oag,https://www.oagkenya.go.ke/wp-content/uploads/2024/06/Amatsi-Water-.pdf#new_tab,C:\Users\user\Data_Science_Course\kenya_public_finance_intelligence\kenya_public_finance_intelligence\data\raw\oag\oag_2022-23_water-company_amatsi-water.pdf,232.22,2026-06-13 12:36:47,ok
1037,oag,https://www.oagkenya.go.ke/wp-content/uploads/2024/06/Amatsi-Water-.pdf,C:\Users\user\Data_Science_Course\kenya_public_finance_intelligence\kenya_public_finance_intelligence\data\raw\oag\oag_2022-23_water-company_amatsi-water.pdf,232.22,2026-06-13 12:36:47,ok
1038,oag,https://www.oagkenya.go.ke/wp-content/uploads/2024/03/Auditor-Generals-Report-on-Water-Companies.pdf#new_tab,C:\Users\user\Data_Science_Course\kenya_public_finance_intelligence\kenya_public_finance_intelligence\data\raw\oag\oag_2021-22_water-company_auditor-generals-report-on-water-compani.pdf,3586.17,2026-06-13 12:37:27,ok
1039,oag,https://www.oagkenya.go.ke/wp-content/uploads/2024/03/Auditor-Generals-Report-on-Water-Companies.pdf,C:\Users\user\Data_Science_Course\kenya_public_finance_intelligence\kenya_public_finance_intelligence\data\raw\oag\oag_2021-22_water-company_auditor-generals-report-on-water-compani.pdf,3586.17,2026-06-13 12:37:27,ok
1040,oag,https://www.oagkenya.go.ke/wp-content/uploads/2024/03/Summary-of-Auditor-Generals-Report-on-Water-Companies.pdf#new_tab,C:\Users\user\Data_Science_Course\kenya_public_finance_intelligence\kenya_public_finance_intelligence\data\raw\oag\oag_2021-22_water-company_summary-of-auditor-generals-report-on-wa.pdf,2259.59,2026-06-13 12:37:49,ok
1041,oag,https://www.oagkenya.go.ke/wp-content/uploads/2024/03/Summary-of-Auditor-Generals-Report-on-Water-Companies.pdf,C:\Users\user\Data_Science_Course\kenya_public_finance_intelligence\kenya_public_finance_intelligence\data\raw\oag\oag_2021-22_water-company_summary-of-auditor-generals-report-on-wa.pdf,2259.59,2026-06-13 12:37:49,ok
1042,oag,https://www.oagkenya.go.ke/wp-content/uploads/2023/01/Homa-Bay-County-Education-Bursary-Fund-2020-2021.pdf#new_tab,C:\Users\user\Data_Science_Course\kenya_public_finance_intelligence\kenya_public_finance_intelligence\data\raw\oag\oag_2021-22_county-fund_homa-bay-county-education-bursary-fund.pdf,491.89,2026-06-13 12:37:55,ok
1043,oag,https://www.oagkenya.go.ke/wp-content/uploads/2023/01/Homa-Bay-County-Education-Bursary-Fund-2020-2021.pdf,C:\Users\user\Data_Science_Course\kenya_public_finance_intelligence\kenya_public_finance_intelligence\data\raw\oag\oag_2021-22_county-fund_homa-bay-county-education-bursary-fund.pdf,491.89,2026-06-13 12:37:56,ok
1044,oag,https://www.oagkenya.go.ke/wp-content/uploads/2023/02/Meru-Youth-Service-Board-20202-2021.pdf#new_tab,C:\Users\user\Data_Science_Course\kenya_public_finance_intelligence\kenya_public_finance_intelligence\data\raw\oag\oag_2020-21_county-fund_meru-youth-service-board.pdf,437.43,2026-06-13 12:38:00,ok
1045,oag,https://www.oagkenya.go.ke/wp-content/uploads/2023/02/Meru-Youth-Service-Board-20202-2021.pdf,C:\Users\user\Data_Science_Course\kenya_public_finance_intelligence\kenya_public_finance_intelligence\data\raw\oag\oag_2020-21_county-fund_meru-youth-service-board.pdf,437.43,2026-06-13 12:38:00,ok
1046,oag,https://www.oagkenya.go.ke/wp-content/uploads/2023/02/Marsabit-County-Education-Fund-2020_2021.pdf#new_tab,C:\Users\user\Data_Science_Course\kenya_public_finance_intelligence\kenya_public_finance_intelligence\data\raw\oag\oag_2020-21_county-fund_marsabit-county-education-fund.pdf,530.23,2026-06-13 12:38:03,ok
1047,oag,https://www.oagkenya.go.ke/wp-content/uploads/2023/02/Marsabit-County-Education-Fund-2020_2021.pdf,C:\Users\user\Data_Science_Course\kenya_public_finance_intelligence\kenya_public_finance_intelligence\data\raw\oag\oag_2020-21_county-fund_marsabit-county-education-fund.pdf,530.23,2026-06-13 12:38:03,ok
1048,oag,https://www.oagkenya.go.ke/wp-content/uploads/2023/02/Nairobi-City-County-Alcoholic-Drinks-Control-and-Lisensing-Board-2020-2021.pdf#new_tab,C:\Users\user\Data_Science_Course\kenya_public_finance_intelligence\kenya_public_finance_intelligence\data\raw\oag\oag_2020-21_county-fund_nairobi-city-county-alcoholic-drinks-con.pdf,525.68,2026-06-13 12:38:13,ok
1049,oag,https://www.oagkenya.go.ke/wp-content/uploads/2023/02/Nairobi-City-County-Alcoholic-Drinks-Control-and-Lisensing-Board-2020-2021.pdf,C:\Users\user\Data_Science_Course\kenya_public_finance_intelligence\kenya_public_finance_intelligence\data\raw\oag\oag_2020-21_county-fund_nairobi-city-county-alcoholic-drinks-con.pdf,525.68,2026-06-13 12:38:13,ok
1050,oag,https://www.oagkenya.go.ke/wp-content/uploads/2023/02/Kisumu-County-Education-2020_2021.pdf#new_tab,C:\Users\user\Data_Science_Course\kenya_public_finance_intelligence\kenya_public_finance_intelligence\data\raw\oag\oag_2020-21_county-fund_kisumu-county-education.pdf,562.17,2026-06-13 12:38:19,ok
1051,oag,https://www.oagkenya.go.ke/wp-content/uploads/2023/02/Kisumu-County-Education-2020_2021.pdf,C:\Users\user\Data_Science_Course\kenya_public_finance_intelligence\kenya_public_finance_intelligence\data\raw\oag\oag_2020-21_county-fund_kisumu-county-education.pdf,562.17,2026-06-13 12:38:20,ok
1052,oag,https://www.oagkenya.go.ke/wp-content/uploads/2023/02/Migori-County-Executive-Car-Loan-and-Mortgage-Fund-2020-2021.pdf#new_tab,C:\Users\user\Data_Science_Course\kenya_public_finance_intelligence\kenya_public_finance_intelligence\data\raw\oag\oag_2020-21_county-executive_migori-county-executive-car-loan-and-mor.pdf,533.12,2026-06-13 12:38:32,ok
1053,oag,https://www.oagkenya.go.ke/wp-content/uploads/2023/02/Migori-County-Executive-Car-Loan-and-Mortgage-Fund-2020-2021.pdf,C:\Users\user\Data_Science_Course\kenya_public_finance_intelligence\kenya_public_finance_intelligence\data\raw\oag\oag_2020-21_county-executive_migori-county-executive-car-loan-and-mor.pdf,533.12,2026-06-13 12:38:32,ok
1054,oag,https://www.oagkenya.go.ke/wp-content/uploads/2023/02/Kericho-Enterprise-Fund-2020-2021.pdf#new_tab,C:\Users\user\Data_Science_Course\kenya_public_finance_intelligence\kenya_public_finance_intelligence\data\raw\oag\oag_2020-21_county-fund_kericho-enterprise-fund.pdf,541.84,2026-06-13 12:38:45,ok
1055,oag,https://www.oagkenya.go.ke/wp-content/uploads/2023/02/Kericho-Enterprise-Fund-2020-2021.pdf,C:\Users\user\Data_Science_Course\kenya_public_finance_intelligence\kenya_public_finance_intelligence\data\raw\oag\oag_2020-21_county-fund_kericho-enterprise-fund.pdf,541.84,2026-06-13 12:38:45,ok
1056,oag,https://www.oagkenya.go.ke/wp-content/uploads/2023/02/Masaai-Mara-Community-Support-Fund-2020-2021.pdf#new_tab,C:\Users\user\Data_Science_Course\kenya_public_finance_intelligence\kenya_public_finance_intelligence\data\raw\oag\oag_2020-21_county-fund_masaai-mara-community-support-fund.pdf,544.78,2026-06-13 12:38:52,ok
1057,oag,https://www.oagkenya.go.ke/wp-content/uploads/2023/02/Masaai-Mara-Community-Support-Fund-2020-2021.pdf,C:\Users\user\Data_Science_Course\kenya_public_finance_intelligence\kenya_public_finance_intelligence\data\raw\oag\oag_2020-21_county-fund_masaai-mara-community-support-fund.pdf,544.78,2026-06-13 12:38:53,ok
1058,oag,https://www.oagkenya.go.ke/wp-content/uploads/2023/02/Machakos-County-Executive-Committee-Chief-Officers-Car-Mortgage-2020-2021.pdf#new_tab,C:\Users\user\Data_Science_Course\kenya_public_finance_intelligence\kenya_public_finance_intelligence\data\raw\oag\oag_2020-21_county-executive_machakos-county-executive-committee-chie.pdf,609.17,2026-06-13 12:39:06,ok
1059,oag,https://www.oagkenya.go.ke/wp-content/uploads/2023/02/Machakos-County-Executive-Committee-Chief-Officers-Car-Mortgage-2020-2021.pdf,C:\Users\user\Data_Science_Course\kenya_public_finance_intelligence\kenya_public_finance_intelligence\data\raw\oag\oag_2020-21_county-executive_machakos-county-executive-committee-chie.pdf,609.17,2026-06-13 12:39:06,ok
1060,oag,https://www.oagkenya.go.ke/wp-content/uploads/2023/02/Uasin-Gishu-County-Bursary-and-Skills-Development-Support-Fund-2020-2021.pdf#new_tab,C:\Users\user\Data_Science_Course\kenya_public_finance_intelligence\kenya_public_finance_intelligence\data\raw\oag\oag_2020-21_county-fund_uasin-gishu-county-bursary-and-skills-de.pdf,353.31,2026-06-13 12:39:19,ok
1061,oag,https://www.oagkenya.go.ke/wp-content/uploads/2023/02/Uasin-Gishu-County-Bursary-and-Skills-Development-Support-Fund-2020-2021.pdf,C:\Users\user\Data_Science_Course\kenya_public_finance_intelligence\kenya_public_finance_intelligence\data\raw\oag\oag_2020-21_county-fund_uasin-gishu-county-bursary-and-skills-de.pdf,353.31,2026-06-13 12:39:19,ok
1062,oag,https://www.oagkenya.go.ke/wp-content/uploads/2023/02/Kericho-County-Agricultural-Development-2020-2021.pdf#new_tab,C:\Users\user\Data_Science_Course\kenya_public_finance_intelligence\kenya_public_finance_intelligence\data\raw\oag\oag_2020-21_county-fund_kericho-county-agricultural-development-.pdf,521.29,2026-06-13 12:39:31,ok
1063,oag,https://www.oagkenya.go.ke/wp-content/uploads/2023/02/Kericho-County-Agricultural-Development-2020-2021.pdf,C:\Users\user\Data_Science_Course\kenya_public_finance_intelligence\kenya_public_finance_intelligence\data\raw\oag\oag_2020-21_county-fund_kericho-county-agricultural-development-.pdf,521.29,2026-06-13 12:39:31,ok
1064,oag,https://www.oagkenya.go.ke/wp-content/uploads/2023/02/Kericho-County-Alcoholic-Drinks-Fund-2020-2021.pdf#new_tab,C:\Users\user\Data_Science_Course\kenya_public_finance_intelligence\kenya_public_finance_intelligence\data\raw\oag\oag_2020-21_county-fund_kericho-county-alcoholic-drinks-fund.pdf,526.75,2026-06-13 12:39:42,ok
1065,oag,https://www.oagkenya.go.ke/wp-content/uploads/2023/02/Kericho-County-Alcoholic-Drinks-Fund-2020-2021.pdf,C:\Users\user\Data_Science_Course\kenya_public_finance_intelligence\kenya_public_finance_intelligence\data\raw\oag\oag_2020-21_county-fund_kericho-county-alcoholic-drinks-fund.pdf,526.75,2026-06-13 12:39:42,ok
1066,oag,https://www.oagkenya.go.ke/wp-content/uploads/2023/02/Kericho-County-Executive-Staff-Mortgage-Scheme-Fund-2020-2021.pdf#new_tab,C:\Users\user\Data_Science_Course\kenya_public_finance_intelligence\kenya_public_finance_intelligence\data\raw\oag\oag_2020-21_county-executive_kericho-county-executive-staff-mortgage-.pdf,553.41,2026-06-13 12:39:52,ok
1067,oag,https://www.oagkenya.go.ke/wp-content/uploads/2023/02/Kericho-County-Executive-Staff-Mortgage-Scheme-Fund-2020-2021.pdf,C:\Users\user\Data_Science_Course\kenya_public_finance_intelligence\kenya_public_finance_intelligence\data\raw\oag\oag_2020-21_county-executive_kericho-county-executive-staff-mortgage-.pdf,553.41,2026-06-13 12:39:52,ok
1068,oag,https://www.oagkenya.go.ke/wp-content/uploads/2023/02/Kiambu-County-Education-Bursary-Fund-2020-2021-1.pdf#new_tab,C:\Users\user\Data_Science_Course\kenya_public_finance_intelligence\kenya_public_finance_intelligence\data\raw\oag\oag_2020-21_county-fund_kiambu-county-education-bursary-fund.pdf,535.57,2026-06-13 12:40:00,ok
1069,oag,https://www.oagkenya.go.ke/wp-content/uploads/2023/02/Kiambu-County-Education-Bursary-Fund-2020-2021-1.pdf,C:\Users\user\Data_Science_Course\kenya_public_finance_intelligence\kenya_public_finance_intelligence\data\raw\oag\oag_2020-21_county-fund_kiambu-county-education-bursary-fund.pdf,535.57,2026-06-13 12:40:00,ok
1070,oag,https://www.oagkenya.go.ke/wp-content/uploads/2023/02/Laikipia-County-Assets-Leasing-Fund-2020-2021.pdf#new_tab,C:\Users\user\Data_Science_Course\kenya_public_finance_intelligence\kenya_public_finance_intelligence\data\raw\oag\oag_2020-21_county-fund_laikipia-county-assets-leasing-fund.pdf,523.63,2026-06-13 12:40:14,ok
1071,oag,https://www.oagkenya.go.ke/wp-content/uploads/2023/02/Laikipia-County-Assets-Leasing-Fund-2020-2021.pdf,C:\Users\user\Data_Science_Course\kenya_public_finance_intelligence\kenya_public_finance_intelligence\data\raw\oag\oag_2020-21_county-fund_laikipia-county-assets-leasing-fund.pdf,523.63,2026-06-13 12:40:14,ok
1072,oag,https://www.oagkenya.go.ke/wp-content/uploads/2023/02/NAKURU-COUNTY-PERSONS-WITH-DISABILITIES-FUND-2020-2021-.pdf#new_tab,C:\Users\user\Data_Science_Course\kenya_public_finance_intelligence\kenya_public_finance_intelligence\data\raw\oag\oag_2020-21_county-fund_nakuru-county-persons-with-disabilities-.pdf,533.35,2026-06-13 12:40:23,ok
1073,oag,https://www.oagkenya.go.ke/wp-content/uploads/2023/02/NAKURU-COUNTY-PERSONS-WITH-DISABILITIES-FUND-2020-2021-.pdf,C:\Users\user\Data_Science_Course\kenya_public_finance_intelligence\kenya_public_finance_intelligence\data\raw\oag\oag_2020-21_county-fund_nakuru-county-persons-with-disabilities-.pdf,533.35,2026-06-13 12:40:23,ok
1074,oag,https://www.oagkenya.go.ke/wp-content/uploads/2023/02/Samburu-County-Bursary-Fund-2020-2021.pdf#new_tab,C:\Users\user\Data_Science_Course\kenya_public_finance_intelligence\kenya_public_finance_intelligence\data\raw\oag\oag_2020-21_county-fund_samburu-county-bursary-fund.pdf,353.75,2026-06-13 12:40:26,ok
1075,oag,https://www.oagkenya.go.ke/wp-content/uploads/2023/02/Samburu-County-Bursary-Fund-2020-2021.pdf,C:\Users\user\Data_Science_Course\kenya_public_finance_intelligence\kenya_public_finance_intelligence\data\raw\oag\oag_2020-21_county-fund_samburu-county-bursary-fund.pdf,353.75,2026-06-13 12:40:26,ok
1076,oag,https://www.oagkenya.go.ke/wp-content/uploads/2023/02/Nyeri-County-Executive-Car-Loan-and-Mortgage-2020-2021.pdf#new_tab,C:\Users\user\Data_Science_Course\kenya_public_finance_intelligence\kenya_public_finance_intelligence\data\raw\oag\oag_2020-21_county-executive_nyeri-county-executive-car-loan-and-mort.pdf,351.37,2026-06-13 12:40:31,ok
1077,oag,https://www.oagkenya.go.ke/wp-content/uploads/2023/02/Nyeri-County-Executive-Car-Loan-and-Mortgage-2020-2021.pdf,C:\Users\user\Data_Science_Course\kenya_public_finance_intelligence\kenya_public_finance_intelligence\data\raw\oag\oag_2020-21_county-executive_nyeri-county-executive-car-loan-and-mort.pdf,351.37,2026-06-13 12:40:31,ok
1078,oag,https://www.oagkenya.go.ke/wp-content/uploads/2023/02/Kirinyaga-County-Emergency-Fund-2020-2021.pdf#new_tab,C:\Users\user\Data_Science_Course\kenya_public_finance_intelligence\kenya_public_finance_intelligence\data\raw\oag\oag_2020-21_county-fund_kirinyaga-county-emergency-fund.pdf,450.59,2026-06-13 12:40:35,ok
1079,oag,https://www.oagkenya.go.ke/wp-content/uploads/2023/02/Kirinyaga-County-Emergency-Fund-2020-2021.pdf,C:\Users\user\Data_Science_Course\kenya_public_finance_intelligence\kenya_public_finance_intelligence\data\raw\oag\oag_2020-21_county-fund_kirinyaga-county-emergency-fund.pdf,450.59,2026-06-13 12:40:35,ok
1080,oag,https://www.oagkenya.go.ke/wp-content/uploads/2023/02/Samburu-County-Executive-Staff-Mortgage-Members-Scheme-Fund-2020-2021.pdf#new_tab,C:\Users\user\Data_Science_Course\kenya_public_finance_intelligence\kenya_public_finance_intelligence\data\raw\oag\oag_2020-21_county-executive_samburu-county-executive-staff-mortgage-.pdf,544.34,2026-06-13 12:40:42,ok
1081,oag,https://www.oagkenya.go.ke/wp-content/uploads/2023/02/Samburu-County-Executive-Staff-Mortgage-Members-Scheme-Fund-2020-2021.pdf,C:\Users\user\Data_Science_Course\kenya_public_finance_intelligence\kenya_public_finance_intelligence\data\raw\oag\oag_2020-21_county-executive_samburu-county-executive-staff-mortgage-.pdf,544.34,2026-06-13 12:40:42,ok
1082,oag,https://www.oagkenya.go.ke/wp-content/uploads/2023/02/Kajiado-County-Alcoholic-Drinks-Control-Fund-2020-2021.pdf#new_tab,C:\Users\user\Data_Science_Course\kenya_public_finance_intelligence\kenya_public_finance_intelligence\data\raw\oag\oag_2020-21_county-fund_kajiado-county-alcoholic-drinks-control-.pdf,532.48,2026-06-13 12:40:46,ok
1083,oag,https://www.oagkenya.go.ke/wp-content/uploads/2023/02/Kajiado-County-Alcoholic-Drinks-Control-Fund-2020-2021.pdf,C:\Users\user\Data_Science_Course\kenya_public_finance_intelligence\kenya_public_finance_intelligence\data\raw\oag\oag_2020-21_county-fund_kajiado-county-alcoholic-drinks-control-.pdf,532.48,2026-06-13 12:40:46,ok
1084,oag,https://www.oagkenya.go.ke/wp-content/uploads/2023/02/Kajiado-County-Disability-Mainstreaming-Fund-2020-2021-.pdf#new_tab,C:\Users\user\Data_Science_Course\kenya_public_finance_intelligence\kenya_public_finance_intelligence\data\raw\oag\oag_2020-21_county-fund_kajiado-county-disability-mainstreaming-.pdf,522.7,2026-06-13 12:40:56,ok
1085,oag,https://www.oagkenya.go.ke/wp-content/uploads/2023/02/Kajiado-County-Disability-Mainstreaming-Fund-2020-2021-.pdf,C:\Users\user\Data_Science_Course\kenya_public_finance_intelligence\kenya_public_finance_intelligence\data\raw\oag\oag_2020-21_county-fund_kajiado-county-disability-mainstreaming-.pdf,522.7,2026-06-13 12:40:56,ok
1086,oag,https://www.oagkenya.go.ke/wp-content/uploads/2023/02/Marsabit-Couny-Executive-Emergency-Fund-2020_2021.pdf#new_tab,C:\Users\user\Data_Science_Course\kenya_public_finance_intelligence\kenya_public_finance_intelligence\data\raw\oag\oag_2020-21_county-executive_marsabit-county-executive-emergency-fund.pdf,530.01,2026-06-13 12:41:13,ok
1087,oag,https://www.oagkenya.go.ke/wp-content/uploads/2023/02/Marsabit-Couny-Executive-Emergency-Fund-2020_2021.pdf,C:\Users\user\Data_Science_Course\kenya_public_finance_intelligence\kenya_public_finance_intelligence\data\raw\oag\oag_2020-21_county-executive_marsabit-county-executive-emergency-fund.pdf,530.01,2026-06-13 12:41:13,ok
1088,oag,https://www.oagkenya.go.ke/wp-content/uploads/2023/02/Kiambu-County-Alcoholic-Drinks-Control-Fund-2020-2021.pdf#new_tab,C:\Users\user\Data_Science_Course\kenya_public_finance_intelligence\kenya_public_finance_intelligence\data\raw\oag\oag_2020-21_county-fund_kiambu-county-alcoholic-drinks-control-f.pdf,531.1,2026-06-13 12:41:20,ok
1089,oag,https://www.oagkenya.go.ke/wp-content/uploads/2023/02/Kiambu-County-Alcoholic-Drinks-Control-Fund-2020-2021.pdf,C:\Users\user\Data_Science_Course\kenya_public_finance_intelligence\kenya_public_finance_intelligence\data\raw\oag\oag_2020-21_county-fund_kiambu-county-alcoholic-drinks-control-f.pdf,531.1,2026-06-13 12:41:20,ok
1090,oag,https://www.oagkenya.go.ke/wp-content/uploads/2023/02/Kakamega-County-Maternal-Child-Health-and-Family-Planning-Fund-2020-2021.pdf#new_tab,C:\Users\user\Data_Science_Course\kenya_public_finance_intelligence\kenya_public_finance_intelligence\data\raw\oag\oag_2020-21_county-fund_kakamega-county-maternal-child-health-an.pdf,525.63,2026-06-13 12:41:33,ok
1091,oag,https://www.oagkenya.go.ke/wp-content/uploads/2023/02/Kakamega-County-Maternal-Child-Health-and-Family-Planning-Fund-2020-2021.pdf,C:\Users\user\Data_Science_Course\kenya_public_finance_intelligence\kenya_public_finance_intelligence\data\raw\oag\oag_2020-21_county-fund_kakamega-county-maternal-child-health-an.pdf,525.63,2026-06-13 12:41:33,ok
1092,oag,https://www.oagkenya.go.ke/wp-content/uploads/2023/02/Kakamega-Alcoholic-Drinks-Fund-2020-2021.pdf#new_tab,C:\Users\user\Data_Science_Course\kenya_public_finance_intelligence\kenya_public_finance_intelligence\data\raw\oag\oag_2020-21_county-fund_kakamega-alcoholic-drinks-fund.pdf,546.48,2026-06-13 12:41:41,ok
1093,oag,https://www.oagkenya.go.ke/wp-content/uploads/2023/02/Kakamega-Alcoholic-Drinks-Fund-2020-2021.pdf,C:\Users\user\Data_Science_Course\kenya_public_finance_intelligence\kenya_public_finance_intelligence\data\raw\oag\oag_2020-21_county-fund_kakamega-alcoholic-drinks-fund.pdf,546.48,2026-06-13 12:41:41,ok
1094,oag,https://www.oagkenya.go.ke/wp-content/uploads/2023/02/Uasin-Gishu-County-Inua-Biashara-Fund-2020-2021.pdf#new_tab,C:\Users\user\Data_Science_Course\kenya_public_finance_intelligence\kenya_public_finance_intelligence\data\raw\oag\oag_2020-21_county-fund_uasin-gishu-county-inua-biashara-fund.pdf,346.81,2026-06-13 12:41:50,ok
1095,oag,https://www.oagkenya.go.ke/wp-content/uploads/2023/02/Uasin-Gishu-County-Inua-Biashara-Fund-2020-2021.pdf,C:\Users\user\Data_Science_Course\kenya_public_finance_intelligence\kenya_public_finance_intelligence\data\raw\oag\oag_2020-21_county-fund_uasin-gishu-county-inua-biashara-fund.pdf,346.81,2026-06-13 12:41:50,ok
1096,oag,https://www.oagkenya.go.ke/wp-content/uploads/2023/02/Taita-Taveta-County-Executive-Staff-Car-Loan-and-Mortgage-Revolving-Fund-2020-2021.pdf#new_tab,C:\Users\user\Data_Science_Course\kenya_public_finance_intelligence\kenya_public_finance_intelligence\data\raw\oag\oag_2020-21_county-executive_taita-taveta-county-executive-staff-car-.pdf,445.16,2026-06-13 12:41:55,ok
1097,oag,https://www.oagkenya.go.ke/wp-content/uploads/2023/02/Taita-Taveta-County-Executive-Staff-Car-Loan-and-Mortgage-Revolving-Fund-2020-2021.pdf,C:\Users\user\Data_Science_Course\kenya_public_finance_intelligence\kenya_public_finance_intelligence\data\raw\oag\oag_2020-21_county-executive_taita-taveta-county-executive-staff-car-.pdf,445.16,2026-06-13 12:41:55,ok
1098,oag,https://www.oagkenya.go.ke/wp-content/uploads/2023/02/Kwale-County-Disaster-Management-Fund-2020-2021.pdf#new_tab,C:\Users\user\Data_Science_Course\kenya_public_finance_intelligence\kenya_public_finance_intelligence\data\raw\oag\oag_2020-21_county-fund_kwale-county-disaster-management-fund.pdf,522.44,2026-06-13 12:42:07,ok
1099,oag,https://www.oagkenya.go.ke/wp-content/uploads/2023/02/Kwale-County-Disaster-Management-Fund-2020-2021.pdf,C:\Users\user\Data_Science_Course\kenya_public_finance_intelligence\kenya_public_finance_intelligence\data\raw\oag\oag_2020-21_county-fund_kwale-county-disaster-management-fund.pdf,522.44,2026-06-13 12:42:07,ok
1100,oag,https://www.oagkenya.go.ke/wp-content/uploads/2023/02/Kisii-County-Veterinary-Services-Development-Fund-2020-2021.pdf#new_tab,C:\Users\user\Data_Science_Course\kenya_public_finance_intelligence\kenya_public_finance_intelligence\data\raw\oag\oag_2020-21_county-fund_kisii-county-veterinary-services-develop.pdf,526.34,2026-06-13 12:42:14,ok
1101,oag,https://www.oagkenya.go.ke/wp-content/uploads/2023/02/Kisii-County-Veterinary-Services-Development-Fund-2020-2021.pdf,C:\Users\user\Data_Science_Course\kenya_public_finance_intelligence\kenya_public_finance_intelligence\data\raw\oag\oag_2020-21_county-fund_kisii-county-veterinary-services-develop.pdf,526.34,2026-06-13 12:42:14,ok
1102,oag,https://www.oagkenya.go.ke/wp-content/uploads/2023/02/Nandi-County-Executive-Committe-Car-Loan-Mortgage-Scheme-Fund-2020-2021.pdf#new_tab,C:\Users\user\Data_Science_Course\kenya_public_finance_intelligence\kenya_public_finance_intelligence\data\raw\oag\oag_2020-21_county-executive_nandi-county-executive-committe-car-loan.pdf,360.17,2026-06-13 12:42:22,ok
1103,oag,https://www.oagkenya.go.ke/wp-content/uploads/2023/02/Nandi-County-Executive-Committe-Car-Loan-Mortgage-Scheme-Fund-2020-2021.pdf,C:\Users\user\Data_Science_Course\kenya_public_finance_intelligence\kenya_public_finance_intelligence\data\raw\oag\oag_2020-21_county-executive_nandi-county-executive-committe-car-loan.pdf,360.17,2026-06-13 12:42:22,ok
1104,oag,https://www.oagkenya.go.ke/wp-content/uploads/2023/02/WEST-POKOT-COUNTY-BURSARY-EDUCATIONAL-DEVELOPMENT-AND-INFRASTRUCTURE-FUND-2020-2021.pdf#new_tab,C:\Users\user\Data_Science_Course\kenya_public_finance_intelligence\kenya_public_finance_intelligence\data\raw\oag\oag_2020-21_county-fund_west-pokot-county-bursary-educational-de.pdf,434.37,2026-06-13 12:42:29,ok
1105,oag,https://www.oagkenya.go.ke/wp-content/uploads/2023/02/WEST-POKOT-COUNTY-BURSARY-EDUCATIONAL-DEVELOPMENT-AND-INFRASTRUCTURE-FUND-2020-2021.pdf,C:\Users\user\Data_Science_Course\kenya_public_finance_intelligence\kenya_public_finance_intelligence\data\raw\oag\oag_2020-21_county-fund_west-pokot-county-bursary-educational-de.pdf,434.37,2026-06-13 12:42:29,ok
1106,oag,https://www.oagkenya.go.ke/wp-content/uploads/2023/02/Turkana-County-Biashara-Fund-2020-2021.pdf#new_tab,C:\Users\user\Data_Science_Course\kenya_public_finance_intelligence\kenya_public_finance_intelligence\data\raw\oag\oag_2020-21_county-fund_turkana-county-biashara-fund.pdf,537.47,2026-06-13 12:42:54,ok
1107,oag,https://www.oagkenya.go.ke/wp-content/uploads/2023/02/Turkana-County-Biashara-Fund-2020-2021.pdf,C:\Users\user\Data_Science_Course\kenya_public_finance_intelligence\kenya_public_finance_intelligence\data\raw\oag\oag_2020-21_county-fund_turkana-county-biashara-fund.pdf,537.47,2026-06-13 12:42:55,ok
1108,oag,https://www.oagkenya.go.ke/wp-content/uploads/2023/02/Bomet-County-Executive-Car-Loan-and-Mortage-Scheme-Fund-2020-2021.pdf#new_tab,C:\Users\user\Data_Science_Course\kenya_public_finance_intelligence\kenya_public_finance_intelligence\data\raw\oag\oag_2020-21_county-executive_bomet-county-executive-car-loan-and-mort.pdf,431.18,2026-06-13 12:43:10,ok
1109,oag,https://www.oagkenya.go.ke/wp-content/uploads/2023/02/Bomet-County-Executive-Car-Loan-and-Mortage-Scheme-Fund-2020-2021.pdf,C:\Users\user\Data_Science_Course\kenya_public_finance_intelligence\kenya_public_finance_intelligence\data\raw\oag\oag_2020-21_county-executive_bomet-county-executive-car-loan-and-mort.pdf,431.18,2026-06-13 12:43:10,ok
1110,oag,https://www.oagkenya.go.ke/wp-content/uploads/2023/02/NANDI-COUNTY-EXECUTIVE-EDUCATION-FUND-2020-2021.pdf#new_tab,C:\Users\user\Data_Science_Course\kenya_public_finance_intelligence\kenya_public_finance_intelligence\data\raw\oag\oag_2020-21_county-executive_nandi-county-executive-education-fund.pdf,533.79,2026-06-13 12:43:17,ok
1111,oag,https://www.oagkenya.go.ke/wp-content/uploads/2023/02/NANDI-COUNTY-EXECUTIVE-EDUCATION-FUND-2020-2021.pdf,C:\Users\user\Data_Science_Course\kenya_public_finance_intelligence\kenya_public_finance_intelligence\data\raw\oag\oag_2020-21_county-executive_nandi-county-executive-education-fund.pdf,533.79,2026-06-13 12:43:17,ok
1112,oag,https://www.oagkenya.go.ke/wp-content/uploads/2023/02/Turkana-County-Covid-19-Emergency-Response-Fund-2020-2021.pdf#new_tab,C:\Users\user\Data_Science_Course\kenya_public_finance_intelligence\kenya_public_finance_intelligence\data\raw\oag\oag_2020-21_county-fund_turkana-county-covid-19-emergency-respon.pdf,296.04,2026-06-13 12:43:23,ok
1113,oag,https://www.oagkenya.go.ke/wp-content/uploads/2023/02/Turkana-County-Covid-19-Emergency-Response-Fund-2020-2021.pdf,C:\Users\user\Data_Science_Course\kenya_public_finance_intelligence\kenya_public_finance_intelligence\data\raw\oag\oag_2020-21_county-fund_turkana-county-covid-19-emergency-respon.pdf,296.04,2026-06-13 12:43:23,ok
1114,oag,https://www.oagkenya.go.ke/wp-content/uploads/2023/02/TURKANA-COUNTY-YOUTH-AND-WOMEN-EMPOWERMENT-FUND-2020-2021.pdf#new_tab,C:\Users\user\Data_Science_Course\kenya_public_finance_intelligence\kenya_public_finance_intelligence\data\raw\oag\oag_2020-21_county-fund_turkana-county-youth-and-women-empowerme.pdf,528.02,2026-06-13 12:43:33,ok
1115,oag,https://www.oagkenya.go.ke/wp-content/uploads/2023/02/TURKANA-COUNTY-YOUTH-AND-WOMEN-EMPOWERMENT-FUND-2020-2021.pdf,C:\Users\user\Data_Science_Course\kenya_public_finance_intelligence\kenya_public_finance_intelligence\data\raw\oag\oag_2020-21_county-fund_turkana-county-youth-and-women-empowerme.pdf,528.02,2026-06-13 12:43:33,ok
1116,oag,https://www.oagkenya.go.ke/wp-content/uploads/2023/02/Kericho-County-Emergency-Fund-2020-2021.pdf#new_tab,C:\Users\user\Data_Science_Course\kenya_public_finance_intelligence\kenya_public_finance_intelligence\data\raw\oag\oag_2020-21_county-fund_kericho-county-emergency-fund.pdf,530.18,2026-06-13 12:43:46,ok
1117,oag,https://www.oagkenya.go.ke/wp-content/uploads/2023/02/Kericho-County-Emergency-Fund-2020-2021.pdf,C:\Users\user\Data_Science_Course\kenya_public_finance_intelligence\kenya_public_finance_intelligence\data\raw\oag\oag_2020-21_county-fund_kericho-county-emergency-fund.pdf,530.18,2026-06-13 12:43:46,ok
1118,oag,https://www.oagkenya.go.ke/wp-content/uploads/2023/02/SIAYA-ALCOHOLIC-DRINKS-FUND-2020-2021.pdf#new_tab,C:\Users\user\Data_Science_Course\kenya_public_finance_intelligence\kenya_public_finance_intelligence\data\raw\oag\oag_2020-21_county-fund_siaya-alcoholic-drinks-control-fund.pdf,539.04,2026-06-13 12:43:55,ok
1119,oag,https://www.oagkenya.go.ke/wp-content/uploads/2023/02/SIAYA-ALCOHOLIC-DRINKS-FUND-2020-2021.pdf,C:\Users\user\Data_Science_Course\kenya_public_finance_intelligence\kenya_public_finance_intelligence\data\raw\oag\oag_2020-21_county-fund_siaya-alcoholic-drinks-control-fund.pdf,539.04,2026-06-13 12:43:55,ok
1120,oag,https://www.oagkenya.go.ke/wp-content/uploads/2023/02/Kericho-County-Bursary-Fund-2020-2021.pdf#new_tab,C:\Users\user\Data_Science_Course\kenya_public_finance_intelligence\kenya_public_finance_intelligence\data\raw\oag\oag_2020-21_county-fund_kericho-county-bursary-fund.pdf,535.4,2026-06-13 12:44:06,ok
1121,oag,https://www.oagkenya.go.ke/wp-content/uploads/2023/02/Kericho-County-Bursary-Fund-2020-2021.pdf,C:\Users\user\Data_Science_Course\kenya_public_finance_intelligence\kenya_public_finance_intelligence\data\raw\oag\oag_2020-21_county-fund_kericho-county-bursary-fund.pdf,535.4,2026-06-13 12:44:06,ok
1122,oag,https://www.oagkenya.go.ke/wp-content/uploads/2023/02/Kericho-County-Executive-Staff-Car-Loan-Fund-2020-2021-.pdf#new_tab,C:\Users\user\Data_Science_Course\kenya_public_finance_intelligence\kenya_public_finance_intelligence\data\raw\oag\oag_2020-21_county-executive_kericho-county-executive-staff-car-loan-.pdf,551.21,2026-06-13 12:44:15,ok
1123,oag,https://www.oagkenya.go.ke/wp-content/uploads/2023/02/Kericho-County-Executive-Staff-Car-Loan-Fund-2020-2021-.pdf,C:\Users\user\Data_Science_Course\kenya_public_finance_intelligence\kenya_public_finance_intelligence\data\raw\oag\oag_2020-21_county-executive_kericho-county-executive-staff-car-loan-.pdf,551.21,2026-06-13 12:44:15,ok
1124,oag,https://www.oagkenya.go.ke/wp-content/uploads/2023/02/Laikipia-county-education-Bursary-Fund-2020-2021.pdf#new_tab,C:\Users\user\Data_Science_Course\kenya_public_finance_intelligence\kenya_public_finance_intelligence\data\raw\oag\oag_2020-21_county-fund_laikipia-county-education-bursary-fund.pdf,534.4,2026-06-13 12:44:29,ok
1125,oag,https://www.oagkenya.go.ke/wp-content/uploads/2023/02/Laikipia-county-education-Bursary-Fund-2020-2021.pdf,C:\Users\user\Data_Science_Course\kenya_public_finance_intelligence\kenya_public_finance_intelligence\data\raw\oag\oag_2020-21_county-fund_laikipia-county-education-bursary-fund.pdf,534.4,2026-06-13 12:44:30,ok
1126,oag,https://www.oagkenya.go.ke/wp-content/uploads/2023/02/Baringo-Community-Wildlife-Fund-2020-2021.pdf#new_tab,C:\Users\user\Data_Science_Course\kenya_public_finance_intelligence\kenya_public_finance_intelligence\data\raw\oag\oag_2020-21_county-fund_baringo-community-wildlife-fund-2020--20.pdf,542.22,2026-06-13 12:44:47,ok
1127,oag,https://www.oagkenya.go.ke/wp-content/uploads/2023/02/Baringo-Community-Wildlife-Fund-2020-2021.pdf,C:\Users\user\Data_Science_Course\kenya_public_finance_intelligence\kenya_public_finance_intelligence\data\raw\oag\oag_2020-21_county-fund_baringo-community-wildlife-fund-2020--20.pdf,542.22,2026-06-13 12:44:47,ok
1128,oag,https://www.oagkenya.go.ke/wp-content/uploads/2023/02/Embu-County-Emergency-Fund-2020-2021.pdf#new_tab,C:\Users\user\Data_Science_Course\kenya_public_finance_intelligence\kenya_public_finance_intelligence\data\raw\oag\oag_2020-21_county-fund_embu-county-emergency-fund.pdf,434.88,2026-06-13 12:44:53,ok
1129,oag,https://www.oagkenya.go.ke/wp-content/uploads/2023/02/Embu-County-Emergency-Fund-2020-2021.pdf,C:\Users\user\Data_Science_Course\kenya_public_finance_intelligence\kenya_public_finance_intelligence\data\raw\oag\oag_2020-21_county-fund_embu-county-emergency-fund.pdf,434.88,2026-06-13 12:44:53,ok
1130,oag,https://www.oagkenya.go.ke/wp-content/uploads/2023/02/WEST-POKOT-COUNTY-CAR-LOAN-AND-MORTGAGE-SCHEME-FUND-2020-2021.pdf#new_tab,C:\Users\user\Data_Science_Course\kenya_public_finance_intelligence\kenya_public_finance_intelligence\data\raw\oag\oag_2020-21_county-fund_west-pokot-county-car-loan-and-mortgage-.pdf,454.4,2026-06-13 12:45:05,ok
1131,oag,https://www.oagkenya.go.ke/wp-content/uploads/2023/02/WEST-POKOT-COUNTY-CAR-LOAN-AND-MORTGAGE-SCHEME-FUND-2020-2021.pdf,C:\Users\user\Data_Science_Course\kenya_public_finance_intelligence\kenya_public_finance_intelligence\data\raw\oag\oag_2020-21_county-fund_west-pokot-county-car-loan-and-mortgage-.pdf,454.4,2026-06-13 12:45:06,ok
1132,oag,https://www.oagkenya.go.ke/wp-content/uploads/2023/02/Baringo-County-Bursary-Scholarship-Fund-2020-2021-.pdf#new_tab,C:\Users\user\Data_Science_Course\kenya_public_finance_intelligence\kenya_public_finance_intelligence\data\raw\oag\oag_2020-21_county-fund_baringo-county-bursary-scholarship.pdf,537.84,2026-06-13 12:45:17,ok
1133,oag,https://www.oagkenya.go.ke/wp-content/uploads/2023/02/Baringo-County-Bursary-Scholarship-Fund-2020-2021-.pdf,C:\Users\user\Data_Science_Course\kenya_public_finance_intelligence\kenya_public_finance_intelligence\data\raw\oag\oag_2020-21_county-fund_baringo-county-bursary-scholarship.pdf,537.84,2026-06-13 12:45:18,ok
1134,oag,https://www.oagkenya.go.ke/wp-content/uploads/2023/02/NAKURU-CAR-LOAN-MORTGAGE-SCHEME-FUND-2020-2021.pdf#new_tab,C:\Users\user\Data_Science_Course\kenya_public_finance_intelligence\kenya_public_finance_intelligence\data\raw\oag\oag_2020-21_county-fund_nakuru-car-loan-morgage-scheme-fund.pdf,463.72,2026-06-13 12:45:28,ok
1135,oag,https://www.oagkenya.go.ke/wp-content/uploads/2023/02/NAKURU-CAR-LOAN-MORTGAGE-SCHEME-FUND-2020-2021.pdf,C:\Users\user\Data_Science_Course\kenya_public_finance_intelligence\kenya_public_finance_intelligence\data\raw\oag\oag_2020-21_county-fund_nakuru-car-loan-morgage-scheme-fund.pdf,463.72,2026-06-13 12:45:28,ok
1136,oag,https://www.oagkenya.go.ke/wp-content/uploads/2023/02/Lamu-County-Bursary-and-Scholarship-Fund-2020-2021.pdf#new_tab,C:\Users\user\Data_Science_Course\kenya_public_finance_intelligence\kenya_public_finance_intelligence\data\raw\oag\oag_2020-21_county-fund_lamu-county-bursary-and-scholarship-fund.pdf,532.78,2026-06-13 12:45:36,ok
1137,oag,https://www.oagkenya.go.ke/wp-content/uploads/2023/02/Lamu-County-Bursary-and-Scholarship-Fund-2020-2021.pdf,C:\Users\user\Data_Science_Course\kenya_public_finance_intelligence\kenya_public_finance_intelligence\data\raw\oag\oag_2020-21_county-fund_lamu-county-bursary-and-scholarship-fund.pdf,532.78,2026-06-13 12:45:37,ok
1138,oag,https://www.oagkenya.go.ke/wp-content/uploads/2023/02/LAIKIPIA-COUNTY-EMERGENCY-FUND-2020-2021-.pdf#new_tab,C:\Users\user\Data_Science_Course\kenya_public_finance_intelligence\kenya_public_finance_intelligence\data\raw\oag\oag_2020-21_county-fund_laikipia-county-emergency-fund.pdf,532.2,2026-06-13 12:45:45,ok
1139,oag,https://www.oagkenya.go.ke/wp-content/uploads/2023/02/LAIKIPIA-COUNTY-EMERGENCY-FUND-2020-2021-.pdf,C:\Users\user\Data_Science_Course\kenya_public_finance_intelligence\kenya_public_finance_intelligence\data\raw\oag\oag_2020-21_county-fund_laikipia-county-emergency-fund.pdf,532.2,2026-06-13 12:45:45,ok
1140,oag,https://www.oagkenya.go.ke/wp-content/uploads/2023/02/LAMU-COUNTY-DISABILITY-DEVELOPMENT-FUND-2020-2021.pdf#new_tab,C:\Users\user\Data_Science_Course\kenya_public_finance_intelligence\kenya_public_finance_intelligence\data\raw\oag\oag_2020-21_county-fund_lamu-county-disability-development-fund.pdf,529.99,2026-06-13 12:46:00,ok
1141,oag,https://www.oagkenya.go.ke/wp-content/uploads/2023/02/LAMU-COUNTY-DISABILITY-DEVELOPMENT-FUND-2020-2021.pdf,C:\Users\user\Data_Science_Course\kenya_public_finance_intelligence\kenya_public_finance_intelligence\data\raw\oag\oag_2020-21_county-fund_lamu-county-disability-development-fund.pdf,529.99,2026-06-13 12:46:00,ok
1142,oag,https://www.oagkenya.go.ke/wp-content/uploads/2023/02/TANA-RIVER-COUNTY-WARD-BURSARY-FUND-2020-2021.pdf#new_tab,C:\Users\user\Data_Science_Course\kenya_public_finance_intelligence\kenya_public_finance_intelligence\data\raw\oag\oag_2020-21_county-fund_tana-river-county-ward-bursary-fund.pdf,544.19,2026-06-13 12:46:14,ok
1143,oag,https://www.oagkenya.go.ke/wp-content/uploads/2023/02/TANA-RIVER-COUNTY-WARD-BURSARY-FUND-2020-2021.pdf,C:\Users\user\Data_Science_Course\kenya_public_finance_intelligence\kenya_public_finance_intelligence\data\raw\oag\oag_2020-21_county-fund_tana-river-county-ward-bursary-fund.pdf,544.19,2026-06-13 12:46:14,ok
1144,oag,https://www.oagkenya.go.ke/wp-content/uploads/2023/02/Nairobi-City-County-Assembly-Car-Loan-and-Mortgage-Scheme-Fund-.pdf#new_tab,C:\Users\user\Data_Science_Course\kenya_public_finance_intelligence\kenya_public_finance_intelligence\data\raw\oag\oag_2020-21_county-assembly_nairobi-county-assembly-car-and-mortgage.pdf,219.1,2026-06-13 12:46:23,ok
1145,oag,https://www.oagkenya.go.ke/wp-content/uploads/2023/02/Nairobi-City-County-Assembly-Car-Loan-and-Mortgage-Scheme-Fund-.pdf,C:\Users\user\Data_Science_Course\kenya_public_finance_intelligence\kenya_public_finance_intelligence\data\raw\oag\oag_2020-21_county-assembly_nairobi-county-assembly-car-and-mortgage.pdf,219.1,2026-06-13 12:46:23,ok
1146,oag,https://www.oagkenya.go.ke/wp-content/uploads/2023/01/West-Pokot-County-Co-operative-Development-Fund-2021.pdf#new_tab,C:\Users\user\Data_Science_Course\kenya_public_finance_intelligence\kenya_public_finance_intelligence\data\raw\oag\oag_2020-21_county-fund_west-pokot-county-cooperative-developmen.pdf,182.53,2026-06-13 12:46:26,ok
1147,oag,https://www.oagkenya.go.ke/wp-content/uploads/2023/01/West-Pokot-County-Co-operative-Development-Fund-2021.pdf,C:\Users\user\Data_Science_Course\kenya_public_finance_intelligence\kenya_public_finance_intelligence\data\raw\oag\oag_2020-21_county-fund_west-pokot-county-cooperative-developmen.pdf,182.53,2026-06-13 12:46:26,ok
1148,oag,https://www.oagkenya.go.ke/wp-content/uploads/2023/01/Vihiga-Executive-Car-Loan-and-Mortgage-Scheme-Fund-2021.pdf#new_tab,C:\Users\user\Data_Science_Course\kenya_public_finance_intelligence\kenya_public_finance_intelligence\data\raw\oag\oag_2020-21_county-executive_vihiga-executive-car-loan-and-mortgage-s.pdf,198.46,2026-06-13 12:46:30,ok
1149,oag,https://www.oagkenya.go.ke/wp-content/uploads/2023/01/Vihiga-Executive-Car-Loan-and-Mortgage-Scheme-Fund-2021.pdf,C:\Users\user\Data_Science_Course\kenya_public_finance_intelligence\kenya_public_finance_intelligence\data\raw\oag\oag_2020-21_county-executive_vihiga-executive-car-loan-and-mortgage-s.pdf,198.46,2026-06-13 12:46:30,ok
1150,oag,https://www.oagkenya.go.ke/wp-content/uploads/2023/01/Vihiga-County-Sports-Fund-2021.pdf#new_tab,C:\Users\user\Data_Science_Course\kenya_public_finance_intelligence\kenya_public_finance_intelligence\data\raw\oag\oag_2020-21_county-fund_vihiga-county-sports-fund.pdf,192.23,2026-06-13 12:46:36,ok
1151,oag,https://www.oagkenya.go.ke/wp-content/uploads/2023/01/Vihiga-County-Sports-Fund-2021.pdf,C:\Users\user\Data_Science_Course\kenya_public_finance_intelligence\kenya_public_finance_intelligence\data\raw\oag\oag_2020-21_county-fund_vihiga-county-sports-fund.pdf,192.23,2026-06-13 12:46:37,ok
1152,oag,https://www.oagkenya.go.ke/wp-content/uploads/2023/01/Uasin-Gishu-County-Alcoholic-Drinks-Control-Fund-2021.pdf#new_tab,C:\Users\user\Data_Science_Course\kenya_public_finance_intelligence\kenya_public_finance_intelligence\data\raw\oag\oag_2020-21_county-fund_uasin-gishu-county-alcoholic-drinks-cont.pdf,204.42,2026-06-13 12:46:46,ok
1153,oag,https://www.oagkenya.go.ke/wp-content/uploads/2023/01/Uasin-Gishu-County-Alcoholic-Drinks-Control-Fund-2021.pdf,C:\Users\user\Data_Science_Course\kenya_public_finance_intelligence\kenya_public_finance_intelligence\data\raw\oag\oag_2020-21_county-fund_uasin-gishu-county-alcoholic-drinks-cont.pdf,204.42,2026-06-13 12:46:46,ok
1154,oag,https://www.oagkenya.go.ke/wp-content/uploads/2023/01/Turkana-County-Executive-State-and-Public-Officers-Car-Loan-and-Mortgage-Fund-2021.pdf#new_tab,C:\Users\user\Data_Science_Course\kenya_public_finance_intelligence\kenya_public_finance_intelligence\data\raw\oag\oag_2020-21_county-executive_turkana-county-executive-state-and-publi.pdf,207.08,2026-06-13 12:46:52,ok
1155,oag,https://www.oagkenya.go.ke/wp-content/uploads/2023/01/Turkana-County-Executive-State-and-Public-Officers-Car-Loan-and-Mortgage-Fund-2021.pdf,C:\Users\user\Data_Science_Course\kenya_public_finance_intelligence\kenya_public_finance_intelligence\data\raw\oag\oag_2020-21_county-executive_turkana-county-executive-state-and-publi.pdf,207.08,2026-06-13 12:46:52,ok
1156,oag,https://www.oagkenya.go.ke/wp-content/uploads/2023/01/Turkana-County-Education-and-Skills-Development-Fund-2021.pdf#new_tab,C:\Users\user\Data_Science_Course\kenya_public_finance_intelligence\kenya_public_finance_intelligence\data\raw\oag\oag_2020-21_county-fund_turkana-county-education-and-skills-deve.pdf,219.44,2026-06-13 12:46:56,ok
1157,oag,https://www.oagkenya.go.ke/wp-content/uploads/2023/01/Turkana-County-Education-and-Skills-Development-Fund-2021.pdf,C:\Users\user\Data_Science_Course\kenya_public_finance_intelligence\kenya_public_finance_intelligence\data\raw\oag\oag_2020-21_county-fund_turkana-county-education-and-skills-deve.pdf,219.44,2026-06-13 12:46:56,ok
1158,oag,https://www.oagkenya.go.ke/wp-content/uploads/2023/01/Tharaka-Nithi-County-Emergency-Fund-2021.pdf#new_tab,C:\Users\user\Data_Science_Course\kenya_public_finance_intelligence\kenya_public_finance_intelligence\data\raw\oag\oag_2020-21_county-fund_tharaka-nithi-county-emergency-fund.pdf,191.05,2026-06-13 12:47:02,ok
1159,oag,https://www.oagkenya.go.ke/wp-content/uploads/2023/01/Tharaka-Nithi-County-Emergency-Fund-2021.pdf,C:\Users\user\Data_Science_Course\kenya_public_finance_intelligence\kenya_public_finance_intelligence\data\raw\oag\oag_2020-21_county-fund_tharaka-nithi-county-emergency-fund.pdf,191.05,2026-06-13 12:47:02,ok
1160,oag,https://www.oagkenya.go.ke/wp-content/uploads/2023/01/Taita-Taveta-County-Datu-Sawazisha-Fund-2021.pdf#new_tab,C:\Users\user\Data_Science_Course\kenya_public_finance_intelligence\kenya_public_finance_intelligence\data\raw\oag\oag_2020-21_county-fund_taita-taveta-county-datu-sawazisha-fund.pdf,186.44,2026-06-13 12:47:08,ok
1161,oag,https://www.oagkenya.go.ke/wp-content/uploads/2023/01/Taita-Taveta-County-Datu-Sawazisha-Fund-2021.pdf,C:\Users\user\Data_Science_Course\kenya_public_finance_intelligence\kenya_public_finance_intelligence\data\raw\oag\oag_2020-21_county-fund_taita-taveta-county-datu-sawazisha-fund.pdf,186.44,2026-06-13 12:47:08,ok
1162,oag,https://www.oagkenya.go.ke/wp-content/uploads/2023/01/Samburu-County-Youth-and-Women-Enterprise-Development-Fund-2021-1.pdf#new_tab,C:\Users\user\Data_Science_Course\kenya_public_finance_intelligence\kenya_public_finance_intelligence\data\raw\oag\oag_2020-21_county-fund_samburu-county-youth-and-women-enterpris.pdf,198.63,2026-06-13 12:47:12,ok
1163,oag,https://www.oagkenya.go.ke/wp-content/uploads/2023/01/Samburu-County-Youth-and-Women-Enterprise-Development-Fund-2021-1.pdf,C:\Users\user\Data_Science_Course\kenya_public_finance_intelligence\kenya_public_finance_intelligence\data\raw\oag\oag_2020-21_county-fund_samburu-county-youth-and-women-enterpris.pdf,198.63,2026-06-13 12:47:12,ok
1164,oag,https://www.oagkenya.go.ke/wp-content/uploads/2023/01/Samburu-County-Community-Conservancies-Fund-2021.pdf#new_tab,C:\Users\user\Data_Science_Course\kenya_public_finance_intelligence\kenya_public_finance_intelligence\data\raw\oag\oag_2020-21_county-fund_samburu-county-community-conservancies-f.pdf,177.88,2026-06-13 12:47:15,ok
1165,oag,https://www.oagkenya.go.ke/wp-content/uploads/2023/01/Samburu-County-Community-Conservancies-Fund-2021.pdf,C:\Users\user\Data_Science_Course\kenya_public_finance_intelligence\kenya_public_finance_intelligence\data\raw\oag\oag_2020-21_county-fund_samburu-county-community-conservancies-f.pdf,177.88,2026-06-13 12:47:15,ok
1166,oag,https://www.oagkenya.go.ke/wp-content/uploads/2023/01/Nyeri-County-Enterprise-Fund-2021.pdf#new_tab,C:\Users\user\Data_Science_Course\kenya_public_finance_intelligence\kenya_public_finance_intelligence\data\raw\oag\oag_2020-21_county-fund_nyeri-county-enterprise-fund.pdf,198.85,2026-06-13 12:47:19,ok
1167,oag,https://www.oagkenya.go.ke/wp-content/uploads/2023/01/Nyeri-County-Enterprise-Fund-2021.pdf,C:\Users\user\Data_Science_Course\kenya_public_finance_intelligence\kenya_public_finance_intelligence\data\raw\oag\oag_2020-21_county-fund_nyeri-county-enterprise-fund.pdf,198.85,2026-06-13 12:47:19,ok
1168,oag,https://www.oagkenya.go.ke/wp-content/uploads/2023/01/Nyandarua-County-Civil-Servants-Car-Loan-and-Mortgage-Scheme-Fund-2021.pdf#new_tab,C:\Users\user\Data_Science_Course\kenya_public_finance_intelligence\kenya_public_finance_intelligence\data\raw\oag\oag_2020-21_county-fund_nyandarua-county-civil-servants-car-loan.pdf,202.92,2026-06-13 12:47:27,ok
1169,oag,https://www.oagkenya.go.ke/wp-content/uploads/2023/01/Nyandarua-County-Civil-Servants-Car-Loan-and-Mortgage-Scheme-Fund-2021.pdf,C:\Users\user\Data_Science_Course\kenya_public_finance_intelligence\kenya_public_finance_intelligence\data\raw\oag\oag_2020-21_county-fund_nyandarua-county-civil-servants-car-loan.pdf,202.92,2026-06-13 12:47:27,ok
1170,oag,https://www.oagkenya.go.ke/wp-content/uploads/2023/01/Nyandarua-County-Bursary-Fund-2021.pdf#new_tab,C:\Users\user\Data_Science_Course\kenya_public_finance_intelligence\kenya_public_finance_intelligence\data\raw\oag\oag_2020-21_county-fund_nyandarua-county-bursary-fund.pdf,177.64,2026-06-13 12:47:33,ok
1171,oag,https://www.oagkenya.go.ke/wp-content/uploads/2023/01/Nyandarua-County-Bursary-Fund-2021.pdf,C:\Users\user\Data_Science_Course\kenya_public_finance_intelligence\kenya_public_finance_intelligence\data\raw\oag\oag_2020-21_county-fund_nyandarua-county-bursary-fund.pdf,177.64,2026-06-13 12:47:33,ok
1172,oag,https://www.oagkenya.go.ke/wp-content/uploads/2023/01/Nyamira-County-Executive-Mortgage-and-Car-Loan-Fund_2021.pdf#new_tab,C:\Users\user\Data_Science_Course\kenya_public_finance_intelligence\kenya_public_finance_intelligence\data\raw\oag\oag_2020-21_county-executive_nyamira-county-executive-mortgage-and-ca.pdf,199.66,2026-06-13 12:47:39,ok
1173,oag,https://www.oagkenya.go.ke/wp-content/uploads/2023/01/Nyamira-County-Executive-Mortgage-and-Car-Loan-Fund_2021.pdf,C:\Users\user\Data_Science_Course\kenya_public_finance_intelligence\kenya_public_finance_intelligence\data\raw\oag\oag_2020-21_county-executive_nyamira-county-executive-mortgage-and-ca.pdf,199.66,2026-06-13 12:47:39,ok
1174,oag,https://www.oagkenya.go.ke/wp-content/uploads/2023/01/Nyamira-County-Education-Bursary-Fund-2021.pdf#new_tab,C:\Users\user\Data_Science_Course\kenya_public_finance_intelligence\kenya_public_finance_intelligence\data\raw\oag\oag_2020-21_county-fund_nyamira-county-education-bursary-fund.pdf,205.59,2026-06-13 12:47:44,ok
1175,oag,https://www.oagkenya.go.ke/wp-content/uploads/2023/01/Nyamira-County-Education-Bursary-Fund-2021.pdf,C:\Users\user\Data_Science_Course\kenya_public_finance_intelligence\kenya_public_finance_intelligence\data\raw\oag\oag_2020-21_county-fund_nyamira-county-education-bursary-fund.pdf,205.59,2026-06-13 12:47:44,ok
1176,oag,https://www.oagkenya.go.ke/wp-content/uploads/2023/01/Mombasa-County-Consolidated-Revolving-Fund-2021.pdf#new_tab,C:\Users\user\Data_Science_Course\kenya_public_finance_intelligence\kenya_public_finance_intelligence\data\raw\oag\oag_2020-21_county-fund_mombasa-county-consolidated-revolving-fu.pdf,176.06,2026-06-13 12:47:48,ok
1177,oag,https://www.oagkenya.go.ke/wp-content/uploads/2023/01/Mombasa-County-Consolidated-Revolving-Fund-2021.pdf,C:\Users\user\Data_Science_Course\kenya_public_finance_intelligence\kenya_public_finance_intelligence\data\raw\oag\oag_2020-21_county-fund_mombasa-county-consolidated-revolving-fu.pdf,176.06,2026-06-13 12:47:48,ok
1178,oag,https://www.oagkenya.go.ke/wp-content/uploads/2023/01/Meru-County-Executive-Staff-Housing-Fund-2021.pdf#new_tab,C:\Users\user\Data_Science_Course\kenya_public_finance_intelligence\kenya_public_finance_intelligence\data\raw\oag\oag_2020-21_county-executive_meru-county-executive-staff-housing-fund.pdf,166.6,2026-06-13 12:47:55,ok
1179,oag,https://www.oagkenya.go.ke/wp-content/uploads/2023/01/Meru-County-Executive-Staff-Housing-Fund-2021.pdf,C:\Users\user\Data_Science_Course\kenya_public_finance_intelligence\kenya_public_finance_intelligence\data\raw\oag\oag_2020-21_county-executive_meru-county-executive-staff-housing-fund.pdf,166.6,2026-06-13 12:47:55,ok
1180,oag,https://www.oagkenya.go.ke/wp-content/uploads/2023/01/Makueni-County-Youth-Men-Women-Persons-with-Disabilities-and-Table-Banking-Groups-Empowerment-Fund-2021.pdf#new_tab,C:\Users\user\Data_Science_Course\kenya_public_finance_intelligence\kenya_public_finance_intelligence\data\raw\oag\oag_2020-21_county-fund_makueni-county-youth-men-women-persons-w.pdf,217.3,2026-06-13 12:48:01,ok
1181,oag,https://www.oagkenya.go.ke/wp-content/uploads/2023/01/Makueni-County-Youth-Men-Women-Persons-with-Disabilities-and-Table-Banking-Groups-Empowerment-Fund-2021.pdf,C:\Users\user\Data_Science_Course\kenya_public_finance_intelligence\kenya_public_finance_intelligence\data\raw\oag\oag_2020-21_county-fund_makueni-county-youth-men-women-persons-w.pdf,217.3,2026-06-13 12:48:01,ok
1182,oag,https://www.oagkenya.go.ke/wp-content/uploads/2023/01/Makueni-County-Emergency-Fund-2021.pdf#new_tab,C:\Users\user\Data_Science_Course\kenya_public_finance_intelligence\kenya_public_finance_intelligence\data\raw\oag\oag_2020-21_county-fund_makueni-county-emergency-fund.pdf,192.7,2026-06-13 12:48:06,ok
1183,oag,https://www.oagkenya.go.ke/wp-content/uploads/2023/01/Makueni-County-Emergency-Fund-2021.pdf,C:\Users\user\Data_Science_Course\kenya_public_finance_intelligence\kenya_public_finance_intelligence\data\raw\oag\oag_2020-21_county-fund_makueni-county-emergency-fund.pdf,192.7,2026-06-13 12:48:06,ok
1184,oag,https://www.oagkenya.go.ke/wp-content/uploads/2023/01/Lamu-County-Emergency-Fund-2021.pdf#new_tab,C:\Users\user\Data_Science_Course\kenya_public_finance_intelligence\kenya_public_finance_intelligence\data\raw\oag\oag_2020-21_county-fund_lamu-county-emergency-fund.pdf,198.07,2026-06-13 12:48:10,ok
1185,oag,https://www.oagkenya.go.ke/wp-content/uploads/2023/01/Lamu-County-Emergency-Fund-2021.pdf,C:\Users\user\Data_Science_Course\kenya_public_finance_intelligence\kenya_public_finance_intelligence\data\raw\oag\oag_2020-21_county-fund_lamu-county-emergency-fund.pdf,198.07,2026-06-13 12:48:10,ok
1186,oag,https://www.oagkenya.go.ke/wp-content/uploads/2023/01/Lake-Bogoria-Community-Grant-2021.pdf#new_tab,C:\Users\user\Data_Science_Course\kenya_public_finance_intelligence\kenya_public_finance_intelligence\data\raw\oag\oag_2020-21_county-fund_lake-bogoria-community-grant.pdf,222.2,2026-06-13 12:48:18,ok
1187,oag,https://www.oagkenya.go.ke/wp-content/uploads/2023/01/Lake-Bogoria-Community-Grant-2021.pdf,C:\Users\user\Data_Science_Course\kenya_public_finance_intelligence\kenya_public_finance_intelligence\data\raw\oag\oag_2020-21_county-fund_lake-bogoria-community-grant.pdf,222.2,2026-06-13 12:48:18,ok
1188,oag,https://www.oagkenya.go.ke/wp-content/uploads/2023/01/Laikipia-County-Executive-Members-Car-Loan-and-Mortgage-Scheme-Fund-2021.pdf#new_tab,C:\Users\user\Data_Science_Course\kenya_public_finance_intelligence\kenya_public_finance_intelligence\data\raw\oag\oag_2020-21_county-executive_laikipia-county-executive-members-car-lo.pdf,190.48,2026-06-13 12:48:22,ok
1189,oag,https://www.oagkenya.go.ke/wp-content/uploads/2023/01/Laikipia-County-Executive-Members-Car-Loan-and-Mortgage-Scheme-Fund-2021.pdf,C:\Users\user\Data_Science_Course\kenya_public_finance_intelligence\kenya_public_finance_intelligence\data\raw\oag\oag_2020-21_county-executive_laikipia-county-executive-members-car-lo.pdf,190.48,2026-06-13 12:48:22,ok
1190,oag,https://www.oagkenya.go.ke/wp-content/uploads/2023/01/Laikipia-County-Enterprise-Fund-2021.pdf#new_tab,C:\Users\user\Data_Science_Course\kenya_public_finance_intelligence\kenya_public_finance_intelligence\data\raw\oag\oag_2020-21_county-fund_laikipia-county-enterprise-fund.pdf,196.25,2026-06-13 12:48:31,ok
1191,oag,https://www.oagkenya.go.ke/wp-content/uploads/2023/01/Laikipia-County-Enterprise-Fund-2021.pdf,C:\Users\user\Data_Science_Course\kenya_public_finance_intelligence\kenya_public_finance_intelligence\data\raw\oag\oag_2020-21_county-fund_laikipia-county-enterprise-fund.pdf,196.25,2026-06-13 12:48:31,ok
1192,oag,https://www.oagkenya.go.ke/wp-content/uploads/2023/01/Laikipia-County-Co-operative-Development-Fund-2021-.pdf#new_tab,C:\Users\user\Data_Science_Course\kenya_public_finance_intelligence\kenya_public_finance_intelligence\data\raw\oag\oag_2020-21_county-fund_laikipia-county-cooperative-development-.pdf,199.11,2026-06-13 12:48:36,ok
1193,oag,https://www.oagkenya.go.ke/wp-content/uploads/2023/01/Laikipia-County-Co-operative-Development-Fund-2021-.pdf,C:\Users\user\Data_Science_Course\kenya_public_finance_intelligence\kenya_public_finance_intelligence\data\raw\oag\oag_2020-21_county-fund_laikipia-county-cooperative-development-.pdf,199.11,2026-06-13 12:48:36,ok
1194,oag,https://www.oagkenya.go.ke/wp-content/uploads/2023/01/Kwale-County-Trade-Revolving-Fund-2021.pdf#new_tab,C:\Users\user\Data_Science_Course\kenya_public_finance_intelligence\kenya_public_finance_intelligence\data\raw\oag\oag_2020-21_county-fund_kwale-county-trade-revolving-fund.pdf,184.44,2026-06-13 12:48:43,ok
1195,oag,https://www.oagkenya.go.ke/wp-content/uploads/2023/01/Kwale-County-Trade-Revolving-Fund-2021.pdf,C:\Users\user\Data_Science_Course\kenya_public_finance_intelligence\kenya_public_finance_intelligence\data\raw\oag\oag_2020-21_county-fund_kwale-county-trade-revolving-fund.pdf,184.44,2026-06-13 12:48:43,ok
1196,oag,https://www.oagkenya.go.ke/wp-content/uploads/2023/01/Kwale-County-Bursary-Fund-2021.pdf#new_tab,C:\Users\user\Data_Science_Course\kenya_public_finance_intelligence\kenya_public_finance_intelligence\data\raw\oag\oag_2020-21_county-fund_kwale-county-bursary-fund.pdf,191.38,2026-06-13 12:48:53,ok
1197,oag,https://www.oagkenya.go.ke/wp-content/uploads/2023/01/Kwale-County-Bursary-Fund-2021.pdf,C:\Users\user\Data_Science_Course\kenya_public_finance_intelligence\kenya_public_finance_intelligence\data\raw\oag\oag_2020-21_county-fund_kwale-county-bursary-fund.pdf,191.38,2026-06-13 12:48:54,ok
1198,oag,https://www.oagkenya.go.ke/wp-content/uploads/2023/01/Kisumu-County-Trade-Fund-2021.pdf#new_tab,C:\Users\user\Data_Science_Course\kenya_public_finance_intelligence\kenya_public_finance_intelligence\data\raw\oag\oag_2020-21_county-fund_kisumu-county-trade-fund.pdf,218.96,2026-06-13 12:49:08,ok
1199,oag,https://www.oagkenya.go.ke/wp-content/uploads/2023/01/Kisumu-County-Trade-Fund-2021.pdf,C:\Users\user\Data_Science_Course\kenya_public_finance_intelligence\kenya_public_finance_intelligence\data\raw\oag\oag_2020-21_county-fund_kisumu-county-trade-fund.pdf,218.96,2026-06-13 12:49:08,ok
1200,oag,https://www.oagkenya.go.ke/wp-content/uploads/2023/01/Kisumu-County-Mortgage-and-Car-Loan-Executive-2021-.pdf#new_tab,C:\Users\user\Data_Science_Course\kenya_public_finance_intelligence\kenya_public_finance_intelligence\data\raw\oag\oag_2020-21_county-executive_kisumu-county-car-and-mortgage-scheme-fu.pdf,200.9,2026-06-13 12:49:13,ok
1201,oag,https://www.oagkenya.go.ke/wp-content/uploads/2023/01/Kisumu-County-Mortgage-and-Car-Loan-Executive-2021-.pdf,C:\Users\user\Data_Science_Course\kenya_public_finance_intelligence\kenya_public_finance_intelligence\data\raw\oag\oag_2020-21_county-executive_kisumu-county-car-and-mortgage-scheme-fu.pdf,200.9,2026-06-13 12:49:14,ok
1202,oag,https://www.oagkenya.go.ke/wp-content/uploads/2023/01/Kirinyaga-County-Executive-Car-Loan-and-Mortgage-Scheme-Fund-2021.pdf#new_tab,C:\Users\user\Data_Science_Course\kenya_public_finance_intelligence\kenya_public_finance_intelligence\data\raw\oag\oag_2020-21_county-executive_kirinyaga-county-executive-car-loan-and-.pdf,214.99,2026-06-13 12:49:20,ok
1203,oag,https://www.oagkenya.go.ke/wp-content/uploads/2023/01/Kirinyaga-County-Executive-Car-Loan-and-Mortgage-Scheme-Fund-2021.pdf,C:\Users\user\Data_Science_Course\kenya_public_finance_intelligence\kenya_public_finance_intelligence\data\raw\oag\oag_2020-21_county-executive_kirinyaga-county-executive-car-loan-and-.pdf,214.99,2026-06-13 12:49:20,ok
1204,oag,https://www.oagkenya.go.ke/wp-content/uploads/2023/01/Kirinyaga-County-Executive-Bursary-Fund-2021.pdf#new_tab,C:\Users\user\Data_Science_Course\kenya_public_finance_intelligence\kenya_public_finance_intelligence\data\raw\oag\oag_2020-21_county-executive_kirinyaga-county-executive-bursary-fund.pdf,206.63,2026-06-13 12:49:32,ok
1205,oag,https://www.oagkenya.go.ke/wp-content/uploads/2023/01/Kirinyaga-County-Executive-Bursary-Fund-2021.pdf,C:\Users\user\Data_Science_Course\kenya_public_finance_intelligence\kenya_public_finance_intelligence\data\raw\oag\oag_2020-21_county-executive_kirinyaga-county-executive-bursary-fund.pdf,206.63,2026-06-13 12:49:32,ok
1206,oag,https://www.oagkenya.go.ke/wp-content/uploads/2023/01/Kirinyaga-County-Alcoholic-Drinks-and-Substance-Abuse-Control-Fund-2021.pdf#new_tab,C:\Users\user\Data_Science_Course\kenya_public_finance_intelligence\kenya_public_finance_intelligence\data\raw\oag\oag_2020-21_county-fund_kirinyaga-county-alcoholic-drinks-and-su.pdf,205.9,2026-06-13 12:49:41,ok
1207,oag,https://www.oagkenya.go.ke/wp-content/uploads/2023/01/Kirinyaga-County-Alcoholic-Drinks-and-Substance-Abuse-Control-Fund-2021.pdf,C:\Users\user\Data_Science_Course\kenya_public_finance_intelligence\kenya_public_finance_intelligence\data\raw\oag\oag_2020-21_county-fund_kirinyaga-county-alcoholic-drinks-and-su.pdf,205.9,2026-06-13 12:49:41,ok
1208,oag,https://www.oagkenya.go.ke/wp-content/uploads/2023/01/Kilifi-County-Health-Services-Improvement-Fund-2021.pdf#new_tab,C:\Users\user\Data_Science_Course\kenya_public_finance_intelligence\kenya_public_finance_intelligence\data\raw\oag\oag_2020-21_county-fund_kilifi-county-health-services-improvemen.pdf,195.72,2026-06-13 12:49:46,ok
1209,oag,https://www.oagkenya.go.ke/wp-content/uploads/2023/01/Kilifi-County-Health-Services-Improvement-Fund-2021.pdf,C:\Users\user\Data_Science_Course\kenya_public_finance_intelligence\kenya_public_finance_intelligence\data\raw\oag\oag_2020-21_county-fund_kilifi-county-health-services-improvemen.pdf,195.72,2026-06-13 12:49:46,ok
1210,oag,https://www.oagkenya.go.ke/wp-content/uploads/2023/01/Kilifi-County-Emergency-Fund-2021.pdf#new_tab,C:\Users\user\Data_Science_Course\kenya_public_finance_intelligence\kenya_public_finance_intelligence\data\raw\oag\oag_2020-21_county-fund_kilifi-county-emergency-fund.pdf,190.87,2026-06-13 12:49:50,ok
1211,oag,https://www.oagkenya.go.ke/wp-content/uploads/2023/01/Kilifi-County-Emergency-Fund-2021.pdf,C:\Users\user\Data_Science_Course\kenya_public_finance_intelligence\kenya_public_finance_intelligence\data\raw\oag\oag_2020-21_county-fund_kilifi-county-emergency-fund.pdf,190.87,2026-06-13 12:49:51,ok
1212,oag,https://www.oagkenya.go.ke/wp-content/uploads/2023/01/Kakamega-County-Farm-Inputs-Fund-2021.pdf#new_tab,C:\Users\user\Data_Science_Course\kenya_public_finance_intelligence\kenya_public_finance_intelligence\data\raw\oag\oag_2020-21_county-fund_kakamega-county-farm-inputs-fund.pdf,206.84,2026-06-13 12:50:00,ok
1213,oag,https://www.oagkenya.go.ke/wp-content/uploads/2023/01/Kakamega-County-Farm-Inputs-Fund-2021.pdf,C:\Users\user\Data_Science_Course\kenya_public_finance_intelligence\kenya_public_finance_intelligence\data\raw\oag\oag_2020-21_county-fund_kakamega-county-farm-inputs-fund.pdf,206.84,2026-06-13 12:50:00,ok
1214,oag,https://www.oagkenya.go.ke/wp-content/uploads/2023/01/Kajiado-County-Youth-and-Women-Enterprise-Fund-2021.pdf#new_tab,C:\Users\user\Data_Science_Course\kenya_public_finance_intelligence\kenya_public_finance_intelligence\data\raw\oag\oag_2020-21_county-fund_kajiado-county-youth-and-women-enterpris.pdf,204.0,2026-06-13 12:50:05,ok
1215,oag,https://www.oagkenya.go.ke/wp-content/uploads/2023/01/Kajiado-County-Youth-and-Women-Enterprise-Fund-2021.pdf,C:\Users\user\Data_Science_Course\kenya_public_finance_intelligence\kenya_public_finance_intelligence\data\raw\oag\oag_2020-21_county-fund_kajiado-county-youth-and-women-enterpris.pdf,204.0,2026-06-13 12:50:05,ok
1216,oag,https://www.oagkenya.go.ke/wp-content/uploads/2023/01/Isiolo-County-Education-Bursary-Fund-2021-.pdf#new_tab,C:\Users\user\Data_Science_Course\kenya_public_finance_intelligence\kenya_public_finance_intelligence\data\raw\oag\oag_2020-21_county-fund_isiolo-county-education-bursary-fund.pdf,189.86,2026-06-13 12:50:13,ok
1217,oag,https://www.oagkenya.go.ke/wp-content/uploads/2023/01/Isiolo-County-Education-Bursary-Fund-2021-.pdf,C:\Users\user\Data_Science_Course\kenya_public_finance_intelligence\kenya_public_finance_intelligence\data\raw\oag\oag_2020-21_county-fund_isiolo-county-education-bursary-fund.pdf,189.86,2026-06-13 12:50:13,ok
1218,oag,https://www.oagkenya.go.ke/wp-content/uploads/2023/01/Homa-Bay-County-Executive-Car-Loan-and-Mortgage-Members-Scheme-Fund-2021-.pdf#new_tab,C:\Users\user\Data_Science_Course\kenya_public_finance_intelligence\kenya_public_finance_intelligence\data\raw\oag\oag_2020-21_county-executive_homa-bay-county-executive-car-loan-and-m.pdf,177.79,2026-06-13 12:50:21,ok
1219,oag,https://www.oagkenya.go.ke/wp-content/uploads/2023/01/Homa-Bay-County-Executive-Car-Loan-and-Mortgage-Members-Scheme-Fund-2021-.pdf,C:\Users\user\Data_Science_Course\kenya_public_finance_intelligence\kenya_public_finance_intelligence\data\raw\oag\oag_2020-21_county-executive_homa-bay-county-executive-car-loan-and-m.pdf,177.79,2026-06-13 12:50:21,ok
1220,oag,https://www.oagkenya.go.ke/wp-content/uploads/2023/01/Garissa-County-Scholarship-Fund-2021.pdf#new_tab,C:\Users\user\Data_Science_Course\kenya_public_finance_intelligence\kenya_public_finance_intelligence\data\raw\oag\oag_2020-21_county-fund_garissa-county-scholarship-fund.pdf,181.48,2026-06-13 12:50:29,ok
1221,oag,https://www.oagkenya.go.ke/wp-content/uploads/2023/01/Garissa-County-Scholarship-Fund-2021.pdf,C:\Users\user\Data_Science_Course\kenya_public_finance_intelligence\kenya_public_finance_intelligence\data\raw\oag\oag_2020-21_county-fund_garissa-county-scholarship-fund.pdf,181.48,2026-06-13 12:50:29,ok
1222,oag,https://www.oagkenya.go.ke/wp-content/uploads/2023/01/Garissa-County-Emergency-Fund-2021.pdf#new_tab,C:\Users\user\Data_Science_Course\kenya_public_finance_intelligence\kenya_public_finance_intelligence\data\raw\oag\oag_2020-21_county-fund_garissa-county-emergency-fund.pdf,205.93,2026-06-13 12:50:34,ok
1223,oag,https://www.oagkenya.go.ke/wp-content/uploads/2023/01/Garissa-County-Emergency-Fund-2021.pdf,C:\Users\user\Data_Science_Course\kenya_public_finance_intelligence\kenya_public_finance_intelligence\data\raw\oag\oag_2020-21_county-fund_garissa-county-emergency-fund.pdf,205.93,2026-06-13 12:50:34,ok
1224,oag,https://www.oagkenya.go.ke/wp-content/uploads/2023/01/Embu-County-Youth-Trust-Fund-2021.pdf#new_tab,C:\Users\user\Data_Science_Course\kenya_public_finance_intelligence\kenya_public_finance_intelligence\data\raw\oag\oag_2020-21_county-fund_embu-county-youth-trust-fund.pdf,203.85,2026-06-13 12:50:39,ok
1225,oag,https://www.oagkenya.go.ke/wp-content/uploads/2023/01/Embu-County-Youth-Trust-Fund-2021.pdf,C:\Users\user\Data_Science_Course\kenya_public_finance_intelligence\kenya_public_finance_intelligence\data\raw\oag\oag_2020-21_county-fund_embu-county-youth-trust-fund.pdf,203.85,2026-06-13 12:50:40,ok
1226,oag,https://www.oagkenya.go.ke/wp-content/uploads/2023/01/Embu-County-Executive-Car-Loan-and-Mortgage-Committee-Members-Scheme-Fund-2021.pdf#new_tab,C:\Users\user\Data_Science_Course\kenya_public_finance_intelligence\kenya_public_finance_intelligence\data\raw\oag\oag_2020-21_county-executive_embu-county-executive-car-loan-and-mortg.pdf,180.85,2026-06-13 12:50:42,ok
1227,oag,https://www.oagkenya.go.ke/wp-content/uploads/2023/01/Embu-County-Executive-Car-Loan-and-Mortgage-Committee-Members-Scheme-Fund-2021.pdf,C:\Users\user\Data_Science_Course\kenya_public_finance_intelligence\kenya_public_finance_intelligence\data\raw\oag\oag_2020-21_county-executive_embu-county-executive-car-loan-and-mortg.pdf,180.85,2026-06-13 12:50:42,ok
1228,oag,https://www.oagkenya.go.ke/wp-content/uploads/2023/01/Elgeyo-Marakwet-Alcoholic-Drinks-Control-Fund-.pdf#new_tab,C:\Users\user\Data_Science_Course\kenya_public_finance_intelligence\kenya_public_finance_intelligence\data\raw\oag\oag_2020-21_county-fund_elgeyo-marakwet-alcoholic-drinks-control.pdf,193.41,2026-06-13 12:50:45,ok
1229,oag,https://www.oagkenya.go.ke/wp-content/uploads/2023/01/Elgeyo-Marakwet-Alcoholic-Drinks-Control-Fund-.pdf,C:\Users\user\Data_Science_Course\kenya_public_finance_intelligence\kenya_public_finance_intelligence\data\raw\oag\oag_2020-21_county-fund_elgeyo-marakwet-alcoholic-drinks-control.pdf,193.41,2026-06-13 12:50:45,ok
1230,oag,https://www.oagkenya.go.ke/wp-content/uploads/2023/01/Diani-Municipal-Board-2021.pdf#new_tab,C:\Users\user\Data_Science_Course\kenya_public_finance_intelligence\kenya_public_finance_intelligence\data\raw\oag\oag_2020-21_county-fund_diani-municipal-board.pdf,194.39,2026-06-13 12:50:48,ok
1231,oag,https://www.oagkenya.go.ke/wp-content/uploads/2023/01/Diani-Municipal-Board-2021.pdf,C:\Users\user\Data_Science_Course\kenya_public_finance_intelligence\kenya_public_finance_intelligence\data\raw\oag\oag_2020-21_county-fund_diani-municipal-board.pdf,194.39,2026-06-13 12:50:48,ok
1232,oag,https://www.oagkenya.go.ke/wp-content/uploads/2023/01/County-Government-of-Marsabit-Car-Loan-Fund-2021.pdf#new_tab,C:\Users\user\Data_Science_Course\kenya_public_finance_intelligence\kenya_public_finance_intelligence\data\raw\oag\oag_2020-21_county-executive_county-government-of-marsabit-car-loan-f.pdf,215.29,2026-06-13 12:50:50,ok
1233,oag,https://www.oagkenya.go.ke/wp-content/uploads/2023/01/County-Government-of-Marsabit-Car-Loan-Fund-2021.pdf,C:\Users\user\Data_Science_Course\kenya_public_finance_intelligence\kenya_public_finance_intelligence\data\raw\oag\oag_2020-21_county-executive_county-government-of-marsabit-car-loan-f.pdf,215.29,2026-06-13 12:50:51,ok
1234,oag,https://www.oagkenya.go.ke/wp-content/uploads/2023/01/Busia-County-Co-operative-Enterprise-Fund-2021.pdf#new_tab,C:\Users\user\Data_Science_Course\kenya_public_finance_intelligence\kenya_public_finance_intelligence\data\raw\oag\oag_2020-21_county-fund_busia-county-cooperative-enterprise-fund.pdf,204.7,2026-06-13 12:50:54,ok
1235,oag,https://www.oagkenya.go.ke/wp-content/uploads/2023/01/Busia-County-Co-operative-Enterprise-Fund-2021.pdf,C:\Users\user\Data_Science_Course\kenya_public_finance_intelligence\kenya_public_finance_intelligence\data\raw\oag\oag_2020-21_county-fund_busia-county-cooperative-enterprise-fund.pdf,204.7,2026-06-13 12:50:54,ok
1236,oag,https://www.oagkenya.go.ke/wp-content/uploads/2023/01/Busia-County-Agricultural-Development-Fund-2021.pdf#new_tab,C:\Users\user\Data_Science_Course\kenya_public_finance_intelligence\kenya_public_finance_intelligence\data\raw\oag\oag_2020-21_county-fund_busia-county-agricultural-development-fu.pdf,195.03,2026-06-13 12:50:57,ok
1237,oag,https://www.oagkenya.go.ke/wp-content/uploads/2023/01/Busia-County-Agricultural-Development-Fund-2021.pdf,C:\Users\user\Data_Science_Course\kenya_public_finance_intelligence\kenya_public_finance_intelligence\data\raw\oag\oag_2020-21_county-fund_busia-county-agricultural-development-fu.pdf,195.03,2026-06-13 12:50:57,ok
1238,oag,https://www.oagkenya.go.ke/wp-content/uploads/2023/01/Bungoma-County-Education-Support-Scheme-2021.pdf#new_tab,C:\Users\user\Data_Science_Course\kenya_public_finance_intelligence\kenya_public_finance_intelligence\data\raw\oag\oag_2020-21_county-fund_bungoma-county-education-support-scheme.pdf,183.87,2026-06-13 12:51:00,ok
1239,oag,https://www.oagkenya.go.ke/wp-content/uploads/2023/01/Bungoma-County-Education-Support-Scheme-2021.pdf,C:\Users\user\Data_Science_Course\kenya_public_finance_intelligence\kenya_public_finance_intelligence\data\raw\oag\oag_2020-21_county-fund_bungoma-county-education-support-scheme.pdf,183.87,2026-06-13 12:51:00,ok
1240,oag,https://www.oagkenya.go.ke/wp-content/uploads/2023/01/Baringo-County-Older-Persons-and-Persons-with-Disability-Fund-2021.pdf#new_tab,C:\Users\user\Data_Science_Course\kenya_public_finance_intelligence\kenya_public_finance_intelligence\data\raw\oag\oag_2020-21_county-fund_baringo-county-older-persons-and-persons.pdf,210.11,2026-06-13 12:51:03,ok
1241,oag,https://www.oagkenya.go.ke/wp-content/uploads/2023/01/Baringo-County-Older-Persons-and-Persons-with-Disability-Fund-2021.pdf,C:\Users\user\Data_Science_Course\kenya_public_finance_intelligence\kenya_public_finance_intelligence\data\raw\oag\oag_2020-21_county-fund_baringo-county-older-persons-and-persons.pdf,210.11,2026-06-13 12:51:03,ok
1242,oag,https://www.oagkenya.go.ke/wp-content/uploads/2023/01/Baringo-County-Emergency-Fund-2020-2021.pdf#new_tab,C:\Users\user\Data_Science_Course\kenya_public_finance_intelligence\kenya_public_finance_intelligence\data\raw\oag\oag_2020-21_county-fund_baringo-county-emergency-fund.pdf,206.01,2026-06-13 12:51:09,ok
1243,oag,https://www.oagkenya.go.ke/wp-content/uploads/2023/01/Baringo-County-Emergency-Fund-2020-2021.pdf,C:\Users\user\Data_Science_Course\kenya_public_finance_intelligence\kenya_public_finance_intelligence\data\raw\oag\oag_2020-21_county-fund_baringo-county-emergency-fund.pdf,206.01,2026-06-13 12:51:09,ok
1244,oag,https://www.oagkenya.go.ke/wp-content/uploads/2023/01/Busia-Alcoholic-Drinks-Control-Fund-2020-2021.pdf#new_tab,C:\Users\user\Data_Science_Course\kenya_public_finance_intelligence\kenya_public_finance_intelligence\data\raw\oag\oag_2020-21_county-fund_busia-alcoholic-drinks-control-fund.pdf,496.64,2026-06-13 12:51:17,ok
1245,oag,https://www.oagkenya.go.ke/wp-content/uploads/2023/01/Busia-Alcoholic-Drinks-Control-Fund-2020-2021.pdf,C:\Users\user\Data_Science_Course\kenya_public_finance_intelligence\kenya_public_finance_intelligence\data\raw\oag\oag_2020-21_county-fund_busia-alcoholic-drinks-control-fund.pdf,496.64,2026-06-13 12:51:17,ok
1246,oag,https://www.oagkenya.go.ke/wp-content/uploads/2023/01/County-Government-of-Taita-Taveta-Emergency-Fund-2020-2021.pdf#new_tab,C:\Users\user\Data_Science_Course\kenya_public_finance_intelligence\kenya_public_finance_intelligence\data\raw\oag\oag_2020-21_county-executive_county-government-of-taita-taveta-emerge.pdf,385.77,2026-06-13 12:51:27,ok
1247,oag,https://www.oagkenya.go.ke/wp-content/uploads/2023/01/County-Government-of-Taita-Taveta-Emergency-Fund-2020-2021.pdf,C:\Users\user\Data_Science_Course\kenya_public_finance_intelligence\kenya_public_finance_intelligence\data\raw\oag\oag_2020-21_county-executive_county-government-of-taita-taveta-emerge.pdf,385.77,2026-06-13 12:51:27,ok
1248,oag,https://www.oagkenya.go.ke/wp-content/uploads/2023/01/Bungoma-County-Disaster-Fund-2020-2021.pdf#new_tab,C:\Users\user\Data_Science_Course\kenya_public_finance_intelligence\kenya_public_finance_intelligence\data\raw\oag\oag_2020-21_county-fund_bungoma-county-disaster-fund.pdf,636.27,2026-06-13 12:51:33,ok
1249,oag,https://www.oagkenya.go.ke/wp-content/uploads/2023/01/Bungoma-County-Disaster-Fund-2020-2021.pdf,C:\Users\user\Data_Science_Course\kenya_public_finance_intelligence\kenya_public_finance_intelligence\data\raw\oag\oag_2020-21_county-fund_bungoma-county-disaster-fund.pdf,636.27,2026-06-13 12:51:33,ok
1250,oag,https://www.oagkenya.go.ke/wp-content/uploads/2023/01/Demonstartion-Farm-Fund-Kisii-2020-2021.pdf#new_tab,C:\Users\user\Data_Science_Course\kenya_public_finance_intelligence\kenya_public_finance_intelligence\data\raw\oag\oag_2020-21_county-fund_demonstration-farm-fund-kisii.pdf,498.49,2026-06-13 12:51:39,ok
1251,oag,https://www.oagkenya.go.ke/wp-content/uploads/2023/01/Demonstartion-Farm-Fund-Kisii-2020-2021.pdf,C:\Users\user\Data_Science_Course\kenya_public_finance_intelligence\kenya_public_finance_intelligence\data\raw\oag\oag_2020-21_county-fund_demonstration-farm-fund-kisii.pdf,498.49,2026-06-13 12:51:39,ok
1252,oag,https://www.oagkenya.go.ke/wp-content/uploads/2023/01/Elgeyo-Marakwet-Executive-Revolving-Fund-2020-2021.pdf#new_tab,C:\Users\user\Data_Science_Course\kenya_public_finance_intelligence\kenya_public_finance_intelligence\data\raw\oag\oag_2020-21_county-executive_elgeyo-marakwet-executive-revolving-fund.pdf,504.06,2026-06-13 12:51:49,ok
1253,oag,https://www.oagkenya.go.ke/wp-content/uploads/2023/01/Elgeyo-Marakwet-Executive-Revolving-Fund-2020-2021.pdf,C:\Users\user\Data_Science_Course\kenya_public_finance_intelligence\kenya_public_finance_intelligence\data\raw\oag\oag_2020-21_county-executive_elgeyo-marakwet-executive-revolving-fund.pdf,504.06,2026-06-13 12:51:49,ok
1254,oag,https://www.oagkenya.go.ke/wp-content/uploads/2023/01/Bungoma-County-Trade-Development-Loan-Fund-2020-2021.pdf#new_tab,C:\Users\user\Data_Science_Course\kenya_public_finance_intelligence\kenya_public_finance_intelligence\data\raw\oag\oag_2020-21_county-fund_bungoma-county-trade-development-loan-fu.pdf,505.41,2026-06-13 12:51:53,ok
1255,oag,https://www.oagkenya.go.ke/wp-content/uploads/2023/01/Bungoma-County-Trade-Development-Loan-Fund-2020-2021.pdf,C:\Users\user\Data_Science_Course\kenya_public_finance_intelligence\kenya_public_finance_intelligence\data\raw\oag\oag_2020-21_county-fund_bungoma-county-trade-development-loan-fu.pdf,505.41,2026-06-13 12:51:53,ok
1256,oag,https://www.oagkenya.go.ke/wp-content/uploads/2023/01/Embu-County-Education-Support-Fund-2020-2021.pdf#new_tab,C:\Users\user\Data_Science_Course\kenya_public_finance_intelligence\kenya_public_finance_intelligence\data\raw\oag\oag_2020-21_county-fund_embu-county-education-support-fund.pdf,395.28,2026-06-13 12:52:00,ok
1257,oag,https://www.oagkenya.go.ke/wp-content/uploads/2023/01/Embu-County-Education-Support-Fund-2020-2021.pdf,C:\Users\user\Data_Science_Course\kenya_public_finance_intelligence\kenya_public_finance_intelligence\data\raw\oag\oag_2020-21_county-fund_embu-county-education-support-fund.pdf,395.28,2026-06-13 12:52:01,ok
1258,oag,https://www.oagkenya.go.ke/wp-content/uploads/2023/01/Bungoma-Youth-Women-Empowerment-Fund-2020-2021.pdf#new_tab,C:\Users\user\Data_Science_Course\kenya_public_finance_intelligence\kenya_public_finance_intelligence\data\raw\oag\oag_2020-21_county-fund_bungoma-youth-women-empowerment-fund.pdf,507.7,2026-06-13 12:52:09,ok
1259,oag,https://www.oagkenya.go.ke/wp-content/uploads/2023/01/Bungoma-Youth-Women-Empowerment-Fund-2020-2021.pdf,C:\Users\user\Data_Science_Course\kenya_public_finance_intelligence\kenya_public_finance_intelligence\data\raw\oag\oag_2020-21_county-fund_bungoma-youth-women-empowerment-fund.pdf,507.7,2026-06-13 12:52:09,ok
1260,oag,https://www.oagkenya.go.ke/wp-content/uploads/2023/01/Kilifi-County-Ward-Scholarship-Fund-2020-2021.pdf#new_tab,C:\Users\user\Data_Science_Course\kenya_public_finance_intelligence\kenya_public_finance_intelligence\data\raw\oag\oag_2020-21_county-fund_kilifi-county-ward-scholarship-fund.pdf,503.11,2026-06-13 12:52:18,ok
1261,oag,https://www.oagkenya.go.ke/wp-content/uploads/2023/01/Kilifi-County-Ward-Scholarship-Fund-2020-2021.pdf,C:\Users\user\Data_Science_Course\kenya_public_finance_intelligence\kenya_public_finance_intelligence\data\raw\oag\oag_2020-21_county-fund_kilifi-county-ward-scholarship-fund.pdf,503.11,2026-06-13 12:52:18,ok
1262,oag,https://www.oagkenya.go.ke/wp-content/uploads/2023/01/Baringo-Youth-Women-Fund-2020-2021.pdf#new_tab,C:\Users\user\Data_Science_Course\kenya_public_finance_intelligence\kenya_public_finance_intelligence\data\raw\oag\oag_2020-21_county-fund_baringo-youth-women-fund.pdf,505.51,2026-06-13 12:52:22,ok
1263,oag,https://www.oagkenya.go.ke/wp-content/uploads/2023/01/Baringo-Youth-Women-Fund-2020-2021.pdf,C:\Users\user\Data_Science_Course\kenya_public_finance_intelligence\kenya_public_finance_intelligence\data\raw\oag\oag_2020-21_county-fund_baringo-youth-women-fund.pdf,505.51,2026-06-13 12:52:22,ok
1264,oag,https://www.oagkenya.go.ke/wp-content/uploads/2023/01/Kakamega-County-Trade-Loans-Fund-2020-2021.pdf#new_tab,C:\Users\user\Data_Science_Course\kenya_public_finance_intelligence\kenya_public_finance_intelligence\data\raw\oag\oag_2020-21_county-fund_kakamega-county-trade-loans-fund.pdf,502.21,2026-06-13 12:52:24,ok
1265,oag,https://www.oagkenya.go.ke/wp-content/uploads/2023/01/Kakamega-County-Trade-Loans-Fund-2020-2021.pdf,C:\Users\user\Data_Science_Course\kenya_public_finance_intelligence\kenya_public_finance_intelligence\data\raw\oag\oag_2020-21_county-fund_kakamega-county-trade-loans-fund.pdf,502.21,2026-06-13 12:52:24,ok
1266,oag,https://www.oagkenya.go.ke/wp-content/uploads/2023/01/Nandi-County-Emergency-Fund-2020-2021.pdf#new_tab,C:\Users\user\Data_Science_Course\kenya_public_finance_intelligence\kenya_public_finance_intelligence\data\raw\oag\oag_2020-21_county-fund_nandi-county-emergency-fund.pdf,520.14,2026-06-13 12:52:28,ok
1267,oag,https://www.oagkenya.go.ke/wp-content/uploads/2023/01/Nandi-County-Emergency-Fund-2020-2021.pdf,C:\Users\user\Data_Science_Course\kenya_public_finance_intelligence\kenya_public_finance_intelligence\data\raw\oag\oag_2020-21_county-fund_nandi-county-emergency-fund.pdf,520.14,2026-06-13 12:52:28,ok
1268,oag,https://www.oagkenya.go.ke/wp-content/uploads/2023/01/Baringo-County-Cooperative-Development-Fund-2020-2021.pdf#new_tab,C:\Users\user\Data_Science_Course\kenya_public_finance_intelligence\kenya_public_finance_intelligence\data\raw\oag\oag_2020-21_county-fund_baringo-county-cooperative-development-f.pdf,531.2,2026-06-13 12:52:32,ok
1269,oag,https://www.oagkenya.go.ke/wp-content/uploads/2023/01/Baringo-County-Cooperative-Development-Fund-2020-2021.pdf,C:\Users\user\Data_Science_Course\kenya_public_finance_intelligence\kenya_public_finance_intelligence\data\raw\oag\oag_2020-21_county-fund_baringo-county-cooperative-development-f.pdf,531.2,2026-06-13 12:52:32,ok
1270,oag,https://www.oagkenya.go.ke/wp-content/uploads/2023/01/Bomet-County-Education-Revolving-Fund-2020-2021.pdf#new_tab,C:\Users\user\Data_Science_Course\kenya_public_finance_intelligence\kenya_public_finance_intelligence\data\raw\oag\oag_2020-21_county-fund_bomet-county-education-revolving-fund.pdf,393.08,2026-06-13 12:52:35,ok
1271,oag,https://www.oagkenya.go.ke/wp-content/uploads/2023/01/Bomet-County-Education-Revolving-Fund-2020-2021.pdf,C:\Users\user\Data_Science_Course\kenya_public_finance_intelligence\kenya_public_finance_intelligence\data\raw\oag\oag_2020-21_county-fund_bomet-county-education-revolving-fund.pdf,393.08,2026-06-13 12:52:35,ok
1272,oag,https://www.oagkenya.go.ke/wp-content/uploads/2023/01/Baringo-county-Executive-Car-Loan-Scheme-Fund-2020-2021.pdf#new_tab,C:\Users\user\Data_Science_Course\kenya_public_finance_intelligence\kenya_public_finance_intelligence\data\raw\oag\oag_2020-21_county-executive_baringo-county-executive-car-loan-scheme.pdf,513.05,2026-06-13 12:52:39,ok
1273,oag,https://www.oagkenya.go.ke/wp-content/uploads/2023/01/Baringo-county-Executive-Car-Loan-Scheme-Fund-2020-2021.pdf,C:\Users\user\Data_Science_Course\kenya_public_finance_intelligence\kenya_public_finance_intelligence\data\raw\oag\oag_2020-21_county-executive_baringo-county-executive-car-loan-scheme.pdf,513.05,2026-06-13 12:52:40,ok
1274,oag,https://www.oagkenya.go.ke/wp-content/uploads/2023/01/Kajiado-County-Emergency-Fund-2020-2021.pdf#new_tab,C:\Users\user\Data_Science_Course\kenya_public_finance_intelligence\kenya_public_finance_intelligence\data\raw\oag\oag_2020-21_county-fund_kajiado-county-emergency-fund.pdf,500.93,2026-06-13 12:52:44,ok
1275,oag,https://www.oagkenya.go.ke/wp-content/uploads/2023/01/Kajiado-County-Emergency-Fund-2020-2021.pdf,C:\Users\user\Data_Science_Course\kenya_public_finance_intelligence\kenya_public_finance_intelligence\data\raw\oag\oag_2020-21_county-fund_kajiado-county-emergency-fund.pdf,500.93,2026-06-13 12:52:44,ok
1276,oag,https://www.oagkenya.go.ke/wp-content/uploads/2023/01/Baringo-County-Small-and-Medium-Enterprise-Fund-2020-2021.pdf#new_tab,C:\Users\user\Data_Science_Course\kenya_public_finance_intelligence\kenya_public_finance_intelligence\data\raw\oag\oag_2020-21_county-fund_baringo-county-small-and-medium-enterpri.pdf,501.42,2026-06-13 12:52:50,ok
1277,oag,https://www.oagkenya.go.ke/wp-content/uploads/2023/01/Baringo-County-Small-and-Medium-Enterprise-Fund-2020-2021.pdf,C:\Users\user\Data_Science_Course\kenya_public_finance_intelligence\kenya_public_finance_intelligence\data\raw\oag\oag_2020-21_county-fund_baringo-county-small-and-medium-enterpri.pdf,501.42,2026-06-13 12:52:50,ok
1278,oag,https://www.oagkenya.go.ke/wp-content/uploads/2023/01/Kisumu-County-Women-Youth-and-PWF-2020-2021-.pdf#new_tab,C:\Users\user\Data_Science_Course\kenya_public_finance_intelligence\kenya_public_finance_intelligence\data\raw\oag\oag_2020-21_county-fund_kisumu-county-women-youth-and-pwf.pdf,516.47,2026-06-13 12:53:01,ok
1279,oag,https://www.oagkenya.go.ke/wp-content/uploads/2023/01/Kisumu-County-Women-Youth-and-PWF-2020-2021-.pdf,C:\Users\user\Data_Science_Course\kenya_public_finance_intelligence\kenya_public_finance_intelligence\data\raw\oag\oag_2020-21_county-fund_kisumu-county-women-youth-and-pwf.pdf,516.47,2026-06-13 12:53:01,ok
1280,oag,https://www.oagkenya.go.ke/wp-content/uploads/2023/01/Baringo-County-Executive-Car-Mortgage-2020-2021-.pdf#new_tab,C:\Users\user\Data_Science_Course\kenya_public_finance_intelligence\kenya_public_finance_intelligence\data\raw\oag\oag_2020-21_county-executive_baringo-county-executive-car-mortgage.pdf,507.7,2026-06-13 12:53:11,ok
1281,oag,https://www.oagkenya.go.ke/wp-content/uploads/2023/01/Baringo-County-Executive-Car-Mortgage-2020-2021-.pdf,C:\Users\user\Data_Science_Course\kenya_public_finance_intelligence\kenya_public_finance_intelligence\data\raw\oag\oag_2020-21_county-executive_baringo-county-executive-car-mortgage.pdf,507.7,2026-06-13 12:53:11,ok
1282,oag,https://www.oagkenya.go.ke/wp-content/uploads/2023/01/Siaya-Education-Bursary-Fund-2020-2021.pdf#new_tab,C:\Users\user\Data_Science_Course\kenya_public_finance_intelligence\kenya_public_finance_intelligence\data\raw\oag\oag_2020-21_county-fund_siaya-education-bursary-fund.pdf,499.25,2026-06-13 12:53:20,ok
1283,oag,https://www.oagkenya.go.ke/wp-content/uploads/2023/01/Siaya-Education-Bursary-Fund-2020-2021.pdf,C:\Users\user\Data_Science_Course\kenya_public_finance_intelligence\kenya_public_finance_intelligence\data\raw\oag\oag_2020-21_county-fund_siaya-education-bursary-fund.pdf,499.25,2026-06-13 12:53:20,ok
1284,oag,https://www.oagkenya.go.ke/wp-content/uploads/2023/01/Uasin-Gishu-County-Staff-Mortgage-and-Car-Loan-Scheme-2020-2021.pdf#new_tab,C:\Users\user\Data_Science_Course\kenya_public_finance_intelligence\kenya_public_finance_intelligence\data\raw\oag\oag_2020-21_county-fund_uasin-gishu-county-staff-mortgage-and-ca.pdf,505.24,2026-06-13 12:53:25,ok
1285,oag,https://www.oagkenya.go.ke/wp-content/uploads/2023/01/Uasin-Gishu-County-Staff-Mortgage-and-Car-Loan-Scheme-2020-2021.pdf,C:\Users\user\Data_Science_Course\kenya_public_finance_intelligence\kenya_public_finance_intelligence\data\raw\oag\oag_2020-21_county-fund_uasin-gishu-county-staff-mortgage-and-ca.pdf,505.24,2026-06-13 12:53:25,ok
1286,oag,https://www.oagkenya.go.ke/wp-content/uploads/2023/01/Vihiga-County-Trade-and-Enterprise-Fund-2020-2021.pdf#new_tab,C:\Users\user\Data_Science_Course\kenya_public_finance_intelligence\kenya_public_finance_intelligence\data\raw\oag\oag_2020-21_county-fund_vihiga-county-trade-and-enterprise-fund.pdf,505.27,2026-06-13 12:53:40,ok
1287,oag,https://www.oagkenya.go.ke/wp-content/uploads/2023/01/Vihiga-County-Trade-and-Enterprise-Fund-2020-2021.pdf,C:\Users\user\Data_Science_Course\kenya_public_finance_intelligence\kenya_public_finance_intelligence\data\raw\oag\oag_2020-21_county-fund_vihiga-county-trade-and-enterprise-fund.pdf,505.27,2026-06-13 12:53:40,ok
1288,oag,https://www.oagkenya.go.ke/wp-content/uploads/2023/01/Kajiado-County-Education-Busary-Grants-and-Scholarship-Fund-2020-2021-.pdf#new_tab,C:\Users\user\Data_Science_Course\kenya_public_finance_intelligence\kenya_public_finance_intelligence\data\raw\oag\oag_2020-21_county-fund_kajiado-county-education-busary-grants-a.pdf,501.5,2026-06-13 12:53:49,ok
1289,oag,https://www.oagkenya.go.ke/wp-content/uploads/2023/01/Kajiado-County-Education-Busary-Grants-and-Scholarship-Fund-2020-2021-.pdf,C:\Users\user\Data_Science_Course\kenya_public_finance_intelligence\kenya_public_finance_intelligence\data\raw\oag\oag_2020-21_county-fund_kajiado-county-education-busary-grants-a.pdf,501.5,2026-06-13 12:53:49,ok
1290,oag,https://www.oagkenya.go.ke/wp-content/uploads/2023/01/County-Government-of-Taita-Taveta-Education-Fund-2020-2021.pdf#new_tab,C:\Users\user\Data_Science_Course\kenya_public_finance_intelligence\kenya_public_finance_intelligence\data\raw\oag\oag_2020-21_county-executive_county-government-of-taita-taveta-educat.pdf,487.24,2026-06-13 12:53:56,ok
1291,oag,https://www.oagkenya.go.ke/wp-content/uploads/2023/01/County-Government-of-Taita-Taveta-Education-Fund-2020-2021.pdf,C:\Users\user\Data_Science_Course\kenya_public_finance_intelligence\kenya_public_finance_intelligence\data\raw\oag\oag_2020-21_county-executive_county-government-of-taita-taveta-educat.pdf,487.24,2026-06-13 12:53:56,ok
1292,oag,https://www.oagkenya.go.ke/wp-content/uploads/2023/01/Uasin-Gishu-County-Enterprise-Development-Fund-2020-2021.pdf#new_tab,C:\Users\user\Data_Science_Course\kenya_public_finance_intelligence\kenya_public_finance_intelligence\data\raw\oag\oag_2020-21_county-fund_uasin-gishu-county-enterprise-developmen.pdf,490.6,2026-06-13 12:54:04,ok
1293,oag,https://www.oagkenya.go.ke/wp-content/uploads/2023/01/Uasin-Gishu-County-Enterprise-Development-Fund-2020-2021.pdf,C:\Users\user\Data_Science_Course\kenya_public_finance_intelligence\kenya_public_finance_intelligence\data\raw\oag\oag_2020-21_county-fund_uasin-gishu-county-enterprise-developmen.pdf,490.6,2026-06-13 12:54:05,ok
1294,oag,https://www.oagkenya.go.ke/wp-content/uploads/2023/01/Bomet-County-Bursary-Fund-2020-2021.pdf#new_tab,C:\Users\user\Data_Science_Course\kenya_public_finance_intelligence\kenya_public_finance_intelligence\data\raw\oag\oag_2020-21_county-fund_bomet-county-bursary-fund.pdf,492.57,2026-06-13 12:54:10,ok
1295,oag,https://www.oagkenya.go.ke/wp-content/uploads/2023/01/Bomet-County-Bursary-Fund-2020-2021.pdf,C:\Users\user\Data_Science_Course\kenya_public_finance_intelligence\kenya_public_finance_intelligence\data\raw\oag\oag_2020-21_county-fund_bomet-county-bursary-fund.pdf,492.57,2026-06-13 12:54:10,ok
1296,oag,https://www.oagkenya.go.ke/wp-content/uploads/2023/01/County-Government-of-Mombasa-Elimu-Fund-2020-2021.pdf#new_tab,C:\Users\user\Data_Science_Course\kenya_public_finance_intelligence\kenya_public_finance_intelligence\data\raw\oag\oag_2020-21_county-executive_county-government-of-mombasa-elimu-fund.pdf,488.71,2026-06-13 12:54:17,ok
1297,oag,https://www.oagkenya.go.ke/wp-content/uploads/2023/01/County-Government-of-Mombasa-Elimu-Fund-2020-2021.pdf,C:\Users\user\Data_Science_Course\kenya_public_finance_intelligence\kenya_public_finance_intelligence\data\raw\oag\oag_2020-21_county-executive_county-government-of-mombasa-elimu-fund.pdf,488.71,2026-06-13 12:54:17,ok
1298,oag,https://www.oagkenya.go.ke/wp-content/uploads/2023/01/Nakuru-County-Bursary-Fund-2020-2021-.pdf#new_tab,C:\Users\user\Data_Science_Course\kenya_public_finance_intelligence\kenya_public_finance_intelligence\data\raw\oag\oag_2020-21_county-fund_nakuru-county-bursary-fund.pdf,361.63,2026-06-13 12:54:21,ok
1299,oag,https://www.oagkenya.go.ke/wp-content/uploads/2023/01/Nakuru-County-Bursary-Fund-2020-2021-.pdf,C:\Users\user\Data_Science_Course\kenya_public_finance_intelligence\kenya_public_finance_intelligence\data\raw\oag\oag_2020-21_county-fund_nakuru-county-bursary-fund.pdf,361.63,2026-06-13 12:54:21,ok
1300,oag,https://www.oagkenya.go.ke/wp-content/uploads/2023/01/Kisii-County-Loans-and-Mortgage-Fund-2020-2021.pdf#new_tab,C:\Users\user\Data_Science_Course\kenya_public_finance_intelligence\kenya_public_finance_intelligence\data\raw\oag\oag_2020-21_county-fund_kisii-county-loans-and-mortgage-fund.pdf,490.73,2026-06-13 12:54:27,ok
1301,oag,https://www.oagkenya.go.ke/wp-content/uploads/2023/01/Kisii-County-Loans-and-Mortgage-Fund-2020-2021.pdf,C:\Users\user\Data_Science_Course\kenya_public_finance_intelligence\kenya_public_finance_intelligence\data\raw\oag\oag_2020-21_county-fund_kisii-county-loans-and-mortgage-fund.pdf,490.73,2026-06-13 12:54:27,ok
1302,oag,https://www.oagkenya.go.ke/wp-content/uploads/2023/01/Makueni-County-State-and-Public-Officers-Car-and-Mortgage-Fund-2020-2021.pdf#new_tab,C:\Users\user\Data_Science_Course\kenya_public_finance_intelligence\kenya_public_finance_intelligence\data\raw\oag\oag_2020-21_county-fund_makueni-county-state-and-public-officers.pdf,392.33,2026-06-13 12:54:30,ok
1303,oag,https://www.oagkenya.go.ke/wp-content/uploads/2023/01/Makueni-County-State-and-Public-Officers-Car-and-Mortgage-Fund-2020-2021.pdf,C:\Users\user\Data_Science_Course\kenya_public_finance_intelligence\kenya_public_finance_intelligence\data\raw\oag\oag_2020-21_county-fund_makueni-county-state-and-public-officers.pdf,392.33,2026-06-13 12:54:30,ok
1304,oag,https://www.oagkenya.go.ke/wp-content/uploads/2023/01/Kajiado-County-Executive-Staff-Car-Loan-and-Mortgage-Scheme-Fund-2020-2021.pdf#new_tab,C:\Users\user\Data_Science_Course\kenya_public_finance_intelligence\kenya_public_finance_intelligence\data\raw\oag\oag_2020-21_county-executive_kajiado-county-executive-staff-car-loan-.pdf,506.2,2026-06-13 12:54:34,ok
1305,oag,https://www.oagkenya.go.ke/wp-content/uploads/2023/01/Kajiado-County-Executive-Staff-Car-Loan-and-Mortgage-Scheme-Fund-2020-2021.pdf,C:\Users\user\Data_Science_Course\kenya_public_finance_intelligence\kenya_public_finance_intelligence\data\raw\oag\oag_2020-21_county-executive_kajiado-county-executive-staff-car-loan-.pdf,506.2,2026-06-13 12:54:34,ok
1306,oag,https://www.oagkenya.go.ke/wp-content/uploads/2023/01/Narok-County-Bursary-Fund-2020-2021.pdf#new_tab,C:\Users\user\Data_Science_Course\kenya_public_finance_intelligence\kenya_public_finance_intelligence\data\raw\oag\oag_2020-21_county-fund_narok-county-bursary-fund.pdf,499.85,2026-06-13 12:54:39,ok
1307,oag,https://www.oagkenya.go.ke/wp-content/uploads/2023/01/Narok-County-Bursary-Fund-2020-2021.pdf,C:\Users\user\Data_Science_Course\kenya_public_finance_intelligence\kenya_public_finance_intelligence\data\raw\oag\oag_2020-21_county-fund_narok-county-bursary-fund.pdf,499.85,2026-06-13 12:54:39,ok
1308,oag,https://www.oagkenya.go.ke/wp-content/uploads/2023/01/Machakos-County-Bursary-Fund-2020-2021.pdf#new_tab,C:\Users\user\Data_Science_Course\kenya_public_finance_intelligence\kenya_public_finance_intelligence\data\raw\oag\oag_2020-21_county-fund_machakos-county-bursary-fund.pdf,355.95,2026-06-13 12:54:42,ok
1309,oag,https://www.oagkenya.go.ke/wp-content/uploads/2023/01/Machakos-County-Bursary-Fund-2020-2021.pdf,C:\Users\user\Data_Science_Course\kenya_public_finance_intelligence\kenya_public_finance_intelligence\data\raw\oag\oag_2020-21_county-fund_machakos-county-bursary-fund.pdf,355.95,2026-06-13 12:54:42,ok
1310,oag,https://www.oagkenya.go.ke/wp-content/uploads/2023/01/Trans-Nzoia-County-Public-Service-Board-2020-2021.pdf#new_tab,C:\Users\user\Data_Science_Course\kenya_public_finance_intelligence\kenya_public_finance_intelligence\data\raw\oag\oag_2020-21_county-fund_trans-nzoia-county-public-service-board.pdf,488.03,2026-06-13 12:54:45,ok
1311,oag,https://www.oagkenya.go.ke/wp-content/uploads/2023/01/Trans-Nzoia-County-Public-Service-Board-2020-2021.pdf,C:\Users\user\Data_Science_Course\kenya_public_finance_intelligence\kenya_public_finance_intelligence\data\raw\oag\oag_2020-21_county-fund_trans-nzoia-county-public-service-board.pdf,488.03,2026-06-13 12:54:45,ok
1312,oag,https://www.oagkenya.go.ke/wp-content/uploads/2023/01/Vihiga-County-Education-Fund-2020-2021.pdf#new_tab,C:\Users\user\Data_Science_Course\kenya_public_finance_intelligence\kenya_public_finance_intelligence\data\raw\oag\oag_2020-21_county-fund_vihiga-county-education-fund.pdf,491.21,2026-06-13 12:54:50,ok
1313,oag,https://www.oagkenya.go.ke/wp-content/uploads/2023/01/Vihiga-County-Education-Fund-2020-2021.pdf,C:\Users\user\Data_Science_Course\kenya_public_finance_intelligence\kenya_public_finance_intelligence\data\raw\oag\oag_2020-21_county-fund_vihiga-county-education-fund.pdf,491.21,2026-06-13 12:54:50,ok
1314,oag,https://www.oagkenya.go.ke/wp-content/uploads/2023/01/Tana-River-County-Staff-Car-Loan-and-Mortgage-Fund-2020-2021.pdf#new_tab,C:\Users\user\Data_Science_Course\kenya_public_finance_intelligence\kenya_public_finance_intelligence\data\raw\oag\oag_2020-21_county-fund_tana-river-county-staff-car-loan-and-mor.pdf,510.6,2026-06-13 12:54:59,ok
1315,oag,https://www.oagkenya.go.ke/wp-content/uploads/2023/01/Tana-River-County-Staff-Car-Loan-and-Mortgage-Fund-2020-2021.pdf,C:\Users\user\Data_Science_Course\kenya_public_finance_intelligence\kenya_public_finance_intelligence\data\raw\oag\oag_2020-21_county-fund_tana-river-county-staff-car-loan-and-mor.pdf,510.6,2026-06-13 12:54:59,ok
1316,oag,https://www.oagkenya.go.ke/wp-content/uploads/2023/01/Kiambu-County-Executive-Emergency-Fund-2020-2021.pdf#new_tab,C:\Users\user\Data_Science_Course\kenya_public_finance_intelligence\kenya_public_finance_intelligence\data\raw\oag\oag_2020-21_county-executive_kiambu-county-executive-emergency-fund.pdf,515.34,2026-06-13 12:55:03,ok
1317,oag,https://www.oagkenya.go.ke/wp-content/uploads/2023/01/Kiambu-County-Executive-Emergency-Fund-2020-2021.pdf,C:\Users\user\Data_Science_Course\kenya_public_finance_intelligence\kenya_public_finance_intelligence\data\raw\oag\oag_2020-21_county-executive_kiambu-county-executive-emergency-fund.pdf,515.34,2026-06-13 12:55:03,ok
1318,oag,https://www.oagkenya.go.ke/wp-content/uploads/2023/01/Migori-County-Ward-Development-Fund-2020-2021.pdf#new_tab,C:\Users\user\Data_Science_Course\kenya_public_finance_intelligence\kenya_public_finance_intelligence\data\raw\oag\oag_2020-21_county-fund_migori-county-ward-development-fund.pdf,489.21,2026-06-13 12:55:08,ok
1319,oag,https://www.oagkenya.go.ke/wp-content/uploads/2023/01/Migori-County-Ward-Development-Fund-2020-2021.pdf,C:\Users\user\Data_Science_Course\kenya_public_finance_intelligence\kenya_public_finance_intelligence\data\raw\oag\oag_2020-21_county-fund_migori-county-ward-development-fund.pdf,489.21,2026-06-13 12:55:08,ok
1320,oag,https://www.oagkenya.go.ke/wp-content/uploads/2023/01/Mombasa-County-Alcoholic-Drinks-Control-Fund-2020-2021.pdf#new_tab,C:\Users\user\Data_Science_Course\kenya_public_finance_intelligence\kenya_public_finance_intelligence\data\raw\oag\oag_2020-21_county-fund_mombasa-county-alcoholic-drinks-control-.pdf,403.53,2026-06-13 12:55:12,ok
1321,oag,https://www.oagkenya.go.ke/wp-content/uploads/2023/01/Mombasa-County-Alcoholic-Drinks-Control-Fund-2020-2021.pdf,C:\Users\user\Data_Science_Course\kenya_public_finance_intelligence\kenya_public_finance_intelligence\data\raw\oag\oag_2020-21_county-fund_mombasa-county-alcoholic-drinks-control-.pdf,403.53,2026-06-13 12:55:12,ok
1322,oag,https://www.oagkenya.go.ke/wp-content/uploads/2023/01/Samburu-COVID-19-Emergency-Response-Fund-2020-2021.pdf#new_tab,C:\Users\user\Data_Science_Course\kenya_public_finance_intelligence\kenya_public_finance_intelligence\data\raw\oag\oag_2020-21_county-fund_samburu-covid-19-emergency-response-fund.pdf,487.42,2026-06-13 12:55:16,ok
1323,oag,https://www.oagkenya.go.ke/wp-content/uploads/2023/01/Samburu-COVID-19-Emergency-Response-Fund-2020-2021.pdf,C:\Users\user\Data_Science_Course\kenya_public_finance_intelligence\kenya_public_finance_intelligence\data\raw\oag\oag_2020-21_county-fund_samburu-covid-19-emergency-response-fund.pdf,487.42,2026-06-13 12:55:17,ok
1324,oag,https://www.oagkenya.go.ke/wp-content/uploads/2023/01/Uasin-Gishu-County-Emergency-Fund-2020-2021.pdf#new_tab,C:\Users\user\Data_Science_Course\kenya_public_finance_intelligence\kenya_public_finance_intelligence\data\raw\oag\oag_2020-21_county-fund_uasin-gishu-county-emergency-fund.pdf,510.75,2026-06-13 14:07:32,ok
1325,oag,https://www.oagkenya.go.ke/wp-content/uploads/2023/01/Uasin-Gishu-County-Emergency-Fund-2020-2021.pdf,C:\Users\user\Data_Science_Course\kenya_public_finance_intelligence\kenya_public_finance_intelligence\data\raw\oag\oag_2020-21_county-fund_uasin-gishu-county-emergency-fund.pdf,510.75,2026-06-13 14:07:32,ok
1326,oag,https://www.oagkenya.go.ke/wp-content/uploads/2023/01/Kilifi-County-Microfinance-MBEGU-Fund-2020-2021.pdf#new_tab,C:\Users\user\Data_Science_Course\kenya_public_finance_intelligence\kenya_public_finance_intelligence\data\raw\oag\oag_2020-21_county-fund_kilifi-county-microfinance-mbegu-fund.pdf,510.43,2026-06-13 14:07:40,ok
1327,oag,https://www.oagkenya.go.ke/wp-content/uploads/2023/01/Kilifi-County-Microfinance-MBEGU-Fund-2020-2021.pdf,C:\Users\user\Data_Science_Course\kenya_public_finance_intelligence\kenya_public_finance_intelligence\data\raw\oag\oag_2020-21_county-fund_kilifi-county-microfinance-mbegu-fund.pdf,510.43,2026-06-13 14:07:40,ok
1328,oag,https://www.oagkenya.go.ke/wp-content/uploads/2023/01/Lamu-County-Fisheries-Revolving-Fund-2020-2021-.pdf#new_tab,C:\Users\user\Data_Science_Course\kenya_public_finance_intelligence\kenya_public_finance_intelligence\data\raw\oag\oag_2020-21_county-fund_lamu-county-fisheries-revolving-fund.pdf,635.8,2026-06-13 14:07:56,ok
1329,oag,https://www.oagkenya.go.ke/wp-content/uploads/2023/01/Lamu-County-Fisheries-Revolving-Fund-2020-2021-.pdf,C:\Users\user\Data_Science_Course\kenya_public_finance_intelligence\kenya_public_finance_intelligence\data\raw\oag\oag_2020-21_county-fund_lamu-county-fisheries-revolving-fund.pdf,635.8,2026-06-13 14:07:56,ok
1330,oag,https://www.oagkenya.go.ke/wp-content/uploads/2023/01/Uasin-Gishu-County-Education-Revolving-Fund-2020-2021.pdf#new_tab,C:\Users\user\Data_Science_Course\kenya_public_finance_intelligence\kenya_public_finance_intelligence\data\raw\oag\oag_2020-21_county-fund_uasin-gishu-county-education-revolving-f.pdf,505.54,2026-06-13 14:08:05,ok
1331,oag,https://www.oagkenya.go.ke/wp-content/uploads/2023/01/Uasin-Gishu-County-Education-Revolving-Fund-2020-2021.pdf,C:\Users\user\Data_Science_Course\kenya_public_finance_intelligence\kenya_public_finance_intelligence\data\raw\oag\oag_2020-21_county-fund_uasin-gishu-county-education-revolving-f.pdf,505.54,2026-06-13 14:08:06,ok
1332,oag,https://www.oagkenya.go.ke/wp-content/uploads/2023/01/Kiambu-County-Executive-Staff-Mortgage-Scheme-Fund-2020-2021.pdf#new_tab,C:\Users\user\Data_Science_Course\kenya_public_finance_intelligence\kenya_public_finance_intelligence\data\raw\oag\oag_2020-21_county-executive_kiambu-county-executive-staff-mortgage-s.pdf,496.76,2026-06-13 14:08:24,ok
1333,oag,https://www.oagkenya.go.ke/wp-content/uploads/2023/01/Kiambu-County-Executive-Staff-Mortgage-Scheme-Fund-2020-2021.pdf,C:\Users\user\Data_Science_Course\kenya_public_finance_intelligence\kenya_public_finance_intelligence\data\raw\oag\oag_2020-21_county-executive_kiambu-county-executive-staff-mortgage-s.pdf,496.76,2026-06-13 14:08:24,ok
1334,oag,https://www.oagkenya.go.ke/wp-content/uploads/2023/01/Nyeri-County-Elimu-Fund-2020-2021.pdf#new_tab,C:\Users\user\Data_Science_Course\kenya_public_finance_intelligence\kenya_public_finance_intelligence\data\raw\oag\oag_2020-21_county-fund_nyeri-county-elimu-fund.pdf,501.11,2026-06-13 14:08:35,ok
1335,oag,https://www.oagkenya.go.ke/wp-content/uploads/2023/01/Nyeri-County-Elimu-Fund-2020-2021.pdf,C:\Users\user\Data_Science_Course\kenya_public_finance_intelligence\kenya_public_finance_intelligence\data\raw\oag\oag_2020-21_county-fund_nyeri-county-elimu-fund.pdf,501.11,2026-06-13 14:08:35,ok
1336,oag,https://www.oagkenya.go.ke/wp-content/uploads/2023/01/Kirinyaga-County-Health-Sector-Service-Fund-2020-2021-.pdf#new_tab,C:\Users\user\Data_Science_Course\kenya_public_finance_intelligence\kenya_public_finance_intelligence\data\raw\oag\oag_2020-21_county-fund_kirinyaga-county-health-sector-service-f.pdf,493.91,2026-06-13 14:08:54,ok
1337,oag,https://www.oagkenya.go.ke/wp-content/uploads/2023/01/Kirinyaga-County-Health-Sector-Service-Fund-2020-2021-.pdf,C:\Users\user\Data_Science_Course\kenya_public_finance_intelligence\kenya_public_finance_intelligence\data\raw\oag\oag_2020-21_county-fund_kirinyaga-county-health-sector-service-f.pdf,493.91,2026-06-13 14:08:54,ok
1338,oag,https://www.oagkenya.go.ke/wp-content/uploads/2023/01/Kisumu-Covid-19-Emergency-Response-Fund-2020-2021.pdf#new_tab,C:\Users\user\Data_Science_Course\kenya_public_finance_intelligence\kenya_public_finance_intelligence\data\raw\oag\oag_2020-21_county-fund_kisumu-covid-19-emergency-response-fund.pdf,502.49,2026-06-13 14:09:07,ok
1339,oag,https://www.oagkenya.go.ke/wp-content/uploads/2023/01/Kisumu-Covid-19-Emergency-Response-Fund-2020-2021.pdf,C:\Users\user\Data_Science_Course\kenya_public_finance_intelligence\kenya_public_finance_intelligence\data\raw\oag\oag_2020-21_county-fund_kisumu-covid-19-emergency-response-fund.pdf,502.49,2026-06-13 14:09:07,ok
1340,oag,https://www.oagkenya.go.ke/wp-content/uploads/2023/01/Elgeyo-Marakwet-Education-Fund-Executive-2020-2021.pdf#new_tab,C:\Users\user\Data_Science_Course\kenya_public_finance_intelligence\kenya_public_finance_intelligence\data\raw\oag\oag_2020-21_county-executive_elgeyo-marakwet-education-fund-executive.pdf,502.13,2026-06-13 14:09:14,ok
1341,oag,https://www.oagkenya.go.ke/wp-content/uploads/2023/01/Elgeyo-Marakwet-Education-Fund-Executive-2020-2021.pdf,C:\Users\user\Data_Science_Course\kenya_public_finance_intelligence\kenya_public_finance_intelligence\data\raw\oag\oag_2020-21_county-executive_elgeyo-marakwet-education-fund-executive.pdf,502.13,2026-06-13 14:09:14,ok
1342,oag,https://www.oagkenya.go.ke/wp-content/uploads/2023/01/Kirinyaga-County-Executive-Facility-Improvement-Fund-2020-2021.pdf#new_tab,C:\Users\user\Data_Science_Course\kenya_public_finance_intelligence\kenya_public_finance_intelligence\data\raw\oag\oag_2020-21_county-executive_kirinyaga-county-executive-facility-impr.pdf,360.39,2026-06-13 14:09:21,ok
1343,oag,https://www.oagkenya.go.ke/wp-content/uploads/2023/01/Kirinyaga-County-Executive-Facility-Improvement-Fund-2020-2021.pdf,C:\Users\user\Data_Science_Course\kenya_public_finance_intelligence\kenya_public_finance_intelligence\data\raw\oag\oag_2020-21_county-executive_kirinyaga-county-executive-facility-impr.pdf,360.39,2026-06-13 14:09:21,ok
1344,oag,https://www.oagkenya.go.ke/wp-content/uploads/2023/01/Kisii-County-Busaries-Fund-2020-2021.pdf#new_tab,C:\Users\user\Data_Science_Course\kenya_public_finance_intelligence\kenya_public_finance_intelligence\data\raw\oag\oag_2020-21_county-fund_kisii-county-busaries-fund.pdf,501.69,2026-06-13 14:09:32,ok
1345,oag,https://www.oagkenya.go.ke/wp-content/uploads/2023/01/Kisii-County-Busaries-Fund-2020-2021.pdf,C:\Users\user\Data_Science_Course\kenya_public_finance_intelligence\kenya_public_finance_intelligence\data\raw\oag\oag_2020-21_county-fund_kisii-county-busaries-fund.pdf,501.69,2026-06-13 14:09:32,ok
1346,oag,https://www.oagkenya.go.ke/wp-content/uploads/2022/12/Trans-Nzoia-Nawiri-Fund-2020-2021.pdf#new_tab,C:\Users\user\Data_Science_Course\kenya_public_finance_intelligence\kenya_public_finance_intelligence\data\raw\oag\oag_2020-21_county-fund_trans-nzoia-nawiri-fund.pdf,203.05,2026-06-13 14:09:38,ok
1347,oag,https://www.oagkenya.go.ke/wp-content/uploads/2022/12/Trans-Nzoia-Nawiri-Fund-2020-2021.pdf,C:\Users\user\Data_Science_Course\kenya_public_finance_intelligence\kenya_public_finance_intelligence\data\raw\oag\oag_2020-21_county-fund_trans-nzoia-nawiri-fund.pdf,203.05,2026-06-13 14:09:38,ok
1348,oag,https://www.oagkenya.go.ke/wp-content/uploads/2022/12/Trans-Nzoia-County-Youth-Women-Development-Fund-2021-2021.pdf#new_tab,C:\Users\user\Data_Science_Course\kenya_public_finance_intelligence\kenya_public_finance_intelligence\data\raw\oag\oag_2020-21_county-fund_trans-nzoia-county-youth-women-developme.pdf,174.22,2026-06-13 14:09:43,ok
1349,oag,https://www.oagkenya.go.ke/wp-content/uploads/2022/12/Trans-Nzoia-County-Youth-Women-Development-Fund-2021-2021.pdf,C:\Users\user\Data_Science_Course\kenya_public_finance_intelligence\kenya_public_finance_intelligence\data\raw\oag\oag_2020-21_county-fund_trans-nzoia-county-youth-women-developme.pdf,174.22,2026-06-13 14:09:43,ok
1350,oag,https://www.oagkenya.go.ke/wp-content/uploads/2022/12/Trans-Nzoia-County-Executive-Car-Loan-and-Mortgage-Fund-2021-2021.pdf#new_tab,C:\Users\user\Data_Science_Course\kenya_public_finance_intelligence\kenya_public_finance_intelligence\data\raw\oag\oag_2020-21_county-executive_trans-nzoia-county-executive-car-loan-an.pdf,214.88,2026-06-13 14:09:47,ok
1351,oag,https://www.oagkenya.go.ke/wp-content/uploads/2022/12/Trans-Nzoia-County-Executive-Car-Loan-and-Mortgage-Fund-2021-2021.pdf,C:\Users\user\Data_Science_Course\kenya_public_finance_intelligence\kenya_public_finance_intelligence\data\raw\oag\oag_2020-21_county-executive_trans-nzoia-county-executive-car-loan-an.pdf,214.88,2026-06-13 14:09:47,ok
1352,oag,https://www.oagkenya.go.ke/wp-content/uploads/2022/12/Trans-Nzoia-County-Elimu-Bursary-Fund-2020-2021.pdf#new_tab,C:\Users\user\Data_Science_Course\kenya_public_finance_intelligence\kenya_public_finance_intelligence\data\raw\oag\oag_2020-21_county-fund_trans-nzoia-county-elimu-bursary-fund.pdf,198.97,2026-06-13 14:09:51,ok
1353,oag,https://www.oagkenya.go.ke/wp-content/uploads/2022/12/Trans-Nzoia-County-Elimu-Bursary-Fund-2020-2021.pdf,C:\Users\user\Data_Science_Course\kenya_public_finance_intelligence\kenya_public_finance_intelligence\data\raw\oag\oag_2020-21_county-fund_trans-nzoia-county-elimu-bursary-fund.pdf,198.97,2026-06-13 14:09:51,ok
1354,oag,https://www.oagkenya.go.ke/wp-content/uploads/2024/07/Combined-Consolidated-Report-County-Governments-Revenue-Funds-2023.pdf#new_tab,C:\Users\user\Data_Science_Course\kenya_public_finance_intelligence\kenya_public_finance_intelligence\data\raw\oag\oag_2022-23_county-executive_combined-consolidated-report-on-county-g.pdf,6778.74,2026-06-13 14:11:49,ok
1355,oag,https://www.oagkenya.go.ke/wp-content/uploads/2024/07/Combined-Consolidated-Report-County-Governments-Revenue-Funds-2023.pdf,C:\Users\user\Data_Science_Course\kenya_public_finance_intelligence\kenya_public_finance_intelligence\data\raw\oag\oag_2022-23_county-executive_combined-consolidated-report-on-county-g.pdf,6778.74,2026-06-13 14:11:49,ok
1356,oag,https://www.oagkenya.go.ke/wp-content/uploads/2024/07/Combined-Summary-Report-County-Governments-Revenue-Funds-2023.pdf#new_tab,C:\Users\user\Data_Science_Course\kenya_public_finance_intelligence\kenya_public_finance_intelligence\data\raw\oag\oag_2022-23_county-executive_combined-summary-report-on-county-govern.pdf,6249.46,2026-06-13 14:12:34,ok
1357,oag,https://www.oagkenya.go.ke/wp-content/uploads/2024/07/Combined-Summary-Report-County-Governments-Revenue-Funds-2023.pdf,C:\Users\user\Data_Science_Course\kenya_public_finance_intelligence\kenya_public_finance_intelligence\data\raw\oag\oag_2022-23_county-executive_combined-summary-report-on-county-govern.pdf,6249.46,2026-06-13 14:12:35,ok
1358,treasury,https://www.treasury.go.ke/sites/default/files/Budget%20summary/Budget%20Summary%20for%20the%20FY%202026_27%20Budget.pdf,C:\Users\user\Data_Science_Course\kenya_public_finance_intelligence\kenya_public_finance_intelligence\data\raw\treasury\treasury_2026-27_budget-summary_fy-20262027-budget-summary.pdf,1357.79,2026-06-13 14:24:43,ok
1359,ppra,https://data.open-contracting.org/en/publication/147/download?name=2024.xlsx,C:\Users\user\Data_Science_Course\kenya_public_finance_intelligence\kenya_public_finance_intelligence\data\raw\ppra\ppra_ocds_2024.xlsx,21434.73,2026-06-13 14:34:19,ok
1360,ppra,https://data.open-contracting.org/en/publication/147/download?name=2025.xlsx,C:\Users\user\Data_Science_Course\kenya_public_finance_intelligence\kenya_public_finance_intelligence\data\raw\ppra\ppra_ocds_2025.xlsx,9969.25,2026-06-13 14:34:19,ok
