id,title,fiscal_year,report_type,file_url,local_path,scraped_at
1,County Summary 2023-24,2023/24,summary,https://www.oagkenya.go.ke/wp-content/uploads/2025/04/Auditor-Generals-summary-Report-on-County-Governments-2023-2024.pdf,C:\Users\user\Data_Science_Course\kenya_public_finance_intelligence\kenya_public_finance_intelligence\data\raw\oag\oag_2023-24_summary_county-summary-2023-24.pdf,2026-06-12T11:27:29.456989
2,County Executives 2023-24,2023/24,county_executive,https://www.oagkenya.go.ke/wp-content/uploads/2025/02/GREEN-BOOK-EXECUTIVES-2024-FINAL-5.3.2025-SIGNED.pdf,C:\Users\user\Data_Science_Course\kenya_public_finance_intelligence\kenya_public_finance_intelligence\data\raw\oag\oag_2023-24_county-executive_county-executives-2023-24.pdf,2026-06-12T11:27:29.457812
3,County Assemblies 2023-24,2023/24,financial_audit,https://www.oagkenya.go.ke/wp-content/uploads/2025/02/GREEN-BOOK-ASSEMBLIES-2024-FINAL-01-April-2025-KLB.pdf,C:\Users\user\Data_Science_Course\kenya_public_finance_intelligence\kenya_public_finance_intelligence\data\raw\oag\oag_2023-24_financial-audit_county-assemblies-2023-24.pdf,2026-06-12T11:27:29.457895
4,National Govt Summary 2023-24,2023/24,national,https://www.oagkenya.go.ke/wp-content/uploads/2025/04/Auditor-Generals-summary-Report-on-National-Government-2023-2024.pdf,C:\Users\user\Data_Science_Course\kenya_public_finance_intelligence\kenya_public_finance_intelligence\data\raw\oag\oag_2023-24_national_national-govt-summary-2023-24.pdf,2026-06-12T11:27:29.457934
5,National Govt Popular 2023-24,2023/24,national,https://www.oagkenya.go.ke/wp-content/uploads/2025/06/Auditor-Generals-Popular-Report-on-National-Government-2023-2024.pdf,C:\Users\user\Data_Science_Course\kenya_public_finance_intelligence\kenya_public_finance_intelligence\data\raw\oag\oag_2023-24_national_national-govt-popular-2023-24.pdf,2026-06-12T11:27:29.457980
6,Auditor-General’s Report on County Governments – County Assemblies 2024-2025,2024/25,county_executive,https://www.oagkenya.go.ke/wp-content/uploads/2026/05/AUDITOR-GENERALS-REPORT-ON-COUNTY-GOVERNMENTS-COUNTY-ASSEMBLIES-2024-2025-1.pdf#new_tab,C:\Users\user\Data_Science_Course\kenya_public_finance_intelligence\kenya_public_finance_intelligence\data\raw\oag\oag_2024-25_county-executive_auditor-generals-report-on-county-govern.pdf,2026-06-12T11:27:33.141164
7,Auditor-General’s Report on County Governments – County Assemblies 2024-2025,2024/25,county_executive,https://www.oagkenya.go.ke/wp-content/uploads/2026/05/AUDITOR-GENERALS-REPORT-ON-COUNTY-GOVERNMENTS-COUNTY-ASSEMBLIES-2024-2025-1.pdf,C:\Users\user\Data_Science_Course\kenya_public_finance_intelligence\kenya_public_finance_intelligence\data\raw\oag\oag_2024-25_county-executive_auditor-generals-report-on-county-govern.pdf,2026-06-12T11:27:33.141235
8,Auditor-General‘s Report on the County Governments for the Year 2024/2025 Volume 1: County Executives,2024/25,county_executive,https://www.oagkenya.go.ke/wp-content/uploads/2026/05/AUDITOR-GENERALS-REPORT-ON-COUNTY-GOVERNMENTS-COUNTY-EXECUTIVES-2024-2025-1.pdf#new_tab,C:\Users\user\Data_Science_Course\kenya_public_finance_intelligence\kenya_public_finance_intelligence\data\raw\oag\oag_2024-25_county-executive_auditor-generals-report-on-the-county-go.pdf,2026-06-12T11:27:33.141906
9,Auditor-General‘s Report on the County Governments for the Year 2024/2025 Volume 1: County Executives,2024/25,county_executive,https://www.oagkenya.go.ke/wp-content/uploads/2026/05/AUDITOR-GENERALS-REPORT-ON-COUNTY-GOVERNMENTS-COUNTY-EXECUTIVES-2024-2025-1.pdf,C:\Users\user\Data_Science_Course\kenya_public_finance_intelligence\kenya_public_finance_intelligence\data\raw\oag\oag_2024-25_county-executive_auditor-generals-report-on-the-county-go.pdf,2026-06-12T11:27:33.141956
10,Auditor-General‘s Summary Report on the County Governments for the Year 2024/2025,2024/25,county_executive,https://www.oagkenya.go.ke/wp-content/uploads/2026/05/AUDITOR-GENERALS-SUMMARY-REPORT-ON-COUNTY-GOVERNMENTS-2024-2025.pdf#new_tab,C:\Users\user\Data_Science_Course\kenya_public_finance_intelligence\kenya_public_finance_intelligence\data\raw\oag\oag_2024-25_county-executive_auditor-generals-summary-report-on-the-c.pdf,2026-06-12T11:27:33.142544
11,Auditor-General‘s Summary Report on the County Governments for the Year 2024/2025,2024/25,county_executive,https://www.oagkenya.go.ke/wp-content/uploads/2026/05/AUDITOR-GENERALS-SUMMARY-REPORT-ON-COUNTY-GOVERNMENTS-2024-2025.pdf,C:\Users\user\Data_Science_Course\kenya_public_finance_intelligence\kenya_public_finance_intelligence\data\raw\oag\oag_2024-25_county-executive_auditor-generals-summary-report-on-the-c.pdf,2026-06-12T11:27:33.142588
12,Auditor-General’s summary Report on County Governments 2023-2024,2023/24,county_executive,https://www.oagkenya.go.ke/wp-content/uploads/2025/04/Auditor-Generals-summary-Report-on-County-Governments-2023-2024.pdf#new_tab,C:\Users\user\Data_Science_Course\kenya_public_finance_intelligence\kenya_public_finance_intelligence\data\raw\oag\oag_2023-24_county-executive_auditor-generals-summary-report-on-count.pdf,2026-06-12T11:27:37.215832
13,"Auditor General’s Report on the County Governments, County Executives– 2023/2024",2023/24,county_executive,https://www.oagkenya.go.ke/wp-content/uploads/2025/02/GREEN-BOOK-EXECUTIVES-2024-FINAL-5.3.2025-SIGNED.pdf#new_tab,C:\Users\user\Data_Science_Course\kenya_public_finance_intelligence\kenya_public_finance_intelligence\data\raw\oag\oag_2023-24_county-executive_auditor-generals-report-on-the-county-go.pdf,2026-06-12T11:27:37.216190
14,"Auditor General’s Report on the County Governments, County Assemblies–2023/2024",2023/24,county_executive,https://www.oagkenya.go.ke/wp-content/uploads/2025/02/GREEN-BOOK-ASSEMBLIES-2024-FINAL-01-April-2025-KLB.pdf#new_tab,C:\Users\user\Data_Science_Course\kenya_public_finance_intelligence\kenya_public_finance_intelligence\data\raw\oag\oag_2023-24_county-executive_auditor-generals-report-on-the-county-go.pdf,2026-06-12T11:27:37.216528
15,"Green Book County Assemblies vol. 2, 2022-2023",2022/23,county_executive,https://www.oagkenya.go.ke/wp-content/uploads/2024/04/GREEN-BOOK-COUNTY-ASSEMBLIES-VOL.-2-2022-2023.pdf#new_tab,C:\Users\user\Data_Science_Course\kenya_public_finance_intelligence\kenya_public_finance_intelligence\data\raw\oag\oag_2022-23_county-executive_green-book-county-assemblies-vol-2-2022-.pdf,2026-06-12T11:27:41.241340
16,"Green Book County Assemblies vol. 2, 2022-2023",2022/23,county_executive,https://www.oagkenya.go.ke/wp-content/uploads/2024/04/GREEN-BOOK-COUNTY-ASSEMBLIES-VOL.-2-2022-2023.pdf,C:\Users\user\Data_Science_Course\kenya_public_finance_intelligence\kenya_public_finance_intelligence\data\raw\oag\oag_2022-23_county-executive_green-book-county-assemblies-vol-2-2022-.pdf,2026-06-12T11:27:41.241366
17,"Green Book County Executives vol 1, 2022-2023",2022/23,county_executive,https://www.oagkenya.go.ke/wp-content/uploads/2024/04/GREEN-BOOK-COUNTY-EXECUTIVES-VOL-1-2022-2023-1.pdf#new_tab,C:\Users\user\Data_Science_Course\kenya_public_finance_intelligence\kenya_public_finance_intelligence\data\raw\oag\oag_2022-23_county-executive_green-book-county-executives-vol-1-2022-.pdf,2026-06-12T11:27:41.241631
18,"Green Book County Executives vol 1, 2022-2023",2022/23,county_executive,https://www.oagkenya.go.ke/wp-content/uploads/2024/04/GREEN-BOOK-COUNTY-EXECUTIVES-VOL-1-2022-2023-1.pdf,C:\Users\user\Data_Science_Course\kenya_public_finance_intelligence\kenya_public_finance_intelligence\data\raw\oag\oag_2022-23_county-executive_green-book-county-executives-vol-1-2022-.pdf,2026-06-12T11:27:41.241646
19,County Assemby of Garissa 2021-2022,2021/22,county_executive,https://www.oagkenya.go.ke/wp-content/uploads/2023/11/County-Assemby-of-Garissa-2021-2022.pdf#new_tab,C:\Users\user\Data_Science_Course\kenya_public_finance_intelligence\kenya_public_finance_intelligence\data\raw\oag\oag_2021-22_county-executive_county-assemby-of-garissa-2021-2022.pdf,2026-06-12T11:27:45.403434
20,County Assemby of Garissa 2021-2022,2021/22,county_executive,https://www.oagkenya.go.ke/wp-content/uploads/2023/11/County-Assemby-of-Garissa-2021-2022.pdf,C:\Users\user\Data_Science_Course\kenya_public_finance_intelligence\kenya_public_finance_intelligence\data\raw\oag\oag_2021-22_county-executive_county-assemby-of-garissa-2021-2022.pdf,2026-06-12T11:27:45.403458
21,County Assembly of Marsabit 2021-2022,2021/22,county_assembly,https://www.oagkenya.go.ke/wp-content/uploads/2023/11/County-Assembly-of-Marsabit-2021-2022.pdf#new_tab,C:\Users\user\Data_Science_Course\kenya_public_finance_intelligence\kenya_public_finance_intelligence\data\raw\oag\oag_2021-22_county-assembly_county-assembly-of-marsabit-2021-2022.pdf,2026-06-12T11:27:45.403700
22,County Assembly of Marsabit 2021-2022,2021/22,county_assembly,https://www.oagkenya.go.ke/wp-content/uploads/2023/11/County-Assembly-of-Marsabit-2021-2022.pdf,C:\Users\user\Data_Science_Course\kenya_public_finance_intelligence\kenya_public_finance_intelligence\data\raw\oag\oag_2021-22_county-assembly_county-assembly-of-marsabit-2021-2022.pdf,2026-06-12T11:27:45.403714
23,County Assembly of Machakos 2021-2022,2021/22,county_assembly,https://www.oagkenya.go.ke/wp-content/uploads/2023/11/County-Assembly-of-Machakos-2021-2022.pdf#new_tab,C:\Users\user\Data_Science_Course\kenya_public_finance_intelligence\kenya_public_finance_intelligence\data\raw\oag\oag_2021-22_county-assembly_county-assembly-of-machakos-2021-2022.pdf,2026-06-12T11:27:45.403932
24,County Assembly of Machakos 2021-2022,2021/22,county_assembly,https://www.oagkenya.go.ke/wp-content/uploads/2023/11/County-Assembly-of-Machakos-2021-2022.pdf,C:\Users\user\Data_Science_Course\kenya_public_finance_intelligence\kenya_public_finance_intelligence\data\raw\oag\oag_2021-22_county-assembly_county-assembly-of-machakos-2021-2022.pdf,2026-06-12T11:27:45.403945
25,County Assembly of Kitui 2021-2022,2021/22,county_assembly,https://www.oagkenya.go.ke/wp-content/uploads/2023/11/County-Assembly-of-Kitui-2021-2022.pdf#new_tab,C:\Users\user\Data_Science_Course\kenya_public_finance_intelligence\kenya_public_finance_intelligence\data\raw\oag\oag_2021-22_county-assembly_county-assembly-of-kitui-2021-2022.pdf,2026-06-12T11:27:45.404157
26,County Assembly of Kitui 2021-2022,2021/22,county_assembly,https://www.oagkenya.go.ke/wp-content/uploads/2023/11/County-Assembly-of-Kitui-2021-2022.pdf,C:\Users\user\Data_Science_Course\kenya_public_finance_intelligence\kenya_public_finance_intelligence\data\raw\oag\oag_2021-22_county-assembly_county-assembly-of-kitui-2021-2022.pdf,2026-06-12T11:27:45.404169
27,County Assembly of Murang’a 2021-2022,2021/22,county_assembly,https://www.oagkenya.go.ke/wp-content/uploads/2023/11/County-Assembly-of-Muranga-2021-2022.pdf#new_tab,C:\Users\user\Data_Science_Course\kenya_public_finance_intelligence\kenya_public_finance_intelligence\data\raw\oag\oag_2021-22_county-assembly_county-assembly-of-muranga-2021-2022.pdf,2026-06-12T11:27:45.404384
28,County Assembly of Murang’a 2021-2022,2021/22,county_assembly,https://www.oagkenya.go.ke/wp-content/uploads/2023/11/County-Assembly-of-Muranga-2021-2022.pdf,C:\Users\user\Data_Science_Course\kenya_public_finance_intelligence\kenya_public_finance_intelligence\data\raw\oag\oag_2021-22_county-assembly_county-assembly-of-muranga-2021-2022.pdf,2026-06-12T11:27:45.404400
29,County Assembly of Kisumu 2021-2022,2021/22,county_assembly,https://www.oagkenya.go.ke/wp-content/uploads/2023/11/County-Assembly-of-Kisumu-2021-2022.pdf#new_tab,C:\Users\user\Data_Science_Course\kenya_public_finance_intelligence\kenya_public_finance_intelligence\data\raw\oag\oag_2021-22_county-assembly_county-assembly-of-kisumu-2021-2022.pdf,2026-06-12T11:27:45.404620
30,County Assembly of Kisumu 2021-2022,2021/22,county_assembly,https://www.oagkenya.go.ke/wp-content/uploads/2023/11/County-Assembly-of-Kisumu-2021-2022.pdf,C:\Users\user\Data_Science_Course\kenya_public_finance_intelligence\kenya_public_finance_intelligence\data\raw\oag\oag_2021-22_county-assembly_county-assembly-of-kisumu-2021-2022.pdf,2026-06-12T11:27:45.404632
31,County Assembly of Nyeri 2021-2022,2021/22,county_assembly,https://www.oagkenya.go.ke/wp-content/uploads/2023/11/County-Assembly-of-Nyeri-2021-2022.pdf#new_tab,C:\Users\user\Data_Science_Course\kenya_public_finance_intelligence\kenya_public_finance_intelligence\data\raw\oag\oag_2021-22_county-assembly_county-assembly-of-nyeri-2021-2022.pdf,2026-06-12T11:27:45.404842
32,County Assembly of Nyeri 2021-2022,2021/22,county_assembly,https://www.oagkenya.go.ke/wp-content/uploads/2023/11/County-Assembly-of-Nyeri-2021-2022.pdf,C:\Users\user\Data_Science_Course\kenya_public_finance_intelligence\kenya_public_finance_intelligence\data\raw\oag\oag_2021-22_county-assembly_county-assembly-of-nyeri-2021-2022.pdf,2026-06-12T11:27:45.404853
33,County Assembly of Kisii 2021- 2022,2021/22,county_assembly,https://www.oagkenya.go.ke/wp-content/uploads/2023/11/County-Assembly-of-Kisii-2021-2022.pdf#new_tab,C:\Users\user\Data_Science_Course\kenya_public_finance_intelligence\kenya_public_finance_intelligence\data\raw\oag\oag_2021-22_county-assembly_county-assembly-of-kisii-2021--2022.pdf,2026-06-12T11:27:45.405057
34,County Assembly of Kisii 2021- 2022,2021/22,county_assembly,https://www.oagkenya.go.ke/wp-content/uploads/2023/11/County-Assembly-of-Kisii-2021-2022.pdf,C:\Users\user\Data_Science_Course\kenya_public_finance_intelligence\kenya_public_finance_intelligence\data\raw\oag\oag_2021-22_county-assembly_county-assembly-of-kisii-2021--2022.pdf,2026-06-12T11:27:45.405069
35,County Assembly of Laikipia 2021-2022,2021/22,county_assembly,https://www.oagkenya.go.ke/wp-content/uploads/2023/11/County-Assembly-of-Laikipia-2021-2022.pdf#new_tab,C:\Users\user\Data_Science_Course\kenya_public_finance_intelligence\kenya_public_finance_intelligence\data\raw\oag\oag_2021-22_county-assembly_county-assembly-of-laikipia-2021-2022.pdf,2026-06-12T11:27:45.405274
36,County Assembly of Laikipia 2021-2022,2021/22,county_assembly,https://www.oagkenya.go.ke/wp-content/uploads/2023/11/County-Assembly-of-Laikipia-2021-2022.pdf,C:\Users\user\Data_Science_Course\kenya_public_finance_intelligence\kenya_public_finance_intelligence\data\raw\oag\oag_2021-22_county-assembly_county-assembly-of-laikipia-2021-2022.pdf,2026-06-12T11:27:45.405286
37,County Assembly of Bungoma 2021- 2022,2021/22,county_assembly,https://www.oagkenya.go.ke/wp-content/uploads/2023/11/County-Assembly-of-Bungoma-2021-2022.pdf#new_tab,C:\Users\user\Data_Science_Course\kenya_public_finance_intelligence\kenya_public_finance_intelligence\data\raw\oag\oag_2021-22_county-assembly_county-assembly-of-bungoma-2021--2022.pdf,2026-06-12T11:27:45.405491
38,County Assembly of Bungoma 2021- 2022,2021/22,county_assembly,https://www.oagkenya.go.ke/wp-content/uploads/2023/11/County-Assembly-of-Bungoma-2021-2022.pdf,C:\Users\user\Data_Science_Course\kenya_public_finance_intelligence\kenya_public_finance_intelligence\data\raw\oag\oag_2021-22_county-assembly_county-assembly-of-bungoma-2021--2022.pdf,2026-06-12T11:27:45.405503
39,County Assembly of Kajiado 2021-2022,2021/22,county_assembly,https://www.oagkenya.go.ke/wp-content/uploads/2023/11/County-Assembly-of-Kajiado-2021-2022.pdf#new_tab,C:\Users\user\Data_Science_Course\kenya_public_finance_intelligence\kenya_public_finance_intelligence\data\raw\oag\oag_2021-22_county-assembly_county-assembly-of-kajiado-2021-2022.pdf,2026-06-12T11:27:45.405717
40,County Assembly of Kajiado 2021-2022,2021/22,county_assembly,https://www.oagkenya.go.ke/wp-content/uploads/2023/11/County-Assembly-of-Kajiado-2021-2022.pdf,C:\Users\user\Data_Science_Course\kenya_public_finance_intelligence\kenya_public_finance_intelligence\data\raw\oag\oag_2021-22_county-assembly_county-assembly-of-kajiado-2021-2022.pdf,2026-06-12T11:27:45.405729
41,County Assembly of Homa Bay 2021-2022,2021/22,county_assembly,https://www.oagkenya.go.ke/wp-content/uploads/2023/11/County-Assembly-of-Homa-Bay-2021-2022-1.pdf#new_tab,C:\Users\user\Data_Science_Course\kenya_public_finance_intelligence\kenya_public_finance_intelligence\data\raw\oag\oag_2021-22_county-assembly_county-assembly-of-homa-bay-2021-2022.pdf,2026-06-12T11:27:45.405934
42,County Assembly of Homa Bay 2021-2022,2021/22,county_assembly,https://www.oagkenya.go.ke/wp-content/uploads/2023/11/County-Assembly-of-Homa-Bay-2021-2022-1.pdf,C:\Users\user\Data_Science_Course\kenya_public_finance_intelligence\kenya_public_finance_intelligence\data\raw\oag\oag_2021-22_county-assembly_county-assembly-of-homa-bay-2021-2022.pdf,2026-06-12T11:27:45.405946
43,County Assembly of Bomet 2021- 2022,2021/22,county_assembly,https://www.oagkenya.go.ke/wp-content/uploads/2023/11/County-Assembly-of-Bomet-2021-2022.pdf#new_tab,C:\Users\user\Data_Science_Course\kenya_public_finance_intelligence\kenya_public_finance_intelligence\data\raw\oag\oag_2021-22_county-assembly_county-assembly-of-bomet-2021--2022.pdf,2026-06-12T11:27:45.406152
44,County Assembly of Bomet 2021- 2022,2021/22,county_assembly,https://www.oagkenya.go.ke/wp-content/uploads/2023/11/County-Assembly-of-Bomet-2021-2022.pdf,C:\Users\user\Data_Science_Course\kenya_public_finance_intelligence\kenya_public_finance_intelligence\data\raw\oag\oag_2021-22_county-assembly_county-assembly-of-bomet-2021--2022.pdf,2026-06-12T11:27:45.406164
45,County Assembly of Mandera 2021-2022,2021/22,county_assembly,https://www.oagkenya.go.ke/wp-content/uploads/2023/11/County-Assembly-of-Mandera-2021-2022.pdf#new_tab,C:\Users\user\Data_Science_Course\kenya_public_finance_intelligence\kenya_public_finance_intelligence\data\raw\oag\oag_2021-22_county-assembly_county-assembly-of-mandera-2021-2022.pdf,2026-06-12T11:27:45.406369
46,County Assembly of Mandera 2021-2022,2021/22,county_assembly,https://www.oagkenya.go.ke/wp-content/uploads/2023/11/County-Assembly-of-Mandera-2021-2022.pdf,C:\Users\user\Data_Science_Course\kenya_public_finance_intelligence\kenya_public_finance_intelligence\data\raw\oag\oag_2021-22_county-assembly_county-assembly-of-mandera-2021-2022.pdf,2026-06-12T11:27:45.406380
47,County Assembly of Nyamira 2021- 2022,2021/22,county_assembly,https://www.oagkenya.go.ke/wp-content/uploads/2023/11/County-Assembly-of-Nyamira-2021-2022.pdf#new_tab,C:\Users\user\Data_Science_Course\kenya_public_finance_intelligence\kenya_public_finance_intelligence\data\raw\oag\oag_2021-22_county-assembly_county-assembly-of-nyamira-2021--2022.pdf,2026-06-12T11:27:45.406591
48,County Assembly of Nyamira 2021- 2022,2021/22,county_assembly,https://www.oagkenya.go.ke/wp-content/uploads/2023/11/County-Assembly-of-Nyamira-2021-2022.pdf,C:\Users\user\Data_Science_Course\kenya_public_finance_intelligence\kenya_public_finance_intelligence\data\raw\oag\oag_2021-22_county-assembly_county-assembly-of-nyamira-2021--2022.pdf,2026-06-12T11:27:45.406603
49,County Assembly of Nairobi City 2021-2022,2021/22,county_assembly,https://www.oagkenya.go.ke/wp-content/uploads/2023/11/County-Assembly-of-Nairobi-City-2021-2022-.pdf#new_tab,C:\Users\user\Data_Science_Course\kenya_public_finance_intelligence\kenya_public_finance_intelligence\data\raw\oag\oag_2021-22_county-assembly_county-assembly-of-nairobi-city-2021-202.pdf,2026-06-12T11:27:45.406811
50,County Assembly of Nairobi City 2021-2022,2021/22,county_assembly,https://www.oagkenya.go.ke/wp-content/uploads/2023/11/County-Assembly-of-Nairobi-City-2021-2022-.pdf,C:\Users\user\Data_Science_Course\kenya_public_finance_intelligence\kenya_public_finance_intelligence\data\raw\oag\oag_2021-22_county-assembly_county-assembly-of-nairobi-city-2021-202.pdf,2026-06-12T11:27:45.406822
51,County Assembly of Turkana 2021-2022,2021/22,county_assembly,https://www.oagkenya.go.ke/wp-content/uploads/2023/11/County-Assembly-of-Turkana-2021-2022.pdf#new_tab,C:\Users\user\Data_Science_Course\kenya_public_finance_intelligence\kenya_public_finance_intelligence\data\raw\oag\oag_2021-22_county-assembly_county-assembly-of-turkana-2021-2022.pdf,2026-06-12T11:27:45.407028
52,County Assembly of Turkana 2021-2022,2021/22,county_assembly,https://www.oagkenya.go.ke/wp-content/uploads/2023/11/County-Assembly-of-Turkana-2021-2022.pdf,C:\Users\user\Data_Science_Course\kenya_public_finance_intelligence\kenya_public_finance_intelligence\data\raw\oag\oag_2021-22_county-assembly_county-assembly-of-turkana-2021-2022.pdf,2026-06-12T11:27:45.407040
53,County Assembly of Elgeyo Marakwet 2021-2022,2021/22,county_assembly,https://www.oagkenya.go.ke/wp-content/uploads/2023/11/County-Assembly-of-Elgeyo-Marakwet-2021-2022.pdf#new_tab,C:\Users\user\Data_Science_Course\kenya_public_finance_intelligence\kenya_public_finance_intelligence\data\raw\oag\oag_2021-22_county-assembly_county-assembly-of-elgeyo-marakwet-2021-.pdf,2026-06-12T11:27:45.407246
54,County Assembly of Elgeyo Marakwet 2021-2022,2021/22,county_assembly,https://www.oagkenya.go.ke/wp-content/uploads/2023/11/County-Assembly-of-Elgeyo-Marakwet-2021-2022.pdf,C:\Users\user\Data_Science_Course\kenya_public_finance_intelligence\kenya_public_finance_intelligence\data\raw\oag\oag_2021-22_county-assembly_county-assembly-of-elgeyo-marakwet-2021-.pdf,2026-06-12T11:27:45.407258
55,County Assembly of Trans Nzoia 2021- 2022,2021/22,county_assembly,https://www.oagkenya.go.ke/wp-content/uploads/2023/11/County-Assembly-of-Trans-Nzoia-2021-2022-.pdf#new_tab,C:\Users\user\Data_Science_Course\kenya_public_finance_intelligence\kenya_public_finance_intelligence\data\raw\oag\oag_2021-22_county-assembly_county-assembly-of-trans-nzoia-2021--202.pdf,2026-06-12T11:27:45.407462
56,County Assembly of Trans Nzoia 2021- 2022,2021/22,county_assembly,https://www.oagkenya.go.ke/wp-content/uploads/2023/11/County-Assembly-of-Trans-Nzoia-2021-2022-.pdf,C:\Users\user\Data_Science_Course\kenya_public_finance_intelligence\kenya_public_finance_intelligence\data\raw\oag\oag_2021-22_county-assembly_county-assembly-of-trans-nzoia-2021--202.pdf,2026-06-12T11:27:45.407474
57,County Assembly of Lamu 2021-2022,2021/22,county_assembly,https://www.oagkenya.go.ke/wp-content/uploads/2023/11/County-Assembly-of-Lamu-2021-2022.pdf#new_tab,C:\Users\user\Data_Science_Course\kenya_public_finance_intelligence\kenya_public_finance_intelligence\data\raw\oag\oag_2021-22_county-assembly_county-assembly-of-lamu-2021-2022.pdf,2026-06-12T11:27:45.407690
58,County Assembly of Lamu 2021-2022,2021/22,county_assembly,https://www.oagkenya.go.ke/wp-content/uploads/2023/11/County-Assembly-of-Lamu-2021-2022.pdf,C:\Users\user\Data_Science_Course\kenya_public_finance_intelligence\kenya_public_finance_intelligence\data\raw\oag\oag_2021-22_county-assembly_county-assembly-of-lamu-2021-2022.pdf,2026-06-12T11:27:45.407702
59,County Assembly of Busia 2021-2022,2021/22,county_assembly,https://www.oagkenya.go.ke/wp-content/uploads/2023/11/County-Assembly-of-Busia-2021-2022.pdf#new_tab,C:\Users\user\Data_Science_Course\kenya_public_finance_intelligence\kenya_public_finance_intelligence\data\raw\oag\oag_2021-22_county-assembly_county-assembly-of-busia-2021-2022.pdf,2026-06-12T11:27:45.407906
60,County Assembly of Busia 2021-2022,2021/22,county_assembly,https://www.oagkenya.go.ke/wp-content/uploads/2023/11/County-Assembly-of-Busia-2021-2022.pdf,C:\Users\user\Data_Science_Course\kenya_public_finance_intelligence\kenya_public_finance_intelligence\data\raw\oag\oag_2021-22_county-assembly_county-assembly-of-busia-2021-2022.pdf,2026-06-12T11:27:45.407918
61,County Assembly of Isiolo 2021-2022,2021/22,county_assembly,https://www.oagkenya.go.ke/wp-content/uploads/2023/11/County-Assembly-of-Isiolo-2021-2022.pdf#new_tab,C:\Users\user\Data_Science_Course\kenya_public_finance_intelligence\kenya_public_finance_intelligence\data\raw\oag\oag_2021-22_county-assembly_county-assembly-of-isiolo-2021-2022.pdf,2026-06-12T11:27:45.408123
62,County Assembly of Isiolo 2021-2022,2021/22,county_assembly,https://www.oagkenya.go.ke/wp-content/uploads/2023/11/County-Assembly-of-Isiolo-2021-2022.pdf,C:\Users\user\Data_Science_Course\kenya_public_finance_intelligence\kenya_public_finance_intelligence\data\raw\oag\oag_2021-22_county-assembly_county-assembly-of-isiolo-2021-2022.pdf,2026-06-12T11:27:45.408134
63,County Assembly of Kericho 2021- 2022,2021/22,county_assembly,https://www.oagkenya.go.ke/wp-content/uploads/2023/11/County-Assembly-of-Kericho-2021-2022.pdf#new_tab,C:\Users\user\Data_Science_Course\kenya_public_finance_intelligence\kenya_public_finance_intelligence\data\raw\oag\oag_2021-22_county-assembly_county-assembly-of-kericho-2021--2022.pdf,2026-06-12T11:27:45.408339
64,County Assembly of Kericho 2021- 2022,2021/22,county_assembly,https://www.oagkenya.go.ke/wp-content/uploads/2023/11/County-Assembly-of-Kericho-2021-2022.pdf,C:\Users\user\Data_Science_Course\kenya_public_finance_intelligence\kenya_public_finance_intelligence\data\raw\oag\oag_2021-22_county-assembly_county-assembly-of-kericho-2021--2022.pdf,2026-06-12T11:27:45.408350
65,County Assembly of Kiambu 2021-2022,2021/22,county_assembly,https://www.oagkenya.go.ke/wp-content/uploads/2023/11/County-Assembly-of-Kiambu-2021-2022.pdf#new_tab,C:\Users\user\Data_Science_Course\kenya_public_finance_intelligence\kenya_public_finance_intelligence\data\raw\oag\oag_2021-22_county-assembly_county-assembly-of-kiambu-2021-2022.pdf,2026-06-12T11:27:45.408559
66,County Assembly of Kiambu 2021-2022,2021/22,county_assembly,https://www.oagkenya.go.ke/wp-content/uploads/2023/11/County-Assembly-of-Kiambu-2021-2022.pdf,C:\Users\user\Data_Science_Course\kenya_public_finance_intelligence\kenya_public_finance_intelligence\data\raw\oag\oag_2021-22_county-assembly_county-assembly-of-kiambu-2021-2022.pdf,2026-06-12T11:27:45.408571
67,County Assembly of Samburu 2021-2022,2021/22,county_assembly,https://www.oagkenya.go.ke/wp-content/uploads/2023/11/County-Assembly-of-Samburu-2021-2022.pdf#new_tab,C:\Users\user\Data_Science_Course\kenya_public_finance_intelligence\kenya_public_finance_intelligence\data\raw\oag\oag_2021-22_county-assembly_county-assembly-of-samburu-2021-2022.pdf,2026-06-12T11:27:45.408773
68,County Assembly of Samburu 2021-2022,2021/22,county_assembly,https://www.oagkenya.go.ke/wp-content/uploads/2023/11/County-Assembly-of-Samburu-2021-2022.pdf,C:\Users\user\Data_Science_Course\kenya_public_finance_intelligence\kenya_public_finance_intelligence\data\raw\oag\oag_2021-22_county-assembly_county-assembly-of-samburu-2021-2022.pdf,2026-06-12T11:27:45.408784
69,County Assembly of Migori 2021- 2022,2021/22,county_assembly,https://www.oagkenya.go.ke/wp-content/uploads/2023/11/County-Assembly-of-Migori-2021-2022.pdf#new_tab,C:\Users\user\Data_Science_Course\kenya_public_finance_intelligence\kenya_public_finance_intelligence\data\raw\oag\oag_2021-22_county-assembly_county-assembly-of-migori-2021--2022.pdf,2026-06-12T11:27:45.408988
70,County Assembly of Migori 2021- 2022,2021/22,county_assembly,https://www.oagkenya.go.ke/wp-content/uploads/2023/11/County-Assembly-of-Migori-2021-2022.pdf,C:\Users\user\Data_Science_Course\kenya_public_finance_intelligence\kenya_public_finance_intelligence\data\raw\oag\oag_2021-22_county-assembly_county-assembly-of-migori-2021--2022.pdf,2026-06-12T11:27:45.409000
71,County Assembly of Wajir 2021-2022,2021/22,county_assembly,https://www.oagkenya.go.ke/wp-content/uploads/2023/11/County-Assembly-of-Wajir-2021-2022.pdf#new_tab,C:\Users\user\Data_Science_Course\kenya_public_finance_intelligence\kenya_public_finance_intelligence\data\raw\oag\oag_2021-22_county-assembly_county-assembly-of-wajir-2021-2022.pdf,2026-06-12T11:27:45.409202
72,County Assembly of Wajir 2021-2022,2021/22,county_assembly,https://www.oagkenya.go.ke/wp-content/uploads/2023/11/County-Assembly-of-Wajir-2021-2022.pdf,C:\Users\user\Data_Science_Course\kenya_public_finance_intelligence\kenya_public_finance_intelligence\data\raw\oag\oag_2021-22_county-assembly_county-assembly-of-wajir-2021-2022.pdf,2026-06-12T11:27:45.409214
73,County Assembly of Makueni 2021- 2022,2021/22,county_assembly,https://www.oagkenya.go.ke/wp-content/uploads/2023/11/County-Assembly-of-Makueni-2021-2022.pdf#new_tab,C:\Users\user\Data_Science_Course\kenya_public_finance_intelligence\kenya_public_finance_intelligence\data\raw\oag\oag_2021-22_county-assembly_county-assembly-of-makueni-2021--2022.pdf,2026-06-12T11:27:45.409422
74,County Assembly of Makueni 2021- 2022,2021/22,county_assembly,https://www.oagkenya.go.ke/wp-content/uploads/2023/11/County-Assembly-of-Makueni-2021-2022.pdf,C:\Users\user\Data_Science_Course\kenya_public_finance_intelligence\kenya_public_finance_intelligence\data\raw\oag\oag_2021-22_county-assembly_county-assembly-of-makueni-2021--2022.pdf,2026-06-12T11:27:45.409433
75,County Assembly of Mombasa 2021- 2022,2021/22,county_assembly,https://www.oagkenya.go.ke/wp-content/uploads/2023/11/County-Assembly-of-Mombasa-2021-2022.pdf#new_tab,C:\Users\user\Data_Science_Course\kenya_public_finance_intelligence\kenya_public_finance_intelligence\data\raw\oag\oag_2021-22_county-assembly_county-assembly-of-mombasa-2021--2022.pdf,2026-06-12T11:27:45.409645
76,County Assembly of Mombasa 2021- 2022,2021/22,county_assembly,https://www.oagkenya.go.ke/wp-content/uploads/2023/11/County-Assembly-of-Mombasa-2021-2022.pdf,C:\Users\user\Data_Science_Course\kenya_public_finance_intelligence\kenya_public_finance_intelligence\data\raw\oag\oag_2021-22_county-assembly_county-assembly-of-mombasa-2021--2022.pdf,2026-06-12T11:27:45.409656
77,County Assembly of Kilifi 2021- 2022,2021/22,county_assembly,https://www.oagkenya.go.ke/wp-content/uploads/2023/11/County-Assembly-of-Kilifi-2021-2022.pdf#new_tab,C:\Users\user\Data_Science_Course\kenya_public_finance_intelligence\kenya_public_finance_intelligence\data\raw\oag\oag_2021-22_county-assembly_county-assembly-of-kilifi-2021--2022.pdf,2026-06-12T11:27:45.409858
78,County Assembly of Kilifi 2021- 2022,2021/22,county_assembly,https://www.oagkenya.go.ke/wp-content/uploads/2023/11/County-Assembly-of-Kilifi-2021-2022.pdf,C:\Users\user\Data_Science_Course\kenya_public_finance_intelligence\kenya_public_finance_intelligence\data\raw\oag\oag_2021-22_county-assembly_county-assembly-of-kilifi-2021--2022.pdf,2026-06-12T11:27:45.409869
79,County Executive of Wajir 2021-2022,2021/22,county_executive,https://www.oagkenya.go.ke/wp-content/uploads/2023/10/County-Executive-of-Wajir-2021-2022.pdf#new_tab,C:\Users\user\Data_Science_Course\kenya_public_finance_intelligence\kenya_public_finance_intelligence\data\raw\oag\oag_2021-22_county-executive_county-executive-of-wajir-2021-2022.pdf,2026-06-12T11:27:45.410111
80,County Executive of Wajir 2021-2022,2021/22,county_executive,https://www.oagkenya.go.ke/wp-content/uploads/2023/10/County-Executive-of-Wajir-2021-2022.pdf,C:\Users\user\Data_Science_Course\kenya_public_finance_intelligence\kenya_public_finance_intelligence\data\raw\oag\oag_2021-22_county-executive_county-executive-of-wajir-2021-2022.pdf,2026-06-12T11:27:45.410124
81,County Executive of Turkana 2021-2022,2021/22,county_executive,https://www.oagkenya.go.ke/wp-content/uploads/2023/10/County-Executive-of-Turkana-2021-2022.pdf#new_tab,C:\Users\user\Data_Science_Course\kenya_public_finance_intelligence\kenya_public_finance_intelligence\data\raw\oag\oag_2021-22_county-executive_county-executive-of-turkana-2021-2022.pdf,2026-06-12T11:27:45.410329
82,County Executive of Turkana 2021-2022,2021/22,county_executive,https://www.oagkenya.go.ke/wp-content/uploads/2023/10/County-Executive-of-Turkana-2021-2022.pdf,C:\Users\user\Data_Science_Course\kenya_public_finance_intelligence\kenya_public_finance_intelligence\data\raw\oag\oag_2021-22_county-executive_county-executive-of-turkana-2021-2022.pdf,2026-06-12T11:27:45.410341
83,County Executive of Trans Nzoia 2021-2022,2021/22,county_executive,https://www.oagkenya.go.ke/wp-content/uploads/2023/10/County-Executive-of-Trans-Nzoia-2021-2022.pdf#new_tab,C:\Users\user\Data_Science_Course\kenya_public_finance_intelligence\kenya_public_finance_intelligence\data\raw\oag\oag_2021-22_county-executive_county-executive-of-trans-nzoia-2021-202.pdf,2026-06-12T11:27:45.410555
84,County Executive of Trans Nzoia 2021-2022,2021/22,county_executive,https://www.oagkenya.go.ke/wp-content/uploads/2023/10/County-Executive-of-Trans-Nzoia-2021-2022.pdf,C:\Users\user\Data_Science_Course\kenya_public_finance_intelligence\kenya_public_finance_intelligence\data\raw\oag\oag_2021-22_county-executive_county-executive-of-trans-nzoia-2021-202.pdf,2026-06-12T11:27:45.410568
85,County Executive of Samburu 2021-2022,2021/22,county_executive,https://www.oagkenya.go.ke/wp-content/uploads/2023/10/County-Executive-of-Samburu-2021-2022.pdf#new_tab,C:\Users\user\Data_Science_Course\kenya_public_finance_intelligence\kenya_public_finance_intelligence\data\raw\oag\oag_2021-22_county-executive_county-executive-of-samburu-2021-2022.pdf,2026-06-12T11:27:45.410775
86,County Executive of Samburu 2021-2022,2021/22,county_executive,https://www.oagkenya.go.ke/wp-content/uploads/2023/10/County-Executive-of-Samburu-2021-2022.pdf,C:\Users\user\Data_Science_Course\kenya_public_finance_intelligence\kenya_public_finance_intelligence\data\raw\oag\oag_2021-22_county-executive_county-executive-of-samburu-2021-2022.pdf,2026-06-12T11:27:45.410787
87,County Executive of Nyeri 2021-2022,2021/22,county_executive,https://www.oagkenya.go.ke/wp-content/uploads/2023/10/County-Executive-of-Nyeri-2021-2022.pdf#new_tab,C:\Users\user\Data_Science_Course\kenya_public_finance_intelligence\kenya_public_finance_intelligence\data\raw\oag\oag_2021-22_county-executive_county-executive-of-nyeri-2021-2022.pdf,2026-06-12T11:27:45.410991
88,County Executive of Nyeri 2021-2022,2021/22,county_executive,https://www.oagkenya.go.ke/wp-content/uploads/2023/10/County-Executive-of-Nyeri-2021-2022.pdf,C:\Users\user\Data_Science_Course\kenya_public_finance_intelligence\kenya_public_finance_intelligence\data\raw\oag\oag_2021-22_county-executive_county-executive-of-nyeri-2021-2022.pdf,2026-06-12T11:27:45.411003
89,County Executive of Nyandarua 2021-2022,2021/22,county_executive,https://www.oagkenya.go.ke/wp-content/uploads/2023/10/County-Executive-of-Nyandarua-2021-2022.pdf#new_tab,C:\Users\user\Data_Science_Course\kenya_public_finance_intelligence\kenya_public_finance_intelligence\data\raw\oag\oag_2021-22_county-executive_county-executive-of-nyandarua-2021-2022.pdf,2026-06-12T11:27:45.411204
90,County Executive of Nyandarua 2021-2022,2021/22,county_executive,https://www.oagkenya.go.ke/wp-content/uploads/2023/10/County-Executive-of-Nyandarua-2021-2022.pdf,C:\Users\user\Data_Science_Course\kenya_public_finance_intelligence\kenya_public_finance_intelligence\data\raw\oag\oag_2021-22_county-executive_county-executive-of-nyandarua-2021-2022.pdf,2026-06-12T11:27:45.411215
91,County Executive of Nyamira 2021-2022,2021/22,county_executive,https://www.oagkenya.go.ke/wp-content/uploads/2023/10/County-Executive-of-Nyamira-2021-2022.pdf#new_tab,C:\Users\user\Data_Science_Course\kenya_public_finance_intelligence\kenya_public_finance_intelligence\data\raw\oag\oag_2021-22_county-executive_county-executive-of-nyamira-2021-2022.pdf,2026-06-12T11:27:45.411418
92,County Executive of Nyamira 2021-2022,2021/22,county_executive,https://www.oagkenya.go.ke/wp-content/uploads/2023/10/County-Executive-of-Nyamira-2021-2022.pdf,C:\Users\user\Data_Science_Course\kenya_public_finance_intelligence\kenya_public_finance_intelligence\data\raw\oag\oag_2021-22_county-executive_county-executive-of-nyamira-2021-2022.pdf,2026-06-12T11:27:45.411430
93,County Executive of Nairobi 2021-2022,2021/22,county_executive,https://www.oagkenya.go.ke/wp-content/uploads/2023/10/County-Executive-of-Nairobi-2021-2022.pdf#new_tab,C:\Users\user\Data_Science_Course\kenya_public_finance_intelligence\kenya_public_finance_intelligence\data\raw\oag\oag_2021-22_county-executive_county-executive-of-nairobi-2021-2022.pdf,2026-06-12T11:27:45.411642
94,County Executive of Nairobi 2021-2022,2021/22,county_executive,https://www.oagkenya.go.ke/wp-content/uploads/2023/10/County-Executive-of-Nairobi-2021-2022.pdf,C:\Users\user\Data_Science_Course\kenya_public_finance_intelligence\kenya_public_finance_intelligence\data\raw\oag\oag_2021-22_county-executive_county-executive-of-nairobi-2021-2022.pdf,2026-06-12T11:27:45.411654
95,County Executive of Murang’a 2021-2022,2021/22,county_executive,https://www.oagkenya.go.ke/wp-content/uploads/2023/10/County-Executive-of-Muranga-2021-2022-1.pdf#new_tab,C:\Users\user\Data_Science_Course\kenya_public_finance_intelligence\kenya_public_finance_intelligence\data\raw\oag\oag_2021-22_county-executive_county-executive-of-muranga-2021-2022.pdf,2026-06-12T11:27:45.411867
96,County Executive of Murang’a 2021-2022,2021/22,county_executive,https://www.oagkenya.go.ke/wp-content/uploads/2023/10/County-Executive-of-Muranga-2021-2022-1.pdf,C:\Users\user\Data_Science_Course\kenya_public_finance_intelligence\kenya_public_finance_intelligence\data\raw\oag\oag_2021-22_county-executive_county-executive-of-muranga-2021-2022.pdf,2026-06-12T11:27:45.411883
97,County Executive of Mombasa 2021-2022,2021/22,county_executive,https://www.oagkenya.go.ke/wp-content/uploads/2023/10/County-Executive-of-Mombasa-2021-2022.pdf#new_tab,C:\Users\user\Data_Science_Course\kenya_public_finance_intelligence\kenya_public_finance_intelligence\data\raw\oag\oag_2021-22_county-executive_county-executive-of-mombasa-2021-2022.pdf,2026-06-12T11:27:45.412089
98,County Executive of Mombasa 2021-2022,2021/22,county_executive,https://www.oagkenya.go.ke/wp-content/uploads/2023/10/County-Executive-of-Mombasa-2021-2022.pdf,C:\Users\user\Data_Science_Course\kenya_public_finance_intelligence\kenya_public_finance_intelligence\data\raw\oag\oag_2021-22_county-executive_county-executive-of-mombasa-2021-2022.pdf,2026-06-12T11:27:45.412101
99,County Executive of Migori 2021-2022,2021/22,county_executive,https://www.oagkenya.go.ke/wp-content/uploads/2023/10/County-Executive-of-Migori-2021-2022.pdf#new_tab,C:\Users\user\Data_Science_Course\kenya_public_finance_intelligence\kenya_public_finance_intelligence\data\raw\oag\oag_2021-22_county-executive_county-executive-of-migori-2021-2022.pdf,2026-06-12T11:27:45.412312
100,County Executive of Migori 2021-2022,2021/22,county_executive,https://www.oagkenya.go.ke/wp-content/uploads/2023/10/County-Executive-of-Migori-2021-2022.pdf,C:\Users\user\Data_Science_Course\kenya_public_finance_intelligence\kenya_public_finance_intelligence\data\raw\oag\oag_2021-22_county-executive_county-executive-of-migori-2021-2022.pdf,2026-06-12T11:27:45.412325
101,County Executive of Mandera 2021-2022,2021/22,county_executive,https://www.oagkenya.go.ke/wp-content/uploads/2023/10/County-Executive-of-Mandera-2021-2022.pdf#new_tab,C:\Users\user\Data_Science_Course\kenya_public_finance_intelligence\kenya_public_finance_intelligence\data\raw\oag\oag_2021-22_county-executive_county-executive-of-mandera-2021-2022.pdf,2026-06-12T11:27:45.412544
102,County Executive of Mandera 2021-2022,2021/22,county_executive,https://www.oagkenya.go.ke/wp-content/uploads/2023/10/County-Executive-of-Mandera-2021-2022.pdf,C:\Users\user\Data_Science_Course\kenya_public_finance_intelligence\kenya_public_finance_intelligence\data\raw\oag\oag_2021-22_county-executive_county-executive-of-mandera-2021-2022.pdf,2026-06-12T11:27:45.412556
103,County Executive of Makueni 2021-2022,2021/22,county_executive,https://www.oagkenya.go.ke/wp-content/uploads/2023/10/County-Executive-of-Makueni-2021-2022.pdf#new_tab,C:\Users\user\Data_Science_Course\kenya_public_finance_intelligence\kenya_public_finance_intelligence\data\raw\oag\oag_2021-22_county-executive_county-executive-of-makueni-2021-2022.pdf,2026-06-12T11:27:45.412775
104,County Executive of Makueni 2021-2022,2021/22,county_executive,https://www.oagkenya.go.ke/wp-content/uploads/2023/10/County-Executive-of-Makueni-2021-2022.pdf,C:\Users\user\Data_Science_Course\kenya_public_finance_intelligence\kenya_public_finance_intelligence\data\raw\oag\oag_2021-22_county-executive_county-executive-of-makueni-2021-2022.pdf,2026-06-12T11:27:45.412787
105,County Executive of Machakos 2021-2022,2021/22,county_executive,https://www.oagkenya.go.ke/wp-content/uploads/2023/10/County-Executive-of-Machakos-2021-2022.pdf#new_tab,C:\Users\user\Data_Science_Course\kenya_public_finance_intelligence\kenya_public_finance_intelligence\data\raw\oag\oag_2021-22_county-executive_county-executive-of-machakos-2021-2022.pdf,2026-06-12T11:27:45.413004
106,County Executive of Machakos 2021-2022,2021/22,county_executive,https://www.oagkenya.go.ke/wp-content/uploads/2023/10/County-Executive-of-Machakos-2021-2022.pdf,C:\Users\user\Data_Science_Course\kenya_public_finance_intelligence\kenya_public_finance_intelligence\data\raw\oag\oag_2021-22_county-executive_county-executive-of-machakos-2021-2022.pdf,2026-06-12T11:27:45.413016
107,County Executive of Lamu 2021-2022,2021/22,county_executive,https://www.oagkenya.go.ke/wp-content/uploads/2023/10/County-Executive-of-Lamu-2021-2022.pdf#new_tab,C:\Users\user\Data_Science_Course\kenya_public_finance_intelligence\kenya_public_finance_intelligence\data\raw\oag\oag_2021-22_county-executive_county-executive-of-lamu-2021-2022.pdf,2026-06-12T11:27:45.413233
108,County Executive of Lamu 2021-2022,2021/22,county_executive,https://www.oagkenya.go.ke/wp-content/uploads/2023/10/County-Executive-of-Lamu-2021-2022.pdf,C:\Users\user\Data_Science_Course\kenya_public_finance_intelligence\kenya_public_finance_intelligence\data\raw\oag\oag_2021-22_county-executive_county-executive-of-lamu-2021-2022.pdf,2026-06-12T11:27:45.413245
109,County Executive of Laikipia 2021-2022,2021/22,county_executive,https://www.oagkenya.go.ke/wp-content/uploads/2023/10/County-Executive-of-Laikipia-2021-2022.pdf#new_tab,C:\Users\user\Data_Science_Course\kenya_public_finance_intelligence\kenya_public_finance_intelligence\data\raw\oag\oag_2021-22_county-executive_county-executive-of-laikipia-2021-2022.pdf,2026-06-12T11:27:45.413462
110,County Executive of Laikipia 2021-2022,2021/22,county_executive,https://www.oagkenya.go.ke/wp-content/uploads/2023/10/County-Executive-of-Laikipia-2021-2022.pdf,C:\Users\user\Data_Science_Course\kenya_public_finance_intelligence\kenya_public_finance_intelligence\data\raw\oag\oag_2021-22_county-executive_county-executive-of-laikipia-2021-2022.pdf,2026-06-12T11:27:45.413474
111,County Executive of Kisumu 2021-2022,2021/22,county_executive,https://www.oagkenya.go.ke/wp-content/uploads/2023/10/County-Executive-of-Kisumu-2021-2022.pdf#new_tab,C:\Users\user\Data_Science_Course\kenya_public_finance_intelligence\kenya_public_finance_intelligence\data\raw\oag\oag_2021-22_county-executive_county-executive-of-kisumu-2021-2022.pdf,2026-06-12T11:27:45.413699
112,County Executive of Kisumu 2021-2022,2021/22,county_executive,https://www.oagkenya.go.ke/wp-content/uploads/2023/10/County-Executive-of-Kisumu-2021-2022.pdf,C:\Users\user\Data_Science_Course\kenya_public_finance_intelligence\kenya_public_finance_intelligence\data\raw\oag\oag_2021-22_county-executive_county-executive-of-kisumu-2021-2022.pdf,2026-06-12T11:27:45.413713
113,County Executive of Kisii 2021-2022,2021/22,county_executive,https://www.oagkenya.go.ke/wp-content/uploads/2023/10/County-Executive-of-Kisii-2021-2022.pdf#new_tab,C:\Users\user\Data_Science_Course\kenya_public_finance_intelligence\kenya_public_finance_intelligence\data\raw\oag\oag_2021-22_county-executive_county-executive-of-kisii-2021-2022.pdf,2026-06-12T11:27:45.413928
114,County Executive of Kisii 2021-2022,2021/22,county_executive,https://www.oagkenya.go.ke/wp-content/uploads/2023/10/County-Executive-of-Kisii-2021-2022.pdf,C:\Users\user\Data_Science_Course\kenya_public_finance_intelligence\kenya_public_finance_intelligence\data\raw\oag\oag_2021-22_county-executive_county-executive-of-kisii-2021-2022.pdf,2026-06-12T11:27:45.413940
115,County Executive of Kirinyaga 2021-2022,2021/22,county_executive,https://www.oagkenya.go.ke/wp-content/uploads/2023/10/County-Executive-of-Kirinyaga-2021-2022.pdf#new_tab,C:\Users\user\Data_Science_Course\kenya_public_finance_intelligence\kenya_public_finance_intelligence\data\raw\oag\oag_2021-22_county-executive_county-executive-of-kirinyaga-2021-2022.pdf,2026-06-12T11:27:45.414153
116,County Executive of Kirinyaga 2021-2022,2021/22,county_executive,https://www.oagkenya.go.ke/wp-content/uploads/2023/10/County-Executive-of-Kirinyaga-2021-2022.pdf,C:\Users\user\Data_Science_Course\kenya_public_finance_intelligence\kenya_public_finance_intelligence\data\raw\oag\oag_2021-22_county-executive_county-executive-of-kirinyaga-2021-2022.pdf,2026-06-12T11:27:45.414165
117,County Executive of Kilifi 2021-2022,2021/22,county_executive,https://www.oagkenya.go.ke/wp-content/uploads/2023/10/County-Executive-of-Kilifi-2021-2022.pdf#new_tab,C:\Users\user\Data_Science_Course\kenya_public_finance_intelligence\kenya_public_finance_intelligence\data\raw\oag\oag_2021-22_county-executive_county-executive-of-kilifi-2021-2022.pdf,2026-06-12T11:27:45.414377
118,County Executive of Kilifi 2021-2022,2021/22,county_executive,https://www.oagkenya.go.ke/wp-content/uploads/2023/10/County-Executive-of-Kilifi-2021-2022.pdf,C:\Users\user\Data_Science_Course\kenya_public_finance_intelligence\kenya_public_finance_intelligence\data\raw\oag\oag_2021-22_county-executive_county-executive-of-kilifi-2021-2022.pdf,2026-06-12T11:27:45.414389
119,County Executive of Kiambu 2021-2022,2021/22,county_executive,https://www.oagkenya.go.ke/wp-content/uploads/2023/10/County-Executive-of-Kiambu-2021-2022.pdf#new_tab,C:\Users\user\Data_Science_Course\kenya_public_finance_intelligence\kenya_public_finance_intelligence\data\raw\oag\oag_2021-22_county-executive_county-executive-of-kiambu-2021-2022.pdf,2026-06-12T11:27:45.414639
120,County Executive of Kiambu 2021-2022,2021/22,county_executive,https://www.oagkenya.go.ke/wp-content/uploads/2023/10/County-Executive-of-Kiambu-2021-2022.pdf,C:\Users\user\Data_Science_Course\kenya_public_finance_intelligence\kenya_public_finance_intelligence\data\raw\oag\oag_2021-22_county-executive_county-executive-of-kiambu-2021-2022.pdf,2026-06-12T11:27:45.414653
121,County Executive of Kericho 2021-2022,2021/22,county_executive,https://www.oagkenya.go.ke/wp-content/uploads/2023/10/County-Executive-of-Kericho-2021-2022.pdf#new_tab,C:\Users\user\Data_Science_Course\kenya_public_finance_intelligence\kenya_public_finance_intelligence\data\raw\oag\oag_2021-22_county-executive_county-executive-of-kericho-2021-2022.pdf,2026-06-12T11:27:45.414974
122,County Executive of Kericho 2021-2022,2021/22,county_executive,https://www.oagkenya.go.ke/wp-content/uploads/2023/10/County-Executive-of-Kericho-2021-2022.pdf,C:\Users\user\Data_Science_Course\kenya_public_finance_intelligence\kenya_public_finance_intelligence\data\raw\oag\oag_2021-22_county-executive_county-executive-of-kericho-2021-2022.pdf,2026-06-12T11:27:45.414992
123,County Executive of Kakamega 2021-2022,2021/22,county_executive,https://www.oagkenya.go.ke/wp-content/uploads/2023/10/County-Executive-of-Kakamega-2021-2022.pdf#new_tab,C:\Users\user\Data_Science_Course\kenya_public_finance_intelligence\kenya_public_finance_intelligence\data\raw\oag\oag_2021-22_county-executive_county-executive-of-kakamega-2021-2022.pdf,2026-06-12T11:27:45.415306
124,County Executive of Kakamega 2021-2022,2021/22,county_executive,https://www.oagkenya.go.ke/wp-content/uploads/2023/10/County-Executive-of-Kakamega-2021-2022.pdf,C:\Users\user\Data_Science_Course\kenya_public_finance_intelligence\kenya_public_finance_intelligence\data\raw\oag\oag_2021-22_county-executive_county-executive-of-kakamega-2021-2022.pdf,2026-06-12T11:27:45.415348
125,County Executive of Kajiado 2021-2022,2021/22,county_executive,https://www.oagkenya.go.ke/wp-content/uploads/2023/10/County-Executive-of-Kajiado-2021-2022.pdf#new_tab,C:\Users\user\Data_Science_Course\kenya_public_finance_intelligence\kenya_public_finance_intelligence\data\raw\oag\oag_2021-22_county-executive_county-executive-of-kajiado-2021-2022.pdf,2026-06-12T11:27:45.415798
126,County Executive of Kajiado 2021-2022,2021/22,county_executive,https://www.oagkenya.go.ke/wp-content/uploads/2023/10/County-Executive-of-Kajiado-2021-2022.pdf,C:\Users\user\Data_Science_Course\kenya_public_finance_intelligence\kenya_public_finance_intelligence\data\raw\oag\oag_2021-22_county-executive_county-executive-of-kajiado-2021-2022.pdf,2026-06-12T11:27:45.415829
127,County Executive of Isiolo 2021-2022,2021/22,county_executive,https://www.oagkenya.go.ke/wp-content/uploads/2023/10/County-Executive-of-Isiolo-2021-2022.pdf#new_tab,C:\Users\user\Data_Science_Course\kenya_public_finance_intelligence\kenya_public_finance_intelligence\data\raw\oag\oag_2021-22_county-executive_county-executive-of-isiolo-2021-2022.pdf,2026-06-12T11:27:45.416208
128,County Executive of Isiolo 2021-2022,2021/22,county_executive,https://www.oagkenya.go.ke/wp-content/uploads/2023/10/County-Executive-of-Isiolo-2021-2022.pdf,C:\Users\user\Data_Science_Course\kenya_public_finance_intelligence\kenya_public_finance_intelligence\data\raw\oag\oag_2021-22_county-executive_county-executive-of-isiolo-2021-2022.pdf,2026-06-12T11:27:45.416230
129,County Executive of Homa Bay 2021-2022,2021/22,county_executive,https://www.oagkenya.go.ke/wp-content/uploads/2023/10/County-Executive-of-Homa-Bay-2021-2022-.pdf#new_tab,C:\Users\user\Data_Science_Course\kenya_public_finance_intelligence\kenya_public_finance_intelligence\data\raw\oag\oag_2021-22_county-executive_county-executive-of-homa-bay-2021-2022.pdf,2026-06-12T11:27:45.417062
130,County Executive of Homa Bay 2021-2022,2021/22,county_executive,https://www.oagkenya.go.ke/wp-content/uploads/2023/10/County-Executive-of-Homa-Bay-2021-2022-.pdf,C:\Users\user\Data_Science_Course\kenya_public_finance_intelligence\kenya_public_finance_intelligence\data\raw\oag\oag_2021-22_county-executive_county-executive-of-homa-bay-2021-2022.pdf,2026-06-12T11:27:45.417121
131,County Executive of Garissa 2021-2022,2021/22,county_executive,https://www.oagkenya.go.ke/wp-content/uploads/2023/10/County-Executive-of-Garissa-2021-2022-.pdf,C:\Users\user\Data_Science_Course\kenya_public_finance_intelligence\kenya_public_finance_intelligence\data\raw\oag\oag_2021-22_county-executive_county-executive-of-garissa-2021-2022.pdf,2026-06-12T11:27:45.417836
132,County Executive of Elgeyo Marakwet 2021-2022,2021/22,county_executive,https://www.oagkenya.go.ke/wp-content/uploads/2023/10/County-Executive-of-Elgeyo-Marakwet-2021-2022.pdf#new_tab,C:\Users\user\Data_Science_Course\kenya_public_finance_intelligence\kenya_public_finance_intelligence\data\raw\oag\oag_2021-22_county-executive_county-executive-of-elgeyo-marakwet-2021.pdf,2026-06-12T11:27:45.418186
133,County Executive of Elgeyo Marakwet 2021-2022,2021/22,county_executive,https://www.oagkenya.go.ke/wp-content/uploads/2023/10/County-Executive-of-Elgeyo-Marakwet-2021-2022.pdf,C:\Users\user\Data_Science_Course\kenya_public_finance_intelligence\kenya_public_finance_intelligence\data\raw\oag\oag_2021-22_county-executive_county-executive-of-elgeyo-marakwet-2021.pdf,2026-06-12T11:27:45.418204
134,County Executive of Busia 2021-2022,2021/22,county_executive,https://www.oagkenya.go.ke/wp-content/uploads/2023/10/County-Executive-of-Busia-2021-2022.pdf#new_tab,C:\Users\user\Data_Science_Course\kenya_public_finance_intelligence\kenya_public_finance_intelligence\data\raw\oag\oag_2021-22_county-executive_county-executive-of-busia-2021-2022.pdf,2026-06-12T11:27:45.418442
135,County Executive of Busia 2021-2022,2021/22,county_executive,https://www.oagkenya.go.ke/wp-content/uploads/2023/10/County-Executive-of-Busia-2021-2022.pdf,C:\Users\user\Data_Science_Course\kenya_public_finance_intelligence\kenya_public_finance_intelligence\data\raw\oag\oag_2021-22_county-executive_county-executive-of-busia-2021-2022.pdf,2026-06-12T11:27:45.418457
136,County Executive of Bungoma 2021-2022,2021/22,county_executive,https://www.oagkenya.go.ke/wp-content/uploads/2023/10/County-Executive-of-Bungoma-2021-2022.pdf#new_tab,C:\Users\user\Data_Science_Course\kenya_public_finance_intelligence\kenya_public_finance_intelligence\data\raw\oag\oag_2021-22_county-executive_county-executive-of-bungoma-2021-2022.pdf,2026-06-12T11:27:45.418716
137,County Executive of Bungoma 2021-2022,2021/22,county_executive,https://www.oagkenya.go.ke/wp-content/uploads/2023/10/County-Executive-of-Bungoma-2021-2022.pdf,C:\Users\user\Data_Science_Course\kenya_public_finance_intelligence\kenya_public_finance_intelligence\data\raw\oag\oag_2021-22_county-executive_county-executive-of-bungoma-2021-2022.pdf,2026-06-12T11:27:45.418730
138,County Executive of Bomet 2021-2022,2021/22,county_executive,https://www.oagkenya.go.ke/wp-content/uploads/2023/10/County-Executive-of-Bomet-2021-2022.pdf#new_tab,C:\Users\user\Data_Science_Course\kenya_public_finance_intelligence\kenya_public_finance_intelligence\data\raw\oag\oag_2021-22_county-executive_county-executive-of-bomet-2021-2022.pdf,2026-06-12T11:27:45.418953
139,County Executive of Bomet 2021-2022,2021/22,county_executive,https://www.oagkenya.go.ke/wp-content/uploads/2023/10/County-Executive-of-Bomet-2021-2022.pdf,C:\Users\user\Data_Science_Course\kenya_public_finance_intelligence\kenya_public_finance_intelligence\data\raw\oag\oag_2021-22_county-executive_county-executive-of-bomet-2021-2022.pdf,2026-06-12T11:27:45.418966
140,County Assembly of Uasin Gishu 2021 -2022,2021/22,county_assembly,https://www.oagkenya.go.ke/wp-content/uploads/2023/08/County-Assembly-of-Uasin-Gishu-2021-2022.pdf#new_tab,C:\Users\user\Data_Science_Course\kenya_public_finance_intelligence\kenya_public_finance_intelligence\data\raw\oag\oag_2021-22_county-assembly_county-assembly-of-uasin-gishu-2021--202.pdf,2026-06-12T11:27:45.419191
141,County Assembly of Uasin Gishu 2021 -2022,2021/22,county_assembly,https://www.oagkenya.go.ke/wp-content/uploads/2023/08/County-Assembly-of-Uasin-Gishu-2021-2022.pdf,C:\Users\user\Data_Science_Course\kenya_public_finance_intelligence\kenya_public_finance_intelligence\data\raw\oag\oag_2021-22_county-assembly_county-assembly-of-uasin-gishu-2021--202.pdf,2026-06-12T11:27:45.419203
142,County Assembly of Taita Taveta  2021-2022,2021/22,county_assembly,https://www.oagkenya.go.ke/wp-content/uploads/2023/08/County-Assembly-of-Taita-Taveta-2021-2022.pdf#new_tab,C:\Users\user\Data_Science_Course\kenya_public_finance_intelligence\kenya_public_finance_intelligence\data\raw\oag\oag_2021-22_county-assembly_county-assembly-of-taita-taveta-2021-202.pdf,2026-06-12T11:27:45.419419
143,County Assembly of Taita Taveta  2021-2022,2021/22,county_assembly,https://www.oagkenya.go.ke/wp-content/uploads/2023/08/County-Assembly-of-Taita-Taveta-2021-2022.pdf,C:\Users\user\Data_Science_Course\kenya_public_finance_intelligence\kenya_public_finance_intelligence\data\raw\oag\oag_2021-22_county-assembly_county-assembly-of-taita-taveta-2021-202.pdf,2026-06-12T11:27:45.419431
144,County Assembly of Meru  2021-2022,2021/22,county_assembly,https://www.oagkenya.go.ke/wp-content/uploads/2023/08/County-Assembly-of-Meru-2021-2022-1.pdf#new_tab,C:\Users\user\Data_Science_Course\kenya_public_finance_intelligence\kenya_public_finance_intelligence\data\raw\oag\oag_2021-22_county-assembly_county-assembly-of-meru-2021-2022.pdf,2026-06-12T11:27:45.419670
145,County Assembly of Meru  2021-2022,2021/22,county_assembly,https://www.oagkenya.go.ke/wp-content/uploads/2023/08/County-Assembly-of-Meru-2021-2022-1.pdf,C:\Users\user\Data_Science_Course\kenya_public_finance_intelligence\kenya_public_finance_intelligence\data\raw\oag\oag_2021-22_county-assembly_county-assembly-of-meru-2021-2022.pdf,2026-06-12T11:27:45.419683
146,County Assembly of Tharaka Nithi 2021-2022,2021/22,county_assembly,https://www.oagkenya.go.ke/wp-content/uploads/2023/08/County-Assembly-of-Tharaka-Nithi-2021-2022.pdf#new_tab,C:\Users\user\Data_Science_Course\kenya_public_finance_intelligence\kenya_public_finance_intelligence\data\raw\oag\oag_2021-22_county-assembly_county-assembly-of-tharaka-nithi-2021-20.pdf,2026-06-12T11:27:45.419898
147,County Assembly of Tharaka Nithi 2021-2022,2021/22,county_assembly,https://www.oagkenya.go.ke/wp-content/uploads/2023/08/County-Assembly-of-Tharaka-Nithi-2021-2022.pdf,C:\Users\user\Data_Science_Course\kenya_public_finance_intelligence\kenya_public_finance_intelligence\data\raw\oag\oag_2021-22_county-assembly_county-assembly-of-tharaka-nithi-2021-20.pdf,2026-06-12T11:27:45.419912
148,County Assembly of Narok 2021- 2022,2021/22,county_assembly,https://www.oagkenya.go.ke/wp-content/uploads/2023/08/County-Assembly-of-Narok-2021-2022.pdf#new_tab,C:\Users\user\Data_Science_Course\kenya_public_finance_intelligence\kenya_public_finance_intelligence\data\raw\oag\oag_2021-22_county-assembly_county-assembly-of-narok-2021--2022.pdf,2026-06-12T11:27:45.420127
149,County Assembly of Narok 2021- 2022,2021/22,county_assembly,https://www.oagkenya.go.ke/wp-content/uploads/2023/08/County-Assembly-of-Narok-2021-2022.pdf,C:\Users\user\Data_Science_Course\kenya_public_finance_intelligence\kenya_public_finance_intelligence\data\raw\oag\oag_2021-22_county-assembly_county-assembly-of-narok-2021--2022.pdf,2026-06-12T11:27:45.420138
150,County Assembly of Siaya  2021 – 2022,2021/22,county_assembly,https://www.oagkenya.go.ke/wp-content/uploads/2023/08/County-Assembly-of-Siaya-2021-2022-.pdf#new_tab,C:\Users\user\Data_Science_Course\kenya_public_finance_intelligence\kenya_public_finance_intelligence\data\raw\oag\oag_2021-22_county-assembly_county-assembly-of-siaya-2021-2022.pdf,2026-06-12T11:27:45.420355
151,County Assembly of Siaya  2021 – 2022,2021/22,county_assembly,https://www.oagkenya.go.ke/wp-content/uploads/2023/08/County-Assembly-of-Siaya-2021-2022-.pdf,C:\Users\user\Data_Science_Course\kenya_public_finance_intelligence\kenya_public_finance_intelligence\data\raw\oag\oag_2021-22_county-assembly_county-assembly-of-siaya-2021-2022.pdf,2026-06-12T11:27:45.420369
152,County Assembly of Kwale 2021-2022,2021/22,county_assembly,https://www.oagkenya.go.ke/wp-content/uploads/2023/08/County-Assembly-of-Kwale-2021-2022.pdf#new_tab,C:\Users\user\Data_Science_Course\kenya_public_finance_intelligence\kenya_public_finance_intelligence\data\raw\oag\oag_2021-22_county-assembly_county-assembly-of-kwale-2021-2022.pdf,2026-06-12T11:27:45.420622
153,County Assembly of Kwale 2021-2022,2021/22,county_assembly,https://www.oagkenya.go.ke/wp-content/uploads/2023/08/County-Assembly-of-Kwale-2021-2022.pdf,C:\Users\user\Data_Science_Course\kenya_public_finance_intelligence\kenya_public_finance_intelligence\data\raw\oag\oag_2021-22_county-assembly_county-assembly-of-kwale-2021-2022.pdf,2026-06-12T11:27:45.420636
154,County Assembly of Vihiga 2021-2022,2021/22,county_assembly,https://www.oagkenya.go.ke/wp-content/uploads/2023/08/County-Assembly-of-Vihiga-2021-2022.pdf#new_tab,C:\Users\user\Data_Science_Course\kenya_public_finance_intelligence\kenya_public_finance_intelligence\data\raw\oag\oag_2021-22_county-assembly_county-assembly-of-vihiga-2021-2022.pdf,2026-06-12T11:27:45.420917
155,County Assembly of Vihiga 2021-2022,2021/22,county_assembly,https://www.oagkenya.go.ke/wp-content/uploads/2023/08/County-Assembly-of-Vihiga-2021-2022.pdf,C:\Users\user\Data_Science_Course\kenya_public_finance_intelligence\kenya_public_finance_intelligence\data\raw\oag\oag_2021-22_county-assembly_county-assembly-of-vihiga-2021-2022.pdf,2026-06-12T11:27:45.420930
156,County Assembly of Kakamega 2021-2022,2021/22,county_assembly,https://www.oagkenya.go.ke/wp-content/uploads/2023/08/County-Assembly-of-Kakamega-2021-2022.pdf#new_tab,C:\Users\user\Data_Science_Course\kenya_public_finance_intelligence\kenya_public_finance_intelligence\data\raw\oag\oag_2021-22_county-assembly_county-assembly-of-kakamega-2021-2022.pdf,2026-06-12T11:27:45.421206
157,County Assembly of Kakamega 2021-2022,2021/22,county_assembly,https://www.oagkenya.go.ke/wp-content/uploads/2023/08/County-Assembly-of-Kakamega-2021-2022.pdf,C:\Users\user\Data_Science_Course\kenya_public_finance_intelligence\kenya_public_finance_intelligence\data\raw\oag\oag_2021-22_county-assembly_county-assembly-of-kakamega-2021-2022.pdf,2026-06-12T11:27:45.421219
158,County Assembly of Meru 2021-2022,2021/22,county_assembly,https://www.oagkenya.go.ke/wp-content/uploads/2023/08/County-Assembly-of-Meru-2021-2022.pdf#new_tab,C:\Users\user\Data_Science_Course\kenya_public_finance_intelligence\kenya_public_finance_intelligence\data\raw\oag\oag_2021-22_county-assembly_county-assembly-of-meru-2021-2022.pdf,2026-06-12T11:27:45.421498
159,County Assembly of Meru 2021-2022,2021/22,county_assembly,https://www.oagkenya.go.ke/wp-content/uploads/2023/08/County-Assembly-of-Meru-2021-2022.pdf,C:\Users\user\Data_Science_Course\kenya_public_finance_intelligence\kenya_public_finance_intelligence\data\raw\oag\oag_2021-22_county-assembly_county-assembly-of-meru-2021-2022.pdf,2026-06-12T11:27:45.421525
160,County Assembly of Tana River 2021-2022,2021/22,county_assembly,https://www.oagkenya.go.ke/wp-content/uploads/2023/08/County-Assembly-of-Tana-River-2021-2022.pdf#new_tab,C:\Users\user\Data_Science_Course\kenya_public_finance_intelligence\kenya_public_finance_intelligence\data\raw\oag\oag_2021-22_county-assembly_county-assembly-of-tana-river-2021-2022.pdf,2026-06-12T11:27:45.421809
161,County Assembly of Tana River 2021-2022,2021/22,county_assembly,https://www.oagkenya.go.ke/wp-content/uploads/2023/08/County-Assembly-of-Tana-River-2021-2022.pdf,C:\Users\user\Data_Science_Course\kenya_public_finance_intelligence\kenya_public_finance_intelligence\data\raw\oag\oag_2021-22_county-assembly_county-assembly-of-tana-river-2021-2022.pdf,2026-06-12T11:27:45.421822
162,County Assembly of Kirinyaga 2021-2022,2021/22,county_assembly,https://www.oagkenya.go.ke/wp-content/uploads/2023/08/County-Assembly-of-Kirinyaga-2021-2022.pdf#new_tab,C:\Users\user\Data_Science_Course\kenya_public_finance_intelligence\kenya_public_finance_intelligence\data\raw\oag\oag_2021-22_county-assembly_county-assembly-of-kirinyaga-2021-2022.pdf,2026-06-12T11:27:45.422098
163,County Assembly of Kirinyaga 2021-2022,2021/22,county_assembly,https://www.oagkenya.go.ke/wp-content/uploads/2023/08/County-Assembly-of-Kirinyaga-2021-2022.pdf,C:\Users\user\Data_Science_Course\kenya_public_finance_intelligence\kenya_public_finance_intelligence\data\raw\oag\oag_2021-22_county-assembly_county-assembly-of-kirinyaga-2021-2022.pdf,2026-06-12T11:27:45.422111
164,County Assembly of West Pokot 2021-2022,2021/22,county_assembly,https://www.oagkenya.go.ke/wp-content/uploads/2023/08/County-Assembly-of-West-Pokot-2021-2022.pdf#new_tab,C:\Users\user\Data_Science_Course\kenya_public_finance_intelligence\kenya_public_finance_intelligence\data\raw\oag\oag_2021-22_county-assembly_county-assembly-of-west-pokot-2021-2022.pdf,2026-06-12T11:27:45.422388
165,County Assembly of West Pokot 2021-2022,2021/22,county_assembly,https://www.oagkenya.go.ke/wp-content/uploads/2023/08/County-Assembly-of-West-Pokot-2021-2022.pdf,C:\Users\user\Data_Science_Course\kenya_public_finance_intelligence\kenya_public_finance_intelligence\data\raw\oag\oag_2021-22_county-assembly_county-assembly-of-west-pokot-2021-2022.pdf,2026-06-12T11:27:45.422401
166,County Assembly of Baringo 2021-2022,2021/22,county_assembly,https://www.oagkenya.go.ke/wp-content/uploads/2023/08/County-Assembly-of-Baringo-2021-2022.pdf#new_tab,C:\Users\user\Data_Science_Course\kenya_public_finance_intelligence\kenya_public_finance_intelligence\data\raw\oag\oag_2021-22_county-assembly_county-assembly-of-baringo-2021-2022.pdf,2026-06-12T11:27:45.422706
167,County Assembly of Baringo 2021-2022,2021/22,county_assembly,https://www.oagkenya.go.ke/wp-content/uploads/2023/08/County-Assembly-of-Baringo-2021-2022.pdf,C:\Users\user\Data_Science_Course\kenya_public_finance_intelligence\kenya_public_finance_intelligence\data\raw\oag\oag_2021-22_county-assembly_county-assembly-of-baringo-2021-2022.pdf,2026-06-12T11:27:45.422721
168,County Assembly of Nandi 2021-2022,2021/22,county_assembly,https://www.oagkenya.go.ke/wp-content/uploads/2023/08/County-Assembly-of-Nandi-2021-2022.pdf#new_tab,C:\Users\user\Data_Science_Course\kenya_public_finance_intelligence\kenya_public_finance_intelligence\data\raw\oag\oag_2021-22_county-assembly_county-assembly-of-nandi-2021-2022.pdf,2026-06-12T11:27:45.423000
169,County Assembly of Nandi 2021-2022,2021/22,county_assembly,https://www.oagkenya.go.ke/wp-content/uploads/2023/08/County-Assembly-of-Nandi-2021-2022.pdf,C:\Users\user\Data_Science_Course\kenya_public_finance_intelligence\kenya_public_finance_intelligence\data\raw\oag\oag_2021-22_county-assembly_county-assembly-of-nandi-2021-2022.pdf,2026-06-12T11:27:45.423013
170,County Assembly of Nakuru  2021 -2022,2021/22,county_assembly,https://www.oagkenya.go.ke/wp-content/uploads/2023/08/County-Assembly-of-Nakuru-2021-2022-1.pdf#new_tab,C:\Users\user\Data_Science_Course\kenya_public_finance_intelligence\kenya_public_finance_intelligence\data\raw\oag\oag_2021-22_county-assembly_county-assembly-of-nakuru-2021--2022.pdf,2026-06-12T11:27:45.423291
171,County Assembly of Nakuru  2021 -2022,2021/22,county_assembly,https://www.oagkenya.go.ke/wp-content/uploads/2023/08/County-Assembly-of-Nakuru-2021-2022-1.pdf,C:\Users\user\Data_Science_Course\kenya_public_finance_intelligence\kenya_public_finance_intelligence\data\raw\oag\oag_2021-22_county-assembly_county-assembly-of-nakuru-2021--2022.pdf,2026-06-12T11:27:45.423304
172,County Executive of Meru 2021-2022,2021/22,county_executive,https://www.oagkenya.go.ke/wp-content/uploads/2023/08/County-Executive-of-Meru-2021-2022.pdf#new_tab,C:\Users\user\Data_Science_Course\kenya_public_finance_intelligence\kenya_public_finance_intelligence\data\raw\oag\oag_2021-22_county-executive_county-executive-of-meru-2021-2022.pdf,2026-06-12T11:27:45.423598
173,County Executive of Meru 2021-2022,2021/22,county_executive,https://www.oagkenya.go.ke/wp-content/uploads/2023/08/County-Executive-of-Meru-2021-2022.pdf,C:\Users\user\Data_Science_Course\kenya_public_finance_intelligence\kenya_public_finance_intelligence\data\raw\oag\oag_2021-22_county-executive_county-executive-of-meru-2021-2022.pdf,2026-06-12T11:27:45.423612
174,County Executive of Nandi 2021-2022,2021/22,county_executive,https://www.oagkenya.go.ke/wp-content/uploads/2023/08/County-Executive-of-Nandi-2021-2022.pdf#new_tab,C:\Users\user\Data_Science_Course\kenya_public_finance_intelligence\kenya_public_finance_intelligence\data\raw\oag\oag_2021-22_county-executive_county-executive-of-nandi-2021-2022.pdf,2026-06-12T11:27:45.423892
175,County Executive of Nandi 2021-2022,2021/22,county_executive,https://www.oagkenya.go.ke/wp-content/uploads/2023/08/County-Executive-of-Nandi-2021-2022.pdf,C:\Users\user\Data_Science_Course\kenya_public_finance_intelligence\kenya_public_finance_intelligence\data\raw\oag\oag_2021-22_county-executive_county-executive-of-nandi-2021-2022.pdf,2026-06-12T11:27:45.423905
176,County Executive of Marsabit 2021-2022,2021/22,county_executive,https://www.oagkenya.go.ke/wp-content/uploads/2023/08/County-Executive-of-Marsabit-2021-2022.pdf#new_tab,C:\Users\user\Data_Science_Course\kenya_public_finance_intelligence\kenya_public_finance_intelligence\data\raw\oag\oag_2021-22_county-executive_county-executive-of-marsabit-2021-2022.pdf,2026-06-12T11:27:45.424181
177,County Executive of Marsabit 2021-2022,2021/22,county_executive,https://www.oagkenya.go.ke/wp-content/uploads/2023/08/County-Executive-of-Marsabit-2021-2022.pdf,C:\Users\user\Data_Science_Course\kenya_public_finance_intelligence\kenya_public_finance_intelligence\data\raw\oag\oag_2021-22_county-executive_county-executive-of-marsabit-2021-2022.pdf,2026-06-12T11:27:45.424194
178,County Executive of Tana River 2021- 2022,2021/22,county_executive,https://www.oagkenya.go.ke/wp-content/uploads/2023/08/County-Executive-of-Tana-River-2021-2022.pdf#new_tab,C:\Users\user\Data_Science_Course\kenya_public_finance_intelligence\kenya_public_finance_intelligence\data\raw\oag\oag_2021-22_county-executive_county-executive-of-tana-river-2021--202.pdf,2026-06-12T11:27:45.424474
179,County Executive of Tana River 2021- 2022,2021/22,county_executive,https://www.oagkenya.go.ke/wp-content/uploads/2023/08/County-Executive-of-Tana-River-2021-2022.pdf,C:\Users\user\Data_Science_Course\kenya_public_finance_intelligence\kenya_public_finance_intelligence\data\raw\oag\oag_2021-22_county-executive_county-executive-of-tana-river-2021--202.pdf,2026-06-12T11:27:45.424487
180,County Executive of Baringo 2021-2022,2021/22,county_executive,https://www.oagkenya.go.ke/wp-content/uploads/2023/08/County-Executive-of-Baringo-2021-2022.pdf#new_tab,C:\Users\user\Data_Science_Course\kenya_public_finance_intelligence\kenya_public_finance_intelligence\data\raw\oag\oag_2021-22_county-executive_county-executive-of-baringo-2021-2022.pdf,2026-06-12T11:27:45.424784
181,County Executive of Baringo 2021-2022,2021/22,county_executive,https://www.oagkenya.go.ke/wp-content/uploads/2023/08/County-Executive-of-Baringo-2021-2022.pdf,C:\Users\user\Data_Science_Course\kenya_public_finance_intelligence\kenya_public_finance_intelligence\data\raw\oag\oag_2021-22_county-executive_county-executive-of-baringo-2021-2022.pdf,2026-06-12T11:27:45.424797
182,County Executive of West Pokot 2021 -2022,2021/22,county_executive,https://www.oagkenya.go.ke/wp-content/uploads/2023/08/County-Executive-of-West-Pokot-2021-2022.pdf#new_tab,C:\Users\user\Data_Science_Course\kenya_public_finance_intelligence\kenya_public_finance_intelligence\data\raw\oag\oag_2021-22_county-executive_county-executive-of-west-pokot-2021--202.pdf,2026-06-12T11:27:45.425077
183,County Executive of West Pokot 2021 -2022,2021/22,county_executive,https://www.oagkenya.go.ke/wp-content/uploads/2023/08/County-Executive-of-West-Pokot-2021-2022.pdf,C:\Users\user\Data_Science_Course\kenya_public_finance_intelligence\kenya_public_finance_intelligence\data\raw\oag\oag_2021-22_county-executive_county-executive-of-west-pokot-2021--202.pdf,2026-06-12T11:27:45.425090
184,County Executive of Vihiga 2021 -2022,2021/22,county_executive,https://www.oagkenya.go.ke/wp-content/uploads/2023/08/County-Executive-of-Vihiga-2021-2022.pdf#new_tab,C:\Users\user\Data_Science_Course\kenya_public_finance_intelligence\kenya_public_finance_intelligence\data\raw\oag\oag_2021-22_county-executive_county-executive-of-vihiga-2021--2022.pdf,2026-06-12T11:27:45.425369
185,County Executive of Vihiga 2021 -2022,2021/22,county_executive,https://www.oagkenya.go.ke/wp-content/uploads/2023/08/County-Executive-of-Vihiga-2021-2022.pdf,C:\Users\user\Data_Science_Course\kenya_public_finance_intelligence\kenya_public_finance_intelligence\data\raw\oag\oag_2021-22_county-executive_county-executive-of-vihiga-2021--2022.pdf,2026-06-12T11:27:45.425382
186,County Executive of Nakuru 2021-2022,2021/22,county_executive,https://www.oagkenya.go.ke/wp-content/uploads/2023/08/County-Executive-of-Nakuru-2021-2022.pdf#new_tab,C:\Users\user\Data_Science_Course\kenya_public_finance_intelligence\kenya_public_finance_intelligence\data\raw\oag\oag_2021-22_county-executive_county-executive-of-nakuru-2021-2022.pdf,2026-06-12T11:27:45.425678
187,County Executive of Nakuru 2021-2022,2021/22,county_executive,https://www.oagkenya.go.ke/wp-content/uploads/2023/08/County-Executive-of-Nakuru-2021-2022.pdf,C:\Users\user\Data_Science_Course\kenya_public_finance_intelligence\kenya_public_finance_intelligence\data\raw\oag\oag_2021-22_county-executive_county-executive-of-nakuru-2021-2022.pdf,2026-06-12T11:27:45.425692
188,County Executive of Taita Taveta 2021 -2022,2021/22,county_executive,https://www.oagkenya.go.ke/wp-content/uploads/2023/08/County-Executive-of-Taita-Taveta-2021-2022.pdf#new_tab,C:\Users\user\Data_Science_Course\kenya_public_finance_intelligence\kenya_public_finance_intelligence\data\raw\oag\oag_2021-22_county-executive_county-executive-of-taita-taveta-2021--2.pdf,2026-06-12T11:27:45.425971
189,County Executive of Taita Taveta 2021 -2022,2021/22,county_executive,https://www.oagkenya.go.ke/wp-content/uploads/2023/08/County-Executive-of-Taita-Taveta-2021-2022.pdf,C:\Users\user\Data_Science_Course\kenya_public_finance_intelligence\kenya_public_finance_intelligence\data\raw\oag\oag_2021-22_county-executive_county-executive-of-taita-taveta-2021--2.pdf,2026-06-12T11:27:45.425985
190,County Executive of Embu 2021-2022,2021/22,county_executive,https://www.oagkenya.go.ke/wp-content/uploads/2023/08/County-Executive-of-Embu-2021-2022.pdf#new_tab,C:\Users\user\Data_Science_Course\kenya_public_finance_intelligence\kenya_public_finance_intelligence\data\raw\oag\oag_2021-22_county-executive_county-executive-of-embu-2021-2022.pdf,2026-06-12T11:27:45.426262
191,County Executive of Embu 2021-2022,2021/22,county_executive,https://www.oagkenya.go.ke/wp-content/uploads/2023/08/County-Executive-of-Embu-2021-2022.pdf,C:\Users\user\Data_Science_Course\kenya_public_finance_intelligence\kenya_public_finance_intelligence\data\raw\oag\oag_2021-22_county-executive_county-executive-of-embu-2021-2022.pdf,2026-06-12T11:27:45.426277
192,County Executive of Kwale 2021- 2022,2021/22,county_executive,https://www.oagkenya.go.ke/wp-content/uploads/2023/08/County-Executive-of-Kwale-2021-2022.pdf#new_tab,C:\Users\user\Data_Science_Course\kenya_public_finance_intelligence\kenya_public_finance_intelligence\data\raw\oag\oag_2021-22_county-executive_county-executive-of-kwale-2021--2022.pdf,2026-06-12T11:27:45.426571
193,County Executive of Kwale 2021- 2022,2021/22,county_executive,https://www.oagkenya.go.ke/wp-content/uploads/2023/08/County-Executive-of-Kwale-2021-2022.pdf,C:\Users\user\Data_Science_Course\kenya_public_finance_intelligence\kenya_public_finance_intelligence\data\raw\oag\oag_2021-22_county-executive_county-executive-of-kwale-2021--2022.pdf,2026-06-12T11:27:45.426585
194,County Executive of Kitui 2021 -2022,2021/22,county_executive,https://www.oagkenya.go.ke/wp-content/uploads/2023/08/County-Executive-of-Kitui-2021-2022.pdf#new_tab,C:\Users\user\Data_Science_Course\kenya_public_finance_intelligence\kenya_public_finance_intelligence\data\raw\oag\oag_2021-22_county-executive_county-executive-of-kitui-2021--2022.pdf,2026-06-12T11:27:45.426864
195,County Executive of Kitui 2021 -2022,2021/22,county_executive,https://www.oagkenya.go.ke/wp-content/uploads/2023/08/County-Executive-of-Kitui-2021-2022.pdf,C:\Users\user\Data_Science_Course\kenya_public_finance_intelligence\kenya_public_finance_intelligence\data\raw\oag\oag_2021-22_county-executive_county-executive-of-kitui-2021--2022.pdf,2026-06-12T11:27:45.426876
196,County Executive of Tharaka Nithi 2021-2022,2021/22,county_executive,https://www.oagkenya.go.ke/wp-content/uploads/2023/08/County-Executive-of-Tharaka-Nithi-2021-2022.pdf#new_tab,C:\Users\user\Data_Science_Course\kenya_public_finance_intelligence\kenya_public_finance_intelligence\data\raw\oag\oag_2021-22_county-executive_county-executive-of-tharaka-nithi-2021-2.pdf,2026-06-12T11:27:45.427154
197,County Executive of Tharaka Nithi 2021-2022,2021/22,county_executive,https://www.oagkenya.go.ke/wp-content/uploads/2023/08/County-Executive-of-Tharaka-Nithi-2021-2022.pdf,C:\Users\user\Data_Science_Course\kenya_public_finance_intelligence\kenya_public_finance_intelligence\data\raw\oag\oag_2021-22_county-executive_county-executive-of-tharaka-nithi-2021-2.pdf,2026-06-12T11:27:45.427167
198,County Executive of Narok 2021-2022,2021/22,county_executive,https://www.oagkenya.go.ke/wp-content/uploads/2023/08/County-Executive-of-Narok-2021-2022.pdf#new_tab,C:\Users\user\Data_Science_Course\kenya_public_finance_intelligence\kenya_public_finance_intelligence\data\raw\oag\oag_2021-22_county-executive_county-executive-of-narok-2021-2022.pdf,2026-06-12T11:27:45.427443
199,County Executive of Narok 2021-2022,2021/22,county_executive,https://www.oagkenya.go.ke/wp-content/uploads/2023/08/County-Executive-of-Narok-2021-2022.pdf,C:\Users\user\Data_Science_Course\kenya_public_finance_intelligence\kenya_public_finance_intelligence\data\raw\oag\oag_2021-22_county-executive_county-executive-of-narok-2021-2022.pdf,2026-06-12T11:27:45.427456
200,County Executive of Siaya 2021- 2022,2021/22,county_executive,https://www.oagkenya.go.ke/wp-content/uploads/2023/08/County-Executive-of-Siaya-2021-2022.pdf#new_tab,C:\Users\user\Data_Science_Course\kenya_public_finance_intelligence\kenya_public_finance_intelligence\data\raw\oag\oag_2021-22_county-executive_county-executive-of-siaya-2021--2022.pdf,2026-06-12T11:27:45.427751
201,County Executive of Siaya 2021- 2022,2021/22,county_executive,https://www.oagkenya.go.ke/wp-content/uploads/2023/08/County-Executive-of-Siaya-2021-2022.pdf,C:\Users\user\Data_Science_Course\kenya_public_finance_intelligence\kenya_public_finance_intelligence\data\raw\oag\oag_2021-22_county-executive_county-executive-of-siaya-2021--2022.pdf,2026-06-12T11:27:45.427765
202,County Executive of Uasin Gishu 2021-2022,2021/22,county_executive,https://www.oagkenya.go.ke/wp-content/uploads/2023/08/County-Executive-of-Uasin-Gishu-2021-2022.pdf#new_tab,C:\Users\user\Data_Science_Course\kenya_public_finance_intelligence\kenya_public_finance_intelligence\data\raw\oag\oag_2021-22_county-executive_county-executive-of-uasin-gishu-2021-202.pdf,2026-06-12T11:27:45.428044
203,County Executive of Uasin Gishu 2021-2022,2021/22,county_executive,https://www.oagkenya.go.ke/wp-content/uploads/2023/08/County-Executive-of-Uasin-Gishu-2021-2022.pdf,C:\Users\user\Data_Science_Course\kenya_public_finance_intelligence\kenya_public_finance_intelligence\data\raw\oag\oag_2021-22_county-executive_county-executive-of-uasin-gishu-2021-202.pdf,2026-06-12T11:27:45.428057
204,Auditor-General’s Report On The County Governments County Assemblies 2021-2022 Volume 2,2021/22,county_executive,https://www.oagkenya.go.ke/wp-content/uploads/2023/07/AUDITOR-GENERAL-S-REPORT-ON-THE-COUNTY-GOVERNMENTS-COUNTY-ASSEMBLES-2021-2022-VOLUME-2.pdf#new_tab,C:\Users\user\Data_Science_Course\kenya_public_finance_intelligence\kenya_public_finance_intelligence\data\raw\oag\oag_2021-22_county-executive_auditor-generals-report-on-the-county-go.pdf,2026-06-12T11:27:45.428349
205,Auditor-General’s Report On The County Governments County Assemblies 2021-2022 Volume 2,2021/22,county_executive,https://www.oagkenya.go.ke/wp-content/uploads/2023/07/AUDITOR-GENERAL-S-REPORT-ON-THE-COUNTY-GOVERNMENTS-COUNTY-ASSEMBLES-2021-2022-VOLUME-2.pdf,C:\Users\user\Data_Science_Course\kenya_public_finance_intelligence\kenya_public_finance_intelligence\data\raw\oag\oag_2021-22_county-executive_auditor-generals-report-on-the-county-go.pdf,2026-06-12T11:27:45.428370
206,Auditor-General’s Report On The County Governments County Executives 2021-2022 Volume 1,2021/22,county_executive,https://www.oagkenya.go.ke/wp-content/uploads/2023/07/AUDITOR-GENERAL-S-REPORT-ON-THE-COUNTY-GOVERNMENTS-COUNTY-EXECUTIVES-2021-2022-VOLUME-1.pdf#new_tab,C:\Users\user\Data_Science_Course\kenya_public_finance_intelligence\kenya_public_finance_intelligence\data\raw\oag\oag_2021-22_county-executive_auditor-generals-report-on-the-county-go.pdf,2026-06-12T11:27:45.428683
207,Auditor-General’s Report On The County Governments County Executives 2021-2022 Volume 1,2021/22,county_executive,https://www.oagkenya.go.ke/wp-content/uploads/2023/07/AUDITOR-GENERAL-S-REPORT-ON-THE-COUNTY-GOVERNMENTS-COUNTY-EXECUTIVES-2021-2022-VOLUME-1.pdf,C:\Users\user\Data_Science_Course\kenya_public_finance_intelligence\kenya_public_finance_intelligence\data\raw\oag\oag_2021-22_county-executive_auditor-generals-report-on-the-county-go.pdf,2026-06-12T11:27:45.428704
208,REPORT-OF-THE-AUDITOR-GENERAL-FOR-THE-COUNTY-GOVERNMENTS-FOR-THE-YEAR-2020-2021-_VOLUME-II-COUNTY-ASSEMBLIES,2020/21,county_executive,https://www.oagkenya.go.ke/wp-content/uploads/2023/02/REPORT-OF-THE-AUDITOR-GENERAL-FOR-THE-COUNTY-GOVERNMENTS-FOR-THE-YEAR-2020-2021-_VOLUME-II-COUNTY-ASSEMBLIES-1.pdf#new_tab,C:\Users\user\Data_Science_Course\kenya_public_finance_intelligence\kenya_public_finance_intelligence\data\raw\oag\oag_2020-21_county-executive_report-of-the-auditor-general-for-the-co.pdf,2026-06-12T11:27:49.453093
209,REPORT-OF-THE-AUDITOR-GENERAL-FOR-THE-COUNTY-GOVERNMENTS-FOR-THE-YEAR-2020-2021-_VOLUME-II-COUNTY-ASSEMBLIES,2020/21,county_executive,https://www.oagkenya.go.ke/wp-content/uploads/2023/02/REPORT-OF-THE-AUDITOR-GENERAL-FOR-THE-COUNTY-GOVERNMENTS-FOR-THE-YEAR-2020-2021-_VOLUME-II-COUNTY-ASSEMBLIES-1.pdf,C:\Users\user\Data_Science_Course\kenya_public_finance_intelligence\kenya_public_finance_intelligence\data\raw\oag\oag_2020-21_county-executive_report-of-the-auditor-general-for-the-co.pdf,2026-06-12T11:27:49.453119
210,REPORT-OF-THE-AUDITOR-GENERAL-FOR-THE-COUNTY-GOVERNMENTS-FOR-THE-YEAR-2020-2021-_VOLUME-I-COUNTY-EXECUTIVES,2020/21,county_executive,https://www.oagkenya.go.ke/wp-content/uploads/2023/02/REPORT-OF-THE-AUDITOR-GENERAL-FOR-THE-COUNTY-GOVERNMENTS-FOR-THE-YEAR-2020-2021-_VOLUME-I-COUNTY-EXECUTIVES-1.pdf#new_tab,C:\Users\user\Data_Science_Course\kenya_public_finance_intelligence\kenya_public_finance_intelligence\data\raw\oag\oag_2020-21_county-executive_report-of-the-auditor-general-for-the-co.pdf,2026-06-12T11:27:49.453360
211,REPORT-OF-THE-AUDITOR-GENERAL-FOR-THE-COUNTY-GOVERNMENTS-FOR-THE-YEAR-2020-2021-_VOLUME-I-COUNTY-EXECUTIVES,2020/21,county_executive,https://www.oagkenya.go.ke/wp-content/uploads/2023/02/REPORT-OF-THE-AUDITOR-GENERAL-FOR-THE-COUNTY-GOVERNMENTS-FOR-THE-YEAR-2020-2021-_VOLUME-I-COUNTY-EXECUTIVES-1.pdf,C:\Users\user\Data_Science_Course\kenya_public_finance_intelligence\kenya_public_finance_intelligence\data\raw\oag\oag_2020-21_county-executive_report-of-the-auditor-general-for-the-co.pdf,2026-06-12T11:27:49.453375
212,Tharaka Nithi County Bursary Development Fund 2020-2021,2020/21,county_executive,https://www.oagkenya.go.ke/wp-content/uploads/2023/02/Tharaka-Nithi-County-Bursary-Development-Fund-2020-2021.pdf#new_tab,C:\Users\user\Data_Science_Course\kenya_public_finance_intelligence\kenya_public_finance_intelligence\data\raw\oag\oag_2020-21_county-executive_tharaka-nithi-county-bursary-development.pdf,2026-06-12T11:27:49.453623
213,Tharaka Nithi County Bursary Development Fund 2020-2021,2020/21,county_executive,https://www.oagkenya.go.ke/wp-content/uploads/2023/02/Tharaka-Nithi-County-Bursary-Development-Fund-2020-2021.pdf,C:\Users\user\Data_Science_Course\kenya_public_finance_intelligence\kenya_public_finance_intelligence\data\raw\oag\oag_2020-21_county-executive_tharaka-nithi-county-bursary-development.pdf,2026-06-12T11:27:49.453638
214,Turkana County Emergency Fund 2020-2021,2020/21,county_executive,https://www.oagkenya.go.ke/wp-content/uploads/2023/01/Turkana-County-Emergency-Fund-2021.pdf#new_tab,C:\Users\user\Data_Science_Course\kenya_public_finance_intelligence\kenya_public_finance_intelligence\data\raw\oag\oag_2020-21_county-executive_turkana-county-emergency-fund-2020-2021.pdf,2026-06-12T11:27:49.453861
215,Turkana County Emergency Fund 2020-2021,2020/21,county_executive,https://www.oagkenya.go.ke/wp-content/uploads/2023/01/Turkana-County-Emergency-Fund-2021.pdf,C:\Users\user\Data_Science_Course\kenya_public_finance_intelligence\kenya_public_finance_intelligence\data\raw\oag\oag_2020-21_county-executive_turkana-county-emergency-fund-2020-2021.pdf,2026-06-12T11:27:49.453873
216,Nakuru County Emergency Fund 2020-2021,2020/21,county_executive,https://www.oagkenya.go.ke/wp-content/uploads/2023/01/Nakuru-County-Emergency-Fund-2021.pdf#new_tab,C:\Users\user\Data_Science_Course\kenya_public_finance_intelligence\kenya_public_finance_intelligence\data\raw\oag\oag_2020-21_county-executive_nakuru-county-emergency-fund-2020-2021.pdf,2026-06-12T11:27:49.454091
217,Nakuru County Emergency Fund 2020-2021,2020/21,county_executive,https://www.oagkenya.go.ke/wp-content/uploads/2023/01/Nakuru-County-Emergency-Fund-2021.pdf,C:\Users\user\Data_Science_Course\kenya_public_finance_intelligence\kenya_public_finance_intelligence\data\raw\oag\oag_2020-21_county-executive_nakuru-county-emergency-fund-2020-2021.pdf,2026-06-12T11:27:49.454103
218,County Executive of Marsabit 2020-2021,2020/21,county_executive,https://www.oagkenya.go.ke/wp-content/uploads/2023/01/COUNTY-EXECUTIVE-OF-MARSABIT-2020-2021.pdf#new_tab,C:\Users\user\Data_Science_Course\kenya_public_finance_intelligence\kenya_public_finance_intelligence\data\raw\oag\oag_2020-21_county-executive_county-executive-of-marsabit-2020-2021.pdf,2026-06-12T11:27:49.454317
219,County Executive of Marsabit 2020-2021,2020/21,county_executive,https://www.oagkenya.go.ke/wp-content/uploads/2023/01/COUNTY-EXECUTIVE-OF-MARSABIT-2020-2021.pdf,C:\Users\user\Data_Science_Course\kenya_public_finance_intelligence\kenya_public_finance_intelligence\data\raw\oag\oag_2020-21_county-executive_county-executive-of-marsabit-2020-2021.pdf,2026-06-12T11:27:49.454329
220,County Executive of Marsabit 2020-2021,2020/21,county_assembly,https://www.oagkenya.go.ke/wp-content/uploads/2023/01/COUNTY-ASSEMBLY-OF-MARSABIT-2020-2021.pdf#new_tab,C:\Users\user\Data_Science_Course\kenya_public_finance_intelligence\kenya_public_finance_intelligence\data\raw\oag\oag_2020-21_county-assembly_county-executive-of-marsabit-2020-2021.pdf,2026-06-12T11:27:49.454542
221,County Executive of Marsabit 2020-2021,2020/21,county_assembly,https://www.oagkenya.go.ke/wp-content/uploads/2023/01/COUNTY-ASSEMBLY-OF-MARSABIT-2020-2021.pdf,C:\Users\user\Data_Science_Course\kenya_public_finance_intelligence\kenya_public_finance_intelligence\data\raw\oag\oag_2020-21_county-assembly_county-executive-of-marsabit-2020-2021.pdf,2026-06-12T11:27:49.454553
222,County Assembly of Isiolo 2020-2021,2020/21,county_assembly,https://www.oagkenya.go.ke/wp-content/uploads/2023/01/COUNTY-ASSEMBLY-OF-ISIOLO-2020-2021.pdf#new_tab,C:\Users\user\Data_Science_Course\kenya_public_finance_intelligence\kenya_public_finance_intelligence\data\raw\oag\oag_2020-21_county-assembly_county-assembly-of-isiolo-2020-2021.pdf,2026-06-12T11:27:49.454786
223,County Assembly of Isiolo 2020-2021,2020/21,county_assembly,https://www.oagkenya.go.ke/wp-content/uploads/2023/01/COUNTY-ASSEMBLY-OF-ISIOLO-2020-2021.pdf,C:\Users\user\Data_Science_Course\kenya_public_finance_intelligence\kenya_public_finance_intelligence\data\raw\oag\oag_2020-21_county-assembly_county-assembly-of-isiolo-2020-2021.pdf,2026-06-12T11:27:49.454799
224,County Executive of Nakuru 2020-2021,2020/21,county_executive,https://www.oagkenya.go.ke/wp-content/uploads/2023/01/COUNTY-EXECUTIVE-OF-NAKURU-2020-2021.pdf#new_tab,C:\Users\user\Data_Science_Course\kenya_public_finance_intelligence\kenya_public_finance_intelligence\data\raw\oag\oag_2020-21_county-executive_county-executive-of-nakuru-2020-2021.pdf,2026-06-12T11:27:49.455011
225,County Executive of Nakuru 2020-2021,2020/21,county_executive,https://www.oagkenya.go.ke/wp-content/uploads/2023/01/COUNTY-EXECUTIVE-OF-NAKURU-2020-2021.pdf,C:\Users\user\Data_Science_Course\kenya_public_finance_intelligence\kenya_public_finance_intelligence\data\raw\oag\oag_2020-21_county-executive_county-executive-of-nakuru-2020-2021.pdf,2026-06-12T11:27:49.455023
226,County Assembly of Nakuru 2020-2021,2020/21,county_assembly,https://www.oagkenya.go.ke/wp-content/uploads/2023/01/COUNTY-ASSEMBLY-OF-NAKURU-2020-2021.pdf#new_tab,C:\Users\user\Data_Science_Course\kenya_public_finance_intelligence\kenya_public_finance_intelligence\data\raw\oag\oag_2020-21_county-assembly_county-assembly-of-nakuru-2020-2021.pdf,2026-06-12T11:27:49.455234
227,County Assembly of Nakuru 2020-2021,2020/21,county_assembly,https://www.oagkenya.go.ke/wp-content/uploads/2023/01/COUNTY-ASSEMBLY-OF-NAKURU-2020-2021.pdf,C:\Users\user\Data_Science_Course\kenya_public_finance_intelligence\kenya_public_finance_intelligence\data\raw\oag\oag_2020-21_county-assembly_county-assembly-of-nakuru-2020-2021.pdf,2026-06-12T11:27:49.455246
228,Kisii County Alcoholic Drinks Control Fund 2020-2021,2020/21,county_executive,https://www.oagkenya.go.ke/wp-content/uploads/2023/01/Kisii-County-Alcoholic-Drinks-Control-Fund-2021.pdf#new_tab,C:\Users\user\Data_Science_Course\kenya_public_finance_intelligence\kenya_public_finance_intelligence\data\raw\oag\oag_2020-21_county-executive_kisii-county-alcoholic-drinks-control-fu.pdf,2026-06-12T11:27:49.455460
229,Kisii County Alcoholic Drinks Control Fund 2020-2021,2020/21,county_executive,https://www.oagkenya.go.ke/wp-content/uploads/2023/01/Kisii-County-Alcoholic-Drinks-Control-Fund-2021.pdf,C:\Users\user\Data_Science_Course\kenya_public_finance_intelligence\kenya_public_finance_intelligence\data\raw\oag\oag_2020-21_county-executive_kisii-county-alcoholic-drinks-control-fu.pdf,2026-06-12T11:27:49.455472
230,Kisii Teaching Referral Hospital 2020-2021,2020/21,county_executive,https://www.oagkenya.go.ke/wp-content/uploads/2023/01/Kisii-Teaching-Referral-Hospital-2020-2021.pdf#new_tab,C:\Users\user\Data_Science_Course\kenya_public_finance_intelligence\kenya_public_finance_intelligence\data\raw\oag\oag_2020-21_county-executive_kisii-teaching-referral-hospital-2020-20.pdf,2026-06-12T11:27:49.455705
231,Kisii Teaching Referral Hospital 2020-2021,2020/21,county_executive,https://www.oagkenya.go.ke/wp-content/uploads/2023/01/Kisii-Teaching-Referral-Hospital-2020-2021.pdf,C:\Users\user\Data_Science_Course\kenya_public_finance_intelligence\kenya_public_finance_intelligence\data\raw\oag\oag_2020-21_county-executive_kisii-teaching-referral-hospital-2020-20.pdf,2026-06-12T11:27:49.455718
232,REPORT OF THE AUDITOR GENERAL FOR THE COUNTY GOVERNMENTS FOR THE YEAR 2019-2020 VOLUME I COUNTY EXECUTIVES,2019/20,county_executive,https://www.oagkenya.go.ke/wp-content/uploads/2023/02/REPORT-OF-THE-AUDITOR-GENERAL-FOR-THE-COUNTY-GOVERNMENTS-FOR-THE-YEAR-2019-2020-_VOLUME-I-COUNTY-EXECUTIVES.pdf#new_tab,C:\Users\user\Data_Science_Course\kenya_public_finance_intelligence\kenya_public_finance_intelligence\data\raw\oag\oag_2019-20_county-executive_report-of-the-auditor-general-for-the-co.pdf,2026-06-12T11:27:53.649569
233,REPORT OF THE AUDITOR GENERAL FOR THE COUNTY GOVERNMENTS FOR THE YEAR 2019-2020  VOLUME II COUNTY ASSEMBLIES,2019/20,county_executive,https://www.oagkenya.go.ke/wp-content/uploads/2023/02/REPORT-OF-THE-AUDITOR-GENERAL-FOR-THE-COUNTY-GOVERNMENTS-FOR-THE-YEAR-2019-2020-_VOLUME-II-COUNTY-ASSEMBLIES.pdf#new_tab,C:\Users\user\Data_Science_Course\kenya_public_finance_intelligence\kenya_public_finance_intelligence\data\raw\oag\oag_2019-20_county-executive_report-of-the-auditor-general-for-the-co.pdf,2026-06-12T11:27:53.649827
234,County Assembly of Embu 2019 – 2020,2019/20,county_assembly,https://www.oagkenya.go.ke/wp-content/uploads/2022/01/County-Assembly-of-Embu-2019-2020.pdf#new_tab,C:\Users\user\Data_Science_Course\kenya_public_finance_intelligence\kenya_public_finance_intelligence\data\raw\oag\oag_2019-20_county-assembly_county-assembly-of-embu-2019-2020.pdf,2026-06-12T11:27:53.650085
235,County Assembly of Embu 2019 – 2020,2019/20,county_assembly,https://www.oagkenya.go.ke/wp-content/uploads/2022/01/County-Assembly-of-Embu-2019-2020.pdf,C:\Users\user\Data_Science_Course\kenya_public_finance_intelligence\kenya_public_finance_intelligence\data\raw\oag\oag_2019-20_county-assembly_county-assembly-of-embu-2019-2020.pdf,2026-06-12T11:27:53.650101
236,County Assembly of Nairobi 2019- 2020,2019/20,county_assembly,https://www.oagkenya.go.ke/wp-content/uploads/2022/01/County-Assembly-of-Nairobi-2019-2020.pdf#new_tab,C:\Users\user\Data_Science_Course\kenya_public_finance_intelligence\kenya_public_finance_intelligence\data\raw\oag\oag_2019-20_county-assembly_county-assembly-of-nairobi-2019--2020.pdf,2026-06-12T11:27:53.650325
237,County Assembly of Nairobi 2019- 2020,2019/20,county_assembly,https://www.oagkenya.go.ke/wp-content/uploads/2022/01/County-Assembly-of-Nairobi-2019-2020.pdf,C:\Users\user\Data_Science_Course\kenya_public_finance_intelligence\kenya_public_finance_intelligence\data\raw\oag\oag_2019-20_county-assembly_county-assembly-of-nairobi-2019--2020.pdf,2026-06-12T11:27:53.650338
238,County Assembly of Kericho 2019-2020,2019/20,county_assembly,https://www.oagkenya.go.ke/wp-content/uploads/2022/01/County-Assembly-of-Kericho-2019-2020.pdf#new_tab,C:\Users\user\Data_Science_Course\kenya_public_finance_intelligence\kenya_public_finance_intelligence\data\raw\oag\oag_2019-20_county-assembly_county-assembly-of-kericho-2019-2020.pdf,2026-06-12T11:27:53.650555
239,County Assembly of Kericho 2019-2020,2019/20,county_assembly,https://www.oagkenya.go.ke/wp-content/uploads/2022/01/County-Assembly-of-Kericho-2019-2020.pdf,C:\Users\user\Data_Science_Course\kenya_public_finance_intelligence\kenya_public_finance_intelligence\data\raw\oag\oag_2019-20_county-assembly_county-assembly-of-kericho-2019-2020.pdf,2026-06-12T11:27:53.650568
240,County Executive of West Pokot 2019 -2020,2019/20,county_executive,https://www.oagkenya.go.ke/wp-content/uploads/2022/01/County-Executive-of-West-Pokot-2019-2020.pdf#new_tab,C:\Users\user\Data_Science_Course\kenya_public_finance_intelligence\kenya_public_finance_intelligence\data\raw\oag\oag_2019-20_county-executive_county-executive-of-west-pokot-2019--202.pdf,2026-06-12T11:27:53.650787
241,County Executive of West Pokot 2019 -2020,2019/20,county_executive,https://www.oagkenya.go.ke/wp-content/uploads/2022/01/County-Executive-of-West-Pokot-2019-2020.pdf,C:\Users\user\Data_Science_Course\kenya_public_finance_intelligence\kenya_public_finance_intelligence\data\raw\oag\oag_2019-20_county-executive_county-executive-of-west-pokot-2019--202.pdf,2026-06-12T11:27:53.650800
242,County Executive of Kitui 2019-2020,2019/20,county_executive,https://www.oagkenya.go.ke/wp-content/uploads/2022/01/County-Executive-of-Kitui-2019-2020.pdf#new_tab,C:\Users\user\Data_Science_Course\kenya_public_finance_intelligence\kenya_public_finance_intelligence\data\raw\oag\oag_2019-20_county-executive_county-executive-of-kitui-2019-2020.pdf,2026-06-12T11:27:53.651022
243,County Executive of Kitui 2019-2020,2019/20,county_executive,https://www.oagkenya.go.ke/wp-content/uploads/2022/01/County-Executive-of-Kitui-2019-2020.pdf,C:\Users\user\Data_Science_Course\kenya_public_finance_intelligence\kenya_public_finance_intelligence\data\raw\oag\oag_2019-20_county-executive_county-executive-of-kitui-2019-2020.pdf,2026-06-12T11:27:53.651035
244,County Executive of Kisii 2019-2020,2019/20,county_executive,https://www.oagkenya.go.ke/wp-content/uploads/2022/01/County-Executive-of-Kisii-2019-2020.pdf#new_tab,C:\Users\user\Data_Science_Course\kenya_public_finance_intelligence\kenya_public_finance_intelligence\data\raw\oag\oag_2019-20_county-executive_county-executive-of-kisii-2019-2020.pdf,2026-06-12T11:27:53.651246
245,County Executive of Kisii 2019-2020,2019/20,county_executive,https://www.oagkenya.go.ke/wp-content/uploads/2022/01/County-Executive-of-Kisii-2019-2020.pdf,C:\Users\user\Data_Science_Course\kenya_public_finance_intelligence\kenya_public_finance_intelligence\data\raw\oag\oag_2019-20_county-executive_county-executive-of-kisii-2019-2020.pdf,2026-06-12T11:27:53.651258
246,County Executive of Mombasa 2019-2020,2019/20,county_executive,https://www.oagkenya.go.ke/wp-content/uploads/2022/01/County-Executive-of-Mombasa-2019-2020.pdf#new_tab,C:\Users\user\Data_Science_Course\kenya_public_finance_intelligence\kenya_public_finance_intelligence\data\raw\oag\oag_2019-20_county-executive_county-executive-of-mombasa-2019-2020.pdf,2026-06-12T11:27:53.651468
247,County Executive of Mombasa 2019-2020,2019/20,county_executive,https://www.oagkenya.go.ke/wp-content/uploads/2022/01/County-Executive-of-Mombasa-2019-2020.pdf,C:\Users\user\Data_Science_Course\kenya_public_finance_intelligence\kenya_public_finance_intelligence\data\raw\oag\oag_2019-20_county-executive_county-executive-of-mombasa-2019-2020.pdf,2026-06-12T11:27:53.651481
248,County Executive of Vihiga 2019-2020,2019/20,county_executive,https://www.oagkenya.go.ke/wp-content/uploads/2022/01/County-Executive-of-Vihiga-2019-2020.pdf#new_tab,C:\Users\user\Data_Science_Course\kenya_public_finance_intelligence\kenya_public_finance_intelligence\data\raw\oag\oag_2019-20_county-executive_county-executive-of-vihiga-2019-2020.pdf,2026-06-12T11:27:53.651691
249,County Executive of Vihiga 2019-2020,2019/20,county_executive,https://www.oagkenya.go.ke/wp-content/uploads/2022/01/County-Executive-of-Vihiga-2019-2020.pdf,C:\Users\user\Data_Science_Course\kenya_public_finance_intelligence\kenya_public_finance_intelligence\data\raw\oag\oag_2019-20_county-executive_county-executive-of-vihiga-2019-2020.pdf,2026-06-12T11:27:53.651702
250,County Executive of Taita Taveta 2019-2020,2019/20,county_executive,https://www.oagkenya.go.ke/wp-content/uploads/2022/01/County-Executive-of-Taita-Taveta-2019-2020.pdf#new_tab,C:\Users\user\Data_Science_Course\kenya_public_finance_intelligence\kenya_public_finance_intelligence\data\raw\oag\oag_2019-20_county-executive_county-executive-of-taita-taveta-2019-20.pdf,2026-06-12T11:27:53.651912
251,County Executive of Taita Taveta 2019-2020,2019/20,county_executive,https://www.oagkenya.go.ke/wp-content/uploads/2022/01/County-Executive-of-Taita-Taveta-2019-2020.pdf,C:\Users\user\Data_Science_Course\kenya_public_finance_intelligence\kenya_public_finance_intelligence\data\raw\oag\oag_2019-20_county-executive_county-executive-of-taita-taveta-2019-20.pdf,2026-06-12T11:27:53.651924
252,County Executive of Marsabit 2019-2020,2019/20,county_executive,https://www.oagkenya.go.ke/wp-content/uploads/2022/01/County-Executive-of-Marsabit-2019-2020.pdf#new_tab,C:\Users\user\Data_Science_Course\kenya_public_finance_intelligence\kenya_public_finance_intelligence\data\raw\oag\oag_2019-20_county-executive_county-executive-of-marsabit-2019-2020.pdf,2026-06-12T11:27:53.652144
253,County Executive of Marsabit 2019-2020,2019/20,county_executive,https://www.oagkenya.go.ke/wp-content/uploads/2022/01/County-Executive-of-Marsabit-2019-2020.pdf,C:\Users\user\Data_Science_Course\kenya_public_finance_intelligence\kenya_public_finance_intelligence\data\raw\oag\oag_2019-20_county-executive_county-executive-of-marsabit-2019-2020.pdf,2026-06-12T11:27:53.652156
254,County Executive of Kwale 2019-2020,2019/20,county_executive,https://www.oagkenya.go.ke/wp-content/uploads/2022/01/County-Executive-of-Kwale-2019-2020.pdf#new_tab,C:\Users\user\Data_Science_Course\kenya_public_finance_intelligence\kenya_public_finance_intelligence\data\raw\oag\oag_2019-20_county-executive_county-executive-of-kwale-2019-2020.pdf,2026-06-12T11:27:53.652368
255,County Executive of Kwale 2019-2020,2019/20,county_executive,https://www.oagkenya.go.ke/wp-content/uploads/2022/01/County-Executive-of-Kwale-2019-2020.pdf,C:\Users\user\Data_Science_Course\kenya_public_finance_intelligence\kenya_public_finance_intelligence\data\raw\oag\oag_2019-20_county-executive_county-executive-of-kwale-2019-2020.pdf,2026-06-12T11:27:53.652380
256,County Executive of Uasin Gishu 2019- 2020,2019/20,county_executive,https://www.oagkenya.go.ke/wp-content/uploads/2022/01/County-Executive-of-Uasin-Gishu-2019-2020-.pdf#new_tab,C:\Users\user\Data_Science_Course\kenya_public_finance_intelligence\kenya_public_finance_intelligence\data\raw\oag\oag_2019-20_county-executive_county-executive-of-uasin-gishu-2019--20.pdf,2026-06-12T11:27:53.652588
257,County Executive of Uasin Gishu 2019- 2020,2019/20,county_executive,https://www.oagkenya.go.ke/wp-content/uploads/2022/01/County-Executive-of-Uasin-Gishu-2019-2020-.pdf,C:\Users\user\Data_Science_Course\kenya_public_finance_intelligence\kenya_public_finance_intelligence\data\raw\oag\oag_2019-20_county-executive_county-executive-of-uasin-gishu-2019--20.pdf,2026-06-12T11:27:53.652600
258,County Executive of Kisumu 2019-2020,2019/20,county_executive,https://www.oagkenya.go.ke/wp-content/uploads/2022/01/County-Executive-of-Kisumu-2019-2020.pdf#new_tab,C:\Users\user\Data_Science_Course\kenya_public_finance_intelligence\kenya_public_finance_intelligence\data\raw\oag\oag_2019-20_county-executive_county-executive-of-kisumu-2019-2020.pdf,2026-06-12T11:27:53.652805
259,County Executive of Kisumu 2019-2020,2019/20,county_executive,https://www.oagkenya.go.ke/wp-content/uploads/2022/01/County-Executive-of-Kisumu-2019-2020.pdf,C:\Users\user\Data_Science_Course\kenya_public_finance_intelligence\kenya_public_finance_intelligence\data\raw\oag\oag_2019-20_county-executive_county-executive-of-kisumu-2019-2020.pdf,2026-06-12T11:27:53.652816
260,County Executive of Elgeyo Marakwet 2019-2020,2019/20,county_executive,https://www.oagkenya.go.ke/wp-content/uploads/2022/01/County-Executive-of-Elgeyo-Marakwet-2019-2020.pdf#new_tab,C:\Users\user\Data_Science_Course\kenya_public_finance_intelligence\kenya_public_finance_intelligence\data\raw\oag\oag_2019-20_county-executive_county-executive-of-elgeyo-marakwet-2019.pdf,2026-06-12T11:27:53.653033
261,County Executive of Elgeyo Marakwet 2019-2020,2019/20,county_executive,https://www.oagkenya.go.ke/wp-content/uploads/2022/01/County-Executive-of-Elgeyo-Marakwet-2019-2020.pdf,C:\Users\user\Data_Science_Course\kenya_public_finance_intelligence\kenya_public_finance_intelligence\data\raw\oag\oag_2019-20_county-executive_county-executive-of-elgeyo-marakwet-2019.pdf,2026-06-12T11:27:53.653045
262,County Executive of Bomet 2019-2020,2019/20,county_executive,https://www.oagkenya.go.ke/wp-content/uploads/2022/01/County-Executive-of-Bomet-2019-2020.pdf#new_tab,C:\Users\user\Data_Science_Course\kenya_public_finance_intelligence\kenya_public_finance_intelligence\data\raw\oag\oag_2019-20_county-executive_county-executive-of-bomet-2019-2020.pdf,2026-06-12T11:27:53.653253
263,County Executive of Bomet 2019-2020,2019/20,county_executive,https://www.oagkenya.go.ke/wp-content/uploads/2022/01/County-Executive-of-Bomet-2019-2020.pdf,C:\Users\user\Data_Science_Course\kenya_public_finance_intelligence\kenya_public_finance_intelligence\data\raw\oag\oag_2019-20_county-executive_county-executive-of-bomet-2019-2020.pdf,2026-06-12T11:27:53.653264
264,County Executive of Wajir 2019-2020,2019/20,county_executive,https://www.oagkenya.go.ke/wp-content/uploads/2022/01/County-Executive-of-Wajir-2019-2020.pdf#new_tab,C:\Users\user\Data_Science_Course\kenya_public_finance_intelligence\kenya_public_finance_intelligence\data\raw\oag\oag_2019-20_county-executive_county-executive-of-wajir-2019-2020.pdf,2026-06-12T11:27:53.653470
265,County Executive of Wajir 2019-2020,2019/20,county_executive,https://www.oagkenya.go.ke/wp-content/uploads/2022/01/County-Executive-of-Wajir-2019-2020.pdf,C:\Users\user\Data_Science_Course\kenya_public_finance_intelligence\kenya_public_finance_intelligence\data\raw\oag\oag_2019-20_county-executive_county-executive-of-wajir-2019-2020.pdf,2026-06-12T11:27:53.653481
266,County Executive of Nakuru 2019- 2020,2019/20,county_executive,https://www.oagkenya.go.ke/wp-content/uploads/2022/01/County-Executive-of-Nakuru-2019-2020-.pdf#new_tab,C:\Users\user\Data_Science_Course\kenya_public_finance_intelligence\kenya_public_finance_intelligence\data\raw\oag\oag_2019-20_county-executive_county-executive-of-nakuru-2019--2020.pdf,2026-06-12T11:27:53.653687
267,County Executive of Nakuru 2019- 2020,2019/20,county_executive,https://www.oagkenya.go.ke/wp-content/uploads/2022/01/County-Executive-of-Nakuru-2019-2020-.pdf,C:\Users\user\Data_Science_Course\kenya_public_finance_intelligence\kenya_public_finance_intelligence\data\raw\oag\oag_2019-20_county-executive_county-executive-of-nakuru-2019--2020.pdf,2026-06-12T11:27:53.653699
268,County Executive of Kiambu 2019- 2020,2019/20,county_executive,https://www.oagkenya.go.ke/wp-content/uploads/2022/01/County-Executive-of-Kiambu-2019-2020-.pdf#new_tab,C:\Users\user\Data_Science_Course\kenya_public_finance_intelligence\kenya_public_finance_intelligence\data\raw\oag\oag_2019-20_county-executive_county-executive-of-kiambu-2019--2020.pdf,2026-06-12T11:27:53.653908
269,County Executive of Kiambu 2019- 2020,2019/20,county_executive,https://www.oagkenya.go.ke/wp-content/uploads/2022/01/County-Executive-of-Kiambu-2019-2020-.pdf,C:\Users\user\Data_Science_Course\kenya_public_finance_intelligence\kenya_public_finance_intelligence\data\raw\oag\oag_2019-20_county-executive_county-executive-of-kiambu-2019--2020.pdf,2026-06-12T11:27:53.653920
270,County Executive of Isiolo 2019- 2020,2019/20,county_executive,https://www.oagkenya.go.ke/wp-content/uploads/2022/01/County-Executive-of-Isiolo-2019-2020.pdf#new_tab,C:\Users\user\Data_Science_Course\kenya_public_finance_intelligence\kenya_public_finance_intelligence\data\raw\oag\oag_2019-20_county-executive_county-executive-of-isiolo-2019--2020.pdf,2026-06-12T11:27:53.654135
271,County Executive of Isiolo 2019- 2020,2019/20,county_executive,https://www.oagkenya.go.ke/wp-content/uploads/2022/01/County-Executive-of-Isiolo-2019-2020.pdf,C:\Users\user\Data_Science_Course\kenya_public_finance_intelligence\kenya_public_finance_intelligence\data\raw\oag\oag_2019-20_county-executive_county-executive-of-isiolo-2019--2020.pdf,2026-06-12T11:27:53.654147
272,County Executive of Nandi 2019- 2020,2019/20,county_executive,https://www.oagkenya.go.ke/wp-content/uploads/2022/01/County-Executive-of-Nandi-2019-2020-.pdf#new_tab,C:\Users\user\Data_Science_Course\kenya_public_finance_intelligence\kenya_public_finance_intelligence\data\raw\oag\oag_2019-20_county-executive_county-executive-of-nandi-2019--2020.pdf,2026-06-12T11:27:53.654357
273,County Executive of Nandi 2019- 2020,2019/20,county_executive,https://www.oagkenya.go.ke/wp-content/uploads/2022/01/County-Executive-of-Nandi-2019-2020-.pdf,C:\Users\user\Data_Science_Course\kenya_public_finance_intelligence\kenya_public_finance_intelligence\data\raw\oag\oag_2019-20_county-executive_county-executive-of-nandi-2019--2020.pdf,2026-06-12T11:27:53.654369
274,County Executive of Garissa 2019- 2020,2019/20,county_executive,https://www.oagkenya.go.ke/wp-content/uploads/2022/01/County-Executive-of-Garissa-2019-2020-1.pdf#new_tab,C:\Users\user\Data_Science_Course\kenya_public_finance_intelligence\kenya_public_finance_intelligence\data\raw\oag\oag_2019-20_county-executive_county-executive-of-garissa-2019--2020.pdf,2026-06-12T11:27:53.654579
275,County Executive of Garissa 2019- 2020,2019/20,county_executive,https://www.oagkenya.go.ke/wp-content/uploads/2022/01/County-Executive-of-Garissa-2019-2020-1.pdf,C:\Users\user\Data_Science_Course\kenya_public_finance_intelligence\kenya_public_finance_intelligence\data\raw\oag\oag_2019-20_county-executive_county-executive-of-garissa-2019--2020.pdf,2026-06-12T11:27:53.654591
276,County Executive of Machakos 2019 – 2020,2019/20,county_executive,https://www.oagkenya.go.ke/wp-content/uploads/2022/01/County-Executive-of-Machakos-2019-2020.pdf#new_tab,C:\Users\user\Data_Science_Course\kenya_public_finance_intelligence\kenya_public_finance_intelligence\data\raw\oag\oag_2019-20_county-executive_county-executive-of-machakos-2019-2020.pdf,2026-06-12T11:27:53.654803
277,County Executive of Machakos 2019 – 2020,2019/20,county_executive,https://www.oagkenya.go.ke/wp-content/uploads/2022/01/County-Executive-of-Machakos-2019-2020.pdf,C:\Users\user\Data_Science_Course\kenya_public_finance_intelligence\kenya_public_finance_intelligence\data\raw\oag\oag_2019-20_county-executive_county-executive-of-machakos-2019-2020.pdf,2026-06-12T11:27:53.654818
278,County Executive of Narok 2019- 2020,2019/20,county_executive,https://www.oagkenya.go.ke/wp-content/uploads/2022/01/County-Executive-of-Narok-2019-2020.pdf#new_tab,C:\Users\user\Data_Science_Course\kenya_public_finance_intelligence\kenya_public_finance_intelligence\data\raw\oag\oag_2019-20_county-executive_county-executive-of-narok-2019--2020.pdf,2026-06-12T11:27:53.655033
279,County Executive of Narok 2019- 2020,2019/20,county_executive,https://www.oagkenya.go.ke/wp-content/uploads/2022/01/County-Executive-of-Narok-2019-2020.pdf,C:\Users\user\Data_Science_Course\kenya_public_finance_intelligence\kenya_public_finance_intelligence\data\raw\oag\oag_2019-20_county-executive_county-executive-of-narok-2019--2020.pdf,2026-06-12T11:27:53.655045
280,County Executive of Makueni 2019-2020,2019/20,county_executive,https://www.oagkenya.go.ke/wp-content/uploads/2022/01/County-Executive-of-Makueni-2019-2020-.pdf#new_tab,C:\Users\user\Data_Science_Course\kenya_public_finance_intelligence\kenya_public_finance_intelligence\data\raw\oag\oag_2019-20_county-executive_county-executive-of-makueni-2019-2020.pdf,2026-06-12T11:27:53.655253
281,County Executive of Makueni 2019-2020,2019/20,county_executive,https://www.oagkenya.go.ke/wp-content/uploads/2022/01/County-Executive-of-Makueni-2019-2020-.pdf,C:\Users\user\Data_Science_Course\kenya_public_finance_intelligence\kenya_public_finance_intelligence\data\raw\oag\oag_2019-20_county-executive_county-executive-of-makueni-2019-2020.pdf,2026-06-12T11:27:53.655265
282,County Executive of Trans Nzoia 2019- 2020,2019/20,county_executive,https://www.oagkenya.go.ke/wp-content/uploads/2022/01/County-Executive-of-Trans-Nzoia-2019-2020.pdf#new_tab,C:\Users\user\Data_Science_Course\kenya_public_finance_intelligence\kenya_public_finance_intelligence\data\raw\oag\oag_2019-20_county-executive_county-executive-of-trans-nzoia-2019--20.pdf,2026-06-12T11:27:53.655472
283,County Executive of Trans Nzoia 2019- 2020,2019/20,county_executive,https://www.oagkenya.go.ke/wp-content/uploads/2022/01/County-Executive-of-Trans-Nzoia-2019-2020.pdf,C:\Users\user\Data_Science_Course\kenya_public_finance_intelligence\kenya_public_finance_intelligence\data\raw\oag\oag_2019-20_county-executive_county-executive-of-trans-nzoia-2019--20.pdf,2026-06-12T11:27:53.655484
284,County Executive of Migori 2019 – 2020,2019/20,county_executive,https://www.oagkenya.go.ke/wp-content/uploads/2022/01/County-Executive-of-Migori-2019-2020.pdf#new_tab,C:\Users\user\Data_Science_Course\kenya_public_finance_intelligence\kenya_public_finance_intelligence\data\raw\oag\oag_2019-20_county-executive_county-executive-of-migori-2019-2020.pdf,2026-06-12T11:27:53.655696
285,County Executive of Migori 2019 – 2020,2019/20,county_executive,https://www.oagkenya.go.ke/wp-content/uploads/2022/01/County-Executive-of-Migori-2019-2020.pdf,C:\Users\user\Data_Science_Course\kenya_public_finance_intelligence\kenya_public_finance_intelligence\data\raw\oag\oag_2019-20_county-executive_county-executive-of-migori-2019-2020.pdf,2026-06-12T11:27:53.655710
286,County Executive of Kilifi 2019- 2020,2019/20,county_executive,https://www.oagkenya.go.ke/wp-content/uploads/2022/01/County-Executive-of-Kilifi-2019-2020.pdf#new_tab,C:\Users\user\Data_Science_Course\kenya_public_finance_intelligence\kenya_public_finance_intelligence\data\raw\oag\oag_2019-20_county-executive_county-executive-of-kilifi-2019--2020.pdf,2026-06-12T11:27:53.655920
287,County Executive of Kilifi 2019- 2020,2019/20,county_executive,https://www.oagkenya.go.ke/wp-content/uploads/2022/01/County-Executive-of-Kilifi-2019-2020.pdf,C:\Users\user\Data_Science_Course\kenya_public_finance_intelligence\kenya_public_finance_intelligence\data\raw\oag\oag_2019-20_county-executive_county-executive-of-kilifi-2019--2020.pdf,2026-06-12T11:27:53.655932
288,County Executive of Homa Bay 2019- 2020,2019/20,county_executive,https://www.oagkenya.go.ke/wp-content/uploads/2022/01/County-Executive-of-Homa-Bay-2019-2020.pdf#new_tab,C:\Users\user\Data_Science_Course\kenya_public_finance_intelligence\kenya_public_finance_intelligence\data\raw\oag\oag_2019-20_county-executive_county-executive-of-homa-bay-2019--2020.pdf,2026-06-12T11:27:53.656150
289,County Executive of Homa Bay 2019- 2020,2019/20,county_executive,https://www.oagkenya.go.ke/wp-content/uploads/2022/01/County-Executive-of-Homa-Bay-2019-2020.pdf,C:\Users\user\Data_Science_Course\kenya_public_finance_intelligence\kenya_public_finance_intelligence\data\raw\oag\oag_2019-20_county-executive_county-executive-of-homa-bay-2019--2020.pdf,2026-06-12T11:27:53.656162
290,County Executive of Laikipia 2019- 2020,2019/20,county_executive,https://www.oagkenya.go.ke/wp-content/uploads/2022/01/County-Executive-of-Laikipia-2019-2020.pdf#new_tab,C:\Users\user\Data_Science_Course\kenya_public_finance_intelligence\kenya_public_finance_intelligence\data\raw\oag\oag_2019-20_county-executive_county-executive-of-laikipia-2019--2020.pdf,2026-06-12T11:27:53.656373
291,County Executive of Laikipia 2019- 2020,2019/20,county_executive,https://www.oagkenya.go.ke/wp-content/uploads/2022/01/County-Executive-of-Laikipia-2019-2020.pdf,C:\Users\user\Data_Science_Course\kenya_public_finance_intelligence\kenya_public_finance_intelligence\data\raw\oag\oag_2019-20_county-executive_county-executive-of-laikipia-2019--2020.pdf,2026-06-12T11:27:53.656384
292,County Executive of Embu 2019- 2020,2019/20,county_executive,https://www.oagkenya.go.ke/wp-content/uploads/2022/01/County-Executive-of-Embu-2019-2020.pdf#new_tab,C:\Users\user\Data_Science_Course\kenya_public_finance_intelligence\kenya_public_finance_intelligence\data\raw\oag\oag_2019-20_county-executive_county-executive-of-embu-2019--2020.pdf,2026-06-12T11:27:53.656595
293,County Executive of Embu 2019- 2020,2019/20,county_executive,https://www.oagkenya.go.ke/wp-content/uploads/2022/01/County-Executive-of-Embu-2019-2020.pdf,C:\Users\user\Data_Science_Course\kenya_public_finance_intelligence\kenya_public_finance_intelligence\data\raw\oag\oag_2019-20_county-executive_county-executive-of-embu-2019--2020.pdf,2026-06-12T11:27:53.656607
294,County Executive of Tharaka Nithi 2019-2020,2019/20,county_executive,https://www.oagkenya.go.ke/wp-content/uploads/2022/01/County-Executive-of-Tharaka-Nithi-2019-2020.pdf#new_tab,C:\Users\user\Data_Science_Course\kenya_public_finance_intelligence\kenya_public_finance_intelligence\data\raw\oag\oag_2019-20_county-executive_county-executive-of-tharaka-nithi-2019-2.pdf,2026-06-12T11:27:53.656816
295,County Executive of Tharaka Nithi 2019-2020,2019/20,county_executive,https://www.oagkenya.go.ke/wp-content/uploads/2022/01/County-Executive-of-Tharaka-Nithi-2019-2020.pdf,C:\Users\user\Data_Science_Course\kenya_public_finance_intelligence\kenya_public_finance_intelligence\data\raw\oag\oag_2019-20_county-executive_county-executive-of-tharaka-nithi-2019-2.pdf,2026-06-12T11:27:53.656829
296,County Executive of Kericho 2019 -2020,2019/20,county_executive,https://www.oagkenya.go.ke/wp-content/uploads/2022/01/County-Executive-of-Kericho-2019-2020.pdf#new_tab,C:\Users\user\Data_Science_Course\kenya_public_finance_intelligence\kenya_public_finance_intelligence\data\raw\oag\oag_2019-20_county-executive_county-executive-of-kericho-2019--2020.pdf,2026-06-12T11:27:53.657048
297,County Executive of Kericho 2019 -2020,2019/20,county_executive,https://www.oagkenya.go.ke/wp-content/uploads/2022/01/County-Executive-of-Kericho-2019-2020.pdf,C:\Users\user\Data_Science_Course\kenya_public_finance_intelligence\kenya_public_finance_intelligence\data\raw\oag\oag_2019-20_county-executive_county-executive-of-kericho-2019--2020.pdf,2026-06-12T11:27:53.657060
298,County Executive of Kajiado 2019- 2020,2019/20,county_executive,https://www.oagkenya.go.ke/wp-content/uploads/2022/01/County-Executive-of-Kajiado-2019-2020.pdf#new_tab,C:\Users\user\Data_Science_Course\kenya_public_finance_intelligence\kenya_public_finance_intelligence\data\raw\oag\oag_2019-20_county-executive_county-executive-of-kajiado-2019--2020.pdf,2026-06-12T11:27:53.657270
299,County Executive of Kajiado 2019- 2020,2019/20,county_executive,https://www.oagkenya.go.ke/wp-content/uploads/2022/01/County-Executive-of-Kajiado-2019-2020.pdf,C:\Users\user\Data_Science_Course\kenya_public_finance_intelligence\kenya_public_finance_intelligence\data\raw\oag\oag_2019-20_county-executive_county-executive-of-kajiado-2019--2020.pdf,2026-06-12T11:27:53.657282
300,County Executive of Tana River 2019- 2020,2019/20,county_executive,https://www.oagkenya.go.ke/wp-content/uploads/2022/01/County-Executive-of-Tana-River-2019-2020.pdf#new_tab,C:\Users\user\Data_Science_Course\kenya_public_finance_intelligence\kenya_public_finance_intelligence\data\raw\oag\oag_2019-20_county-executive_county-executive-of-tana-river-2019--202.pdf,2026-06-12T11:27:53.657491
301,County Executive of Tana River 2019- 2020,2019/20,county_executive,https://www.oagkenya.go.ke/wp-content/uploads/2022/01/County-Executive-of-Tana-River-2019-2020.pdf,C:\Users\user\Data_Science_Course\kenya_public_finance_intelligence\kenya_public_finance_intelligence\data\raw\oag\oag_2019-20_county-executive_county-executive-of-tana-river-2019--202.pdf,2026-06-12T11:27:53.657503
302,County Executive of Busia 2019-2020,2019/20,county_executive,https://www.oagkenya.go.ke/wp-content/uploads/2022/01/County-Executive-of-Busia-2019-2020.pdf#new_tab,C:\Users\user\Data_Science_Course\kenya_public_finance_intelligence\kenya_public_finance_intelligence\data\raw\oag\oag_2019-20_county-executive_county-executive-of-busia-2019-2020.pdf,2026-06-12T11:27:53.657713
303,County Executive of Busia 2019-2020,2019/20,county_executive,https://www.oagkenya.go.ke/wp-content/uploads/2022/01/County-Executive-of-Busia-2019-2020.pdf,C:\Users\user\Data_Science_Course\kenya_public_finance_intelligence\kenya_public_finance_intelligence\data\raw\oag\oag_2019-20_county-executive_county-executive-of-busia-2019-2020.pdf,2026-06-12T11:27:53.657725
304,County Executive of Siaya 2019-2020,2019/20,county_executive,https://www.oagkenya.go.ke/wp-content/uploads/2022/01/County-Executive-of-Siaya-2019-2020.pdf#new_tab,C:\Users\user\Data_Science_Course\kenya_public_finance_intelligence\kenya_public_finance_intelligence\data\raw\oag\oag_2019-20_county-executive_county-executive-of-siaya-2019-2020.pdf,2026-06-12T11:27:53.657933
305,County Executive of Siaya 2019-2020,2019/20,county_executive,https://www.oagkenya.go.ke/wp-content/uploads/2022/01/County-Executive-of-Siaya-2019-2020.pdf,C:\Users\user\Data_Science_Course\kenya_public_finance_intelligence\kenya_public_finance_intelligence\data\raw\oag\oag_2019-20_county-executive_county-executive-of-siaya-2019-2020.pdf,2026-06-12T11:27:53.657944
306,County Executive of Nyandarua 2019- 2020,2019/20,county_executive,https://www.oagkenya.go.ke/wp-content/uploads/2022/01/County-Executive-of-Nyandarua-2019-2020-.pdf#new_tab,C:\Users\user\Data_Science_Course\kenya_public_finance_intelligence\kenya_public_finance_intelligence\data\raw\oag\oag_2019-20_county-executive_county-executive-of-nyandarua-2019--2020.pdf,2026-06-12T11:27:53.658161
307,County Executive of Nyandarua 2019- 2020,2019/20,county_executive,https://www.oagkenya.go.ke/wp-content/uploads/2022/01/County-Executive-of-Nyandarua-2019-2020-.pdf,C:\Users\user\Data_Science_Course\kenya_public_finance_intelligence\kenya_public_finance_intelligence\data\raw\oag\oag_2019-20_county-executive_county-executive-of-nyandarua-2019--2020.pdf,2026-06-12T11:27:53.658174
308,County Executive of Lamu 2019 -2020,2019/20,county_executive,https://www.oagkenya.go.ke/wp-content/uploads/2022/01/County-Executive-of-Lamu-2019-2020.pdf#new_tab,C:\Users\user\Data_Science_Course\kenya_public_finance_intelligence\kenya_public_finance_intelligence\data\raw\oag\oag_2019-20_county-executive_county-executive-of-lamu-2019--2020.pdf,2026-06-12T11:27:53.658381
309,County Executive of Lamu 2019 -2020,2019/20,county_executive,https://www.oagkenya.go.ke/wp-content/uploads/2022/01/County-Executive-of-Lamu-2019-2020.pdf,C:\Users\user\Data_Science_Course\kenya_public_finance_intelligence\kenya_public_finance_intelligence\data\raw\oag\oag_2019-20_county-executive_county-executive-of-lamu-2019--2020.pdf,2026-06-12T11:27:53.658393
310,County Executive of Meru 2019- 2020,2019/20,county_executive,https://www.oagkenya.go.ke/wp-content/uploads/2022/01/County-Executive-of-Meru-2019-2020.pdf#new_tab,C:\Users\user\Data_Science_Course\kenya_public_finance_intelligence\kenya_public_finance_intelligence\data\raw\oag\oag_2019-20_county-executive_county-executive-of-meru-2019--2020.pdf,2026-06-12T11:27:53.658601
311,County Executive of Meru 2019- 2020,2019/20,county_executive,https://www.oagkenya.go.ke/wp-content/uploads/2022/01/County-Executive-of-Meru-2019-2020.pdf,C:\Users\user\Data_Science_Course\kenya_public_finance_intelligence\kenya_public_finance_intelligence\data\raw\oag\oag_2019-20_county-executive_county-executive-of-meru-2019--2020.pdf,2026-06-12T11:27:53.658612
312,County Executive of Kakamega 2019- 2020,2019/20,county_executive,https://www.oagkenya.go.ke/wp-content/uploads/2022/01/County-Executive-of-Kakamega-2019-2020.pdf#new_tab,C:\Users\user\Data_Science_Course\kenya_public_finance_intelligence\kenya_public_finance_intelligence\data\raw\oag\oag_2019-20_county-executive_county-executive-of-kakamega-2019--2020.pdf,2026-06-12T11:27:53.658820
313,County Executive of Kakamega 2019- 2020,2019/20,county_executive,https://www.oagkenya.go.ke/wp-content/uploads/2022/01/County-Executive-of-Kakamega-2019-2020.pdf,C:\Users\user\Data_Science_Course\kenya_public_finance_intelligence\kenya_public_finance_intelligence\data\raw\oag\oag_2019-20_county-executive_county-executive-of-kakamega-2019--2020.pdf,2026-06-12T11:27:53.658832
314,County Executive of Kirinyaga 2019- 2020,2019/20,county_executive,https://www.oagkenya.go.ke/wp-content/uploads/2022/01/County-Executive-of-Kirinyaga-2019-2020.pdf#new_tab,C:\Users\user\Data_Science_Course\kenya_public_finance_intelligence\kenya_public_finance_intelligence\data\raw\oag\oag_2019-20_county-executive_county-executive-of-kirinyaga-2019--2020.pdf,2026-06-12T11:27:53.659044
315,County Executive of Kirinyaga 2019- 2020,2019/20,county_executive,https://www.oagkenya.go.ke/wp-content/uploads/2022/01/County-Executive-of-Kirinyaga-2019-2020.pdf,C:\Users\user\Data_Science_Course\kenya_public_finance_intelligence\kenya_public_finance_intelligence\data\raw\oag\oag_2019-20_county-executive_county-executive-of-kirinyaga-2019--2020.pdf,2026-06-12T11:27:53.659056
316,County Executive of Bungoma 2019 -2020,2019/20,county_executive,https://www.oagkenya.go.ke/wp-content/uploads/2022/01/County-Executive-of-Bungoma-2019-2020.pdf#new_tab,C:\Users\user\Data_Science_Course\kenya_public_finance_intelligence\kenya_public_finance_intelligence\data\raw\oag\oag_2019-20_county-executive_county-executive-of-bungoma-2019--2020.pdf,2026-06-12T11:27:53.659263
317,County Executive of Bungoma 2019 -2020,2019/20,county_executive,https://www.oagkenya.go.ke/wp-content/uploads/2022/01/County-Executive-of-Bungoma-2019-2020.pdf,C:\Users\user\Data_Science_Course\kenya_public_finance_intelligence\kenya_public_finance_intelligence\data\raw\oag\oag_2019-20_county-executive_county-executive-of-bungoma-2019--2020.pdf,2026-06-12T11:27:53.659275
318,County Executive of Nyamira 2019-2020,2019/20,county_executive,https://www.oagkenya.go.ke/wp-content/uploads/2022/01/County-Executive-of-Nyamira-2019-2020.pdf#new_tab,C:\Users\user\Data_Science_Course\kenya_public_finance_intelligence\kenya_public_finance_intelligence\data\raw\oag\oag_2019-20_county-executive_county-executive-of-nyamira-2019-2020.pdf,2026-06-12T11:27:53.659483
319,County Executive of Nyamira 2019-2020,2019/20,county_executive,https://www.oagkenya.go.ke/wp-content/uploads/2022/01/County-Executive-of-Nyamira-2019-2020.pdf,C:\Users\user\Data_Science_Course\kenya_public_finance_intelligence\kenya_public_finance_intelligence\data\raw\oag\oag_2019-20_county-executive_county-executive-of-nyamira-2019-2020.pdf,2026-06-12T11:27:53.659495
320,County Executive of Murang’a 2019-2020,2019/20,county_executive,https://www.oagkenya.go.ke/wp-content/uploads/2022/01/County-Executive-of-Muranga-2019-2020.pdf#new_tab,C:\Users\user\Data_Science_Course\kenya_public_finance_intelligence\kenya_public_finance_intelligence\data\raw\oag\oag_2019-20_county-executive_county-executive-of-muranga-2019-2020.pdf,2026-06-12T11:27:53.659708
321,County Executive of Murang’a 2019-2020,2019/20,county_executive,https://www.oagkenya.go.ke/wp-content/uploads/2022/01/County-Executive-of-Muranga-2019-2020.pdf,C:\Users\user\Data_Science_Course\kenya_public_finance_intelligence\kenya_public_finance_intelligence\data\raw\oag\oag_2019-20_county-executive_county-executive-of-muranga-2019-2020.pdf,2026-06-12T11:27:53.659722
322,County Executive of Samburu 2019-2020,2019/20,county_executive,https://www.oagkenya.go.ke/wp-content/uploads/2022/01/County-Executive-of-Samburu-2019-2020.pdf#new_tab,C:\Users\user\Data_Science_Course\kenya_public_finance_intelligence\kenya_public_finance_intelligence\data\raw\oag\oag_2019-20_county-executive_county-executive-of-samburu-2019-2020.pdf,2026-06-12T11:27:53.659932
323,County Executive of Samburu 2019-2020,2019/20,county_executive,https://www.oagkenya.go.ke/wp-content/uploads/2022/01/County-Executive-of-Samburu-2019-2020.pdf,C:\Users\user\Data_Science_Course\kenya_public_finance_intelligence\kenya_public_finance_intelligence\data\raw\oag\oag_2019-20_county-executive_county-executive-of-samburu-2019-2020.pdf,2026-06-12T11:27:53.659945
324,County Executive Nairobi  City 2019 -2020,2019/20,county_executive,https://www.oagkenya.go.ke/wp-content/uploads/2022/01/County-Executive-Nairobi-City-2019-2020.pdf#new_tab,C:\Users\user\Data_Science_Course\kenya_public_finance_intelligence\kenya_public_finance_intelligence\data\raw\oag\oag_2019-20_county-executive_county-executive-nairobi-city-2019--2020.pdf,2026-06-12T11:27:53.660161
325,County Executive Nairobi  City 2019 -2020,2019/20,county_executive,https://www.oagkenya.go.ke/wp-content/uploads/2022/01/County-Executive-Nairobi-City-2019-2020.pdf,C:\Users\user\Data_Science_Course\kenya_public_finance_intelligence\kenya_public_finance_intelligence\data\raw\oag\oag_2019-20_county-executive_county-executive-nairobi-city-2019--2020.pdf,2026-06-12T11:27:53.660174
326,County Executive of Mandera 2019 – 2020,2019/20,county_executive,https://www.oagkenya.go.ke/wp-content/uploads/2022/01/County-Executive-of-Mandera-2019-2020.pdf#new_tab,C:\Users\user\Data_Science_Course\kenya_public_finance_intelligence\kenya_public_finance_intelligence\data\raw\oag\oag_2019-20_county-executive_county-executive-of-mandera-2019-2020.pdf,2026-06-12T11:27:53.660385
327,County Executive of Mandera 2019 – 2020,2019/20,county_executive,https://www.oagkenya.go.ke/wp-content/uploads/2022/01/County-Executive-of-Mandera-2019-2020.pdf,C:\Users\user\Data_Science_Course\kenya_public_finance_intelligence\kenya_public_finance_intelligence\data\raw\oag\oag_2019-20_county-executive_county-executive-of-mandera-2019-2020.pdf,2026-06-12T11:27:53.660400
328,County Executive of Turkana 2019-2020,2019/20,county_executive,https://www.oagkenya.go.ke/wp-content/uploads/2022/01/County-Executive-of-Turkana-2019-2020.pdf#new_tab,C:\Users\user\Data_Science_Course\kenya_public_finance_intelligence\kenya_public_finance_intelligence\data\raw\oag\oag_2019-20_county-executive_county-executive-of-turkana-2019-2020.pdf,2026-06-12T11:27:53.660609
329,County Executive of Turkana 2019-2020,2019/20,county_executive,https://www.oagkenya.go.ke/wp-content/uploads/2022/01/County-Executive-of-Turkana-2019-2020.pdf,C:\Users\user\Data_Science_Course\kenya_public_finance_intelligence\kenya_public_finance_intelligence\data\raw\oag\oag_2019-20_county-executive_county-executive-of-turkana-2019-2020.pdf,2026-06-12T11:27:53.660621
330,County Executive of Baringo 2019-2020,2019/20,county_executive,https://www.oagkenya.go.ke/wp-content/uploads/2022/01/County-Executive-of-Baringo-2019-2020.pdf#new_tab,C:\Users\user\Data_Science_Course\kenya_public_finance_intelligence\kenya_public_finance_intelligence\data\raw\oag\oag_2019-20_county-executive_county-executive-of-baringo-2019-2020.pdf,2026-06-12T11:27:53.660827
331,County Executive of Baringo 2019-2020,2019/20,county_executive,https://www.oagkenya.go.ke/wp-content/uploads/2022/01/County-Executive-of-Baringo-2019-2020.pdf,C:\Users\user\Data_Science_Course\kenya_public_finance_intelligence\kenya_public_finance_intelligence\data\raw\oag\oag_2019-20_county-executive_county-executive-of-baringo-2019-2020.pdf,2026-06-12T11:27:53.660839
332,County Executive of Nyeri 2019- 2020,2019/20,county_executive,https://www.oagkenya.go.ke/wp-content/uploads/2022/01/County-Executive-of-Nyeri-2019-2020.pdf#new_tab,C:\Users\user\Data_Science_Course\kenya_public_finance_intelligence\kenya_public_finance_intelligence\data\raw\oag\oag_2019-20_county-executive_county-executive-of-nyeri-2019--2020.pdf,2026-06-12T11:27:53.661056
333,County Executive of Nyeri 2019- 2020,2019/20,county_executive,https://www.oagkenya.go.ke/wp-content/uploads/2022/01/County-Executive-of-Nyeri-2019-2020.pdf,C:\Users\user\Data_Science_Course\kenya_public_finance_intelligence\kenya_public_finance_intelligence\data\raw\oag\oag_2019-20_county-executive_county-executive-of-nyeri-2019--2020.pdf,2026-06-12T11:27:53.661068
334,County Assembly of Trans Nzoia  2019-2020,2019/20,county_assembly,https://www.oagkenya.go.ke/wp-content/uploads/2022/01/County-Assembly-of-Trans-Nzoia-2019-2020.pdf#new_tab,C:\Users\user\Data_Science_Course\kenya_public_finance_intelligence\kenya_public_finance_intelligence\data\raw\oag\oag_2019-20_county-assembly_county-assembly-of-trans-nzoia-2019-2020.pdf,2026-06-12T11:27:53.661281
335,County Assembly of Trans Nzoia  2019-2020,2019/20,county_assembly,https://www.oagkenya.go.ke/wp-content/uploads/2022/01/County-Assembly-of-Trans-Nzoia-2019-2020.pdf,C:\Users\user\Data_Science_Course\kenya_public_finance_intelligence\kenya_public_finance_intelligence\data\raw\oag\oag_2019-20_county-assembly_county-assembly-of-trans-nzoia-2019-2020.pdf,2026-06-12T11:27:53.661293
336,County Assembly of Nyamira 2019-2020,2019/20,county_assembly,https://www.oagkenya.go.ke/wp-content/uploads/2022/01/County-Assembly-of-Nyamira-2019-2020.pdf#new_tab,C:\Users\user\Data_Science_Course\kenya_public_finance_intelligence\kenya_public_finance_intelligence\data\raw\oag\oag_2019-20_county-assembly_county-assembly-of-nyamira-2019-2020.pdf,2026-06-12T11:27:53.661503
337,County Assembly of Nyamira 2019-2020,2019/20,county_assembly,https://www.oagkenya.go.ke/wp-content/uploads/2022/01/County-Assembly-of-Nyamira-2019-2020.pdf,C:\Users\user\Data_Science_Course\kenya_public_finance_intelligence\kenya_public_finance_intelligence\data\raw\oag\oag_2019-20_county-assembly_county-assembly-of-nyamira-2019-2020.pdf,2026-06-12T11:27:53.661514
338,County Assembly of Meru 2019-2020,2019/20,county_assembly,https://www.oagkenya.go.ke/wp-content/uploads/2022/01/County-Assembly-of-Meru-2019-2020.pdf#new_tab,C:\Users\user\Data_Science_Course\kenya_public_finance_intelligence\kenya_public_finance_intelligence\data\raw\oag\oag_2019-20_county-assembly_county-assembly-of-meru-2019-2020.pdf,2026-06-12T11:27:53.661723
339,County Assembly of Meru 2019-2020,2019/20,county_assembly,https://www.oagkenya.go.ke/wp-content/uploads/2022/01/County-Assembly-of-Meru-2019-2020.pdf,C:\Users\user\Data_Science_Course\kenya_public_finance_intelligence\kenya_public_finance_intelligence\data\raw\oag\oag_2019-20_county-assembly_county-assembly-of-meru-2019-2020.pdf,2026-06-12T11:27:53.661737
340,County Assembly of Murang’a 2019 -2020,2019/20,county_assembly,https://www.oagkenya.go.ke/wp-content/uploads/2022/01/County-Assembly-of-Muranga-2019-2020.pdf#new_tab,C:\Users\user\Data_Science_Course\kenya_public_finance_intelligence\kenya_public_finance_intelligence\data\raw\oag\oag_2019-20_county-assembly_county-assembly-of-muranga-2019--2020.pdf,2026-06-12T11:27:53.661946
341,County Assembly of Murang’a 2019 -2020,2019/20,county_assembly,https://www.oagkenya.go.ke/wp-content/uploads/2022/01/County-Assembly-of-Muranga-2019-2020.pdf,C:\Users\user\Data_Science_Course\kenya_public_finance_intelligence\kenya_public_finance_intelligence\data\raw\oag\oag_2019-20_county-assembly_county-assembly-of-muranga-2019--2020.pdf,2026-06-12T11:27:53.661965
342,County Assembly of Elgeyo Marakwet 2019-2020,2019/20,county_assembly,https://www.oagkenya.go.ke/wp-content/uploads/2022/01/County-Assembly-of-Elgeyo-Marakwet-2019-2020.pdf#new_tab,C:\Users\user\Data_Science_Course\kenya_public_finance_intelligence\kenya_public_finance_intelligence\data\raw\oag\oag_2019-20_county-assembly_county-assembly-of-elgeyo-marakwet-2019-.pdf,2026-06-12T11:27:53.662176
343,County Assembly of Elgeyo Marakwet 2019-2020,2019/20,county_assembly,https://www.oagkenya.go.ke/wp-content/uploads/2022/01/County-Assembly-of-Elgeyo-Marakwet-2019-2020.pdf,C:\Users\user\Data_Science_Course\kenya_public_finance_intelligence\kenya_public_finance_intelligence\data\raw\oag\oag_2019-20_county-assembly_county-assembly-of-elgeyo-marakwet-2019-.pdf,2026-06-12T11:27:53.662187
344,County Assembly of Lamu 2019-2020,2019/20,county_assembly,https://www.oagkenya.go.ke/wp-content/uploads/2022/01/County-Assembly-of-Lamu-2019-2020.pdf#new_tab,C:\Users\user\Data_Science_Course\kenya_public_finance_intelligence\kenya_public_finance_intelligence\data\raw\oag\oag_2019-20_county-assembly_county-assembly-of-lamu-2019-2020.pdf,2026-06-12T11:27:53.662396
345,County Assembly of Lamu 2019-2020,2019/20,county_assembly,https://www.oagkenya.go.ke/wp-content/uploads/2022/01/County-Assembly-of-Lamu-2019-2020.pdf,C:\Users\user\Data_Science_Course\kenya_public_finance_intelligence\kenya_public_finance_intelligence\data\raw\oag\oag_2019-20_county-assembly_county-assembly-of-lamu-2019-2020.pdf,2026-06-12T11:27:53.662407
346,County Assembly of Machakos 2019- 2020,2019/20,county_assembly,https://www.oagkenya.go.ke/wp-content/uploads/2022/01/County-Assembly-of-Machakos-2019-2020.pdf#new_tab,C:\Users\user\Data_Science_Course\kenya_public_finance_intelligence\kenya_public_finance_intelligence\data\raw\oag\oag_2019-20_county-assembly_county-assembly-of-machakos-2019--2020.pdf,2026-06-12T11:27:53.662612
347,County Assembly of Machakos 2019- 2020,2019/20,county_assembly,https://www.oagkenya.go.ke/wp-content/uploads/2022/01/County-Assembly-of-Machakos-2019-2020.pdf,C:\Users\user\Data_Science_Course\kenya_public_finance_intelligence\kenya_public_finance_intelligence\data\raw\oag\oag_2019-20_county-assembly_county-assembly-of-machakos-2019--2020.pdf,2026-06-12T11:27:53.662623
348,County Assembly of Taita Taveta 2019-2020,2019/20,county_assembly,https://www.oagkenya.go.ke/wp-content/uploads/2022/01/County-Assembly-of-Taita-Taveta-2019-2020.pdf#new_tab,C:\Users\user\Data_Science_Course\kenya_public_finance_intelligence\kenya_public_finance_intelligence\data\raw\oag\oag_2019-20_county-assembly_county-assembly-of-taita-taveta-2019-202.pdf,2026-06-12T11:27:53.662829
349,County Assembly of Taita Taveta 2019-2020,2019/20,county_assembly,https://www.oagkenya.go.ke/wp-content/uploads/2022/01/County-Assembly-of-Taita-Taveta-2019-2020.pdf,C:\Users\user\Data_Science_Course\kenya_public_finance_intelligence\kenya_public_finance_intelligence\data\raw\oag\oag_2019-20_county-assembly_county-assembly-of-taita-taveta-2019-202.pdf,2026-06-12T11:27:53.662840
350,County Assembly of Isiolo 2019- 2020,2019/20,county_assembly,https://www.oagkenya.go.ke/wp-content/uploads/2022/01/County-Assembly-of-Isiolo-2019-2020-.pdf#new_tab,C:\Users\user\Data_Science_Course\kenya_public_finance_intelligence\kenya_public_finance_intelligence\data\raw\oag\oag_2019-20_county-assembly_county-assembly-of-isiolo-2019--2020.pdf,2026-06-12T11:27:53.663477
351,County Assembly of Isiolo 2019- 2020,2019/20,county_assembly,https://www.oagkenya.go.ke/wp-content/uploads/2022/01/County-Assembly-of-Isiolo-2019-2020-.pdf,C:\Users\user\Data_Science_Course\kenya_public_finance_intelligence\kenya_public_finance_intelligence\data\raw\oag\oag_2019-20_county-assembly_county-assembly-of-isiolo-2019--2020.pdf,2026-06-12T11:27:53.663501
352,County Assembly of Kakamega 2019-2020,2019/20,county_assembly,https://www.oagkenya.go.ke/wp-content/uploads/2022/01/County-Assembly-of-Kakamega-2019-2020.pdf#new_tab,C:\Users\user\Data_Science_Course\kenya_public_finance_intelligence\kenya_public_finance_intelligence\data\raw\oag\oag_2019-20_county-assembly_county-assembly-of-kakamega-2019-2020.pdf,2026-06-12T11:27:53.663805
353,County Assembly of Kakamega 2019-2020,2019/20,county_assembly,https://www.oagkenya.go.ke/wp-content/uploads/2022/01/County-Assembly-of-Kakamega-2019-2020.pdf,C:\Users\user\Data_Science_Course\kenya_public_finance_intelligence\kenya_public_finance_intelligence\data\raw\oag\oag_2019-20_county-assembly_county-assembly-of-kakamega-2019-2020.pdf,2026-06-12T11:27:53.663820
354,County Assembly of Baringo 2019-2020,2019/20,county_assembly,https://www.oagkenya.go.ke/wp-content/uploads/2022/01/County-Assembly-of-Baringo-2019-2020.pdf#new_tab,C:\Users\user\Data_Science_Course\kenya_public_finance_intelligence\kenya_public_finance_intelligence\data\raw\oag\oag_2019-20_county-assembly_county-assembly-of-baringo-2019-2020.pdf,2026-06-12T11:27:53.664130
355,County Assembly of Baringo 2019-2020,2019/20,county_assembly,https://www.oagkenya.go.ke/wp-content/uploads/2022/01/County-Assembly-of-Baringo-2019-2020.pdf,C:\Users\user\Data_Science_Course\kenya_public_finance_intelligence\kenya_public_finance_intelligence\data\raw\oag\oag_2019-20_county-assembly_county-assembly-of-baringo-2019-2020.pdf,2026-06-12T11:27:53.664144
356,County Assembly of West Pokot 2019- 2020,2019/20,county_assembly,https://www.oagkenya.go.ke/wp-content/uploads/2022/01/County-Assembly-of-West-Pokot-2019-2020.pdf#new_tab,C:\Users\user\Data_Science_Course\kenya_public_finance_intelligence\kenya_public_finance_intelligence\data\raw\oag\oag_2019-20_county-assembly_county-assembly-of-west-pokot-2019--2020.pdf,2026-06-12T11:27:53.664365
357,County Assembly of West Pokot 2019- 2020,2019/20,county_assembly,https://www.oagkenya.go.ke/wp-content/uploads/2022/01/County-Assembly-of-West-Pokot-2019-2020.pdf,C:\Users\user\Data_Science_Course\kenya_public_finance_intelligence\kenya_public_finance_intelligence\data\raw\oag\oag_2019-20_county-assembly_county-assembly-of-west-pokot-2019--2020.pdf,2026-06-12T11:27:53.664377
358,County Assembly of Tharaka Nithi 2019-2020,2019/20,county_assembly,https://www.oagkenya.go.ke/wp-content/uploads/2022/01/County-Assembly-of-Tharaka-Nithi-2019-2020.pdf#new_tab,C:\Users\user\Data_Science_Course\kenya_public_finance_intelligence\kenya_public_finance_intelligence\data\raw\oag\oag_2019-20_county-assembly_county-assembly-of-tharaka-nithi-2019-20.pdf,2026-06-12T11:27:53.664596
359,County Assembly of Tharaka Nithi 2019-2020,2019/20,county_assembly,https://www.oagkenya.go.ke/wp-content/uploads/2022/01/County-Assembly-of-Tharaka-Nithi-2019-2020.pdf,C:\Users\user\Data_Science_Course\kenya_public_finance_intelligence\kenya_public_finance_intelligence\data\raw\oag\oag_2019-20_county-assembly_county-assembly-of-tharaka-nithi-2019-20.pdf,2026-06-12T11:27:53.664610
360,County Assembly of Nandi 2019- 2020,2019/20,county_assembly,https://www.oagkenya.go.ke/wp-content/uploads/2022/01/County-Assembly-of-Nandi-2019-2020-.pdf#new_tab,C:\Users\user\Data_Science_Course\kenya_public_finance_intelligence\kenya_public_finance_intelligence\data\raw\oag\oag_2019-20_county-assembly_county-assembly-of-nandi-2019--2020.pdf,2026-06-12T11:27:53.664825
361,County Assembly of Nandi 2019- 2020,2019/20,county_assembly,https://www.oagkenya.go.ke/wp-content/uploads/2022/01/County-Assembly-of-Nandi-2019-2020-.pdf,C:\Users\user\Data_Science_Course\kenya_public_finance_intelligence\kenya_public_finance_intelligence\data\raw\oag\oag_2019-20_county-assembly_county-assembly-of-nandi-2019--2020.pdf,2026-06-12T11:27:53.664837
362,County Assembly of Uasin Gishu 2019-2020,2019/20,county_assembly,https://www.oagkenya.go.ke/wp-content/uploads/2022/01/County-Assembly-of-Uasin-Gishu-2019-2020-.pdf#new_tab,C:\Users\user\Data_Science_Course\kenya_public_finance_intelligence\kenya_public_finance_intelligence\data\raw\oag\oag_2019-20_county-assembly_county-assembly-of-uasin-gishu-2019-2020.pdf,2026-06-12T11:27:53.665355
363,County Assembly of Uasin Gishu 2019-2020,2019/20,county_assembly,https://www.oagkenya.go.ke/wp-content/uploads/2022/01/County-Assembly-of-Uasin-Gishu-2019-2020-.pdf,C:\Users\user\Data_Science_Course\kenya_public_finance_intelligence\kenya_public_finance_intelligence\data\raw\oag\oag_2019-20_county-assembly_county-assembly-of-uasin-gishu-2019-2020.pdf,2026-06-12T11:27:53.665374
364,County Assembly of Nyandarua 2019- 2020,2019/20,county_assembly,https://www.oagkenya.go.ke/wp-content/uploads/2022/01/County-Assembly-of-Nyandarua-2019-2020.pdf#new_tab,C:\Users\user\Data_Science_Course\kenya_public_finance_intelligence\kenya_public_finance_intelligence\data\raw\oag\oag_2019-20_county-assembly_county-assembly-of-nyandarua-2019--2020.pdf,2026-06-12T11:27:53.665624
365,County Assembly of Nyandarua 2019- 2020,2019/20,county_assembly,https://www.oagkenya.go.ke/wp-content/uploads/2022/01/County-Assembly-of-Nyandarua-2019-2020.pdf,C:\Users\user\Data_Science_Course\kenya_public_finance_intelligence\kenya_public_finance_intelligence\data\raw\oag\oag_2019-20_county-assembly_county-assembly-of-nyandarua-2019--2020.pdf,2026-06-12T11:27:53.665636
366,County Assembly of Kwale  2019-2020,2019/20,county_assembly,https://www.oagkenya.go.ke/wp-content/uploads/2022/01/County-Assembly-of-Kwale-2019-2020-.pdf#new_tab,C:\Users\user\Data_Science_Course\kenya_public_finance_intelligence\kenya_public_finance_intelligence\data\raw\oag\oag_2019-20_county-assembly_county-assembly-of-kwale-2019-2020.pdf,2026-06-12T11:27:53.665861
367,County Assembly of Kwale  2019-2020,2019/20,county_assembly,https://www.oagkenya.go.ke/wp-content/uploads/2022/01/County-Assembly-of-Kwale-2019-2020-.pdf,C:\Users\user\Data_Science_Course\kenya_public_finance_intelligence\kenya_public_finance_intelligence\data\raw\oag\oag_2019-20_county-assembly_county-assembly-of-kwale-2019-2020.pdf,2026-06-12T11:27:53.665873
368,County Assembly of Bomet 2019-2020,2019/20,county_assembly,https://www.oagkenya.go.ke/wp-content/uploads/2022/01/County-Assembly-of-Bomet-2019-2020.pdf#new_tab,C:\Users\user\Data_Science_Course\kenya_public_finance_intelligence\kenya_public_finance_intelligence\data\raw\oag\oag_2019-20_county-assembly_county-assembly-of-bomet-2019-2020.pdf,2026-06-12T11:27:53.666106
369,County Assembly of Bomet 2019-2020,2019/20,county_assembly,https://www.oagkenya.go.ke/wp-content/uploads/2022/01/County-Assembly-of-Bomet-2019-2020.pdf,C:\Users\user\Data_Science_Course\kenya_public_finance_intelligence\kenya_public_finance_intelligence\data\raw\oag\oag_2019-20_county-assembly_county-assembly-of-bomet-2019-2020.pdf,2026-06-12T11:27:53.666118
370,County Assembly of Homa Bay 2019- 2020,2019/20,county_assembly,https://www.oagkenya.go.ke/wp-content/uploads/2022/01/County-Assembly-of-Homa-Bay-2019-2020.pdf#new_tab,C:\Users\user\Data_Science_Course\kenya_public_finance_intelligence\kenya_public_finance_intelligence\data\raw\oag\oag_2019-20_county-assembly_county-assembly-of-homa-bay-2019--2020.pdf,2026-06-12T11:27:53.666333
371,County Assembly of Homa Bay 2019- 2020,2019/20,county_assembly,https://www.oagkenya.go.ke/wp-content/uploads/2022/01/County-Assembly-of-Homa-Bay-2019-2020.pdf,C:\Users\user\Data_Science_Course\kenya_public_finance_intelligence\kenya_public_finance_intelligence\data\raw\oag\oag_2019-20_county-assembly_county-assembly-of-homa-bay-2019--2020.pdf,2026-06-12T11:27:53.666345
372,County Assembly of Narok 2019-2020,2019/20,county_assembly,https://www.oagkenya.go.ke/wp-content/uploads/2022/01/County-Assembly-of-Narok-2019-2020.pdf#new_tab,C:\Users\user\Data_Science_Course\kenya_public_finance_intelligence\kenya_public_finance_intelligence\data\raw\oag\oag_2019-20_county-assembly_county-assembly-of-narok-2019-2020.pdf,2026-06-12T11:27:53.666557
373,County Assembly of Narok 2019-2020,2019/20,county_assembly,https://www.oagkenya.go.ke/wp-content/uploads/2022/01/County-Assembly-of-Narok-2019-2020.pdf,C:\Users\user\Data_Science_Course\kenya_public_finance_intelligence\kenya_public_finance_intelligence\data\raw\oag\oag_2019-20_county-assembly_county-assembly-of-narok-2019-2020.pdf,2026-06-12T11:27:53.666568
374,County Assembly of Kirinyaga 2019-2020,2019/20,county_assembly,https://www.oagkenya.go.ke/wp-content/uploads/2022/01/County-Assembly-of-Kirinyaga-2019-2020-.pdf#new_tab,C:\Users\user\Data_Science_Course\kenya_public_finance_intelligence\kenya_public_finance_intelligence\data\raw\oag\oag_2019-20_county-assembly_county-assembly-of-kirinyaga-2019-2020.pdf,2026-06-12T11:27:53.666791
375,County Assembly of Kirinyaga 2019-2020,2019/20,county_assembly,https://www.oagkenya.go.ke/wp-content/uploads/2022/01/County-Assembly-of-Kirinyaga-2019-2020-.pdf,C:\Users\user\Data_Science_Course\kenya_public_finance_intelligence\kenya_public_finance_intelligence\data\raw\oag\oag_2019-20_county-assembly_county-assembly-of-kirinyaga-2019-2020.pdf,2026-06-12T11:27:53.666802
376,County Assembly of Nyeri 2019- 2020,2019/20,county_assembly,https://www.oagkenya.go.ke/wp-content/uploads/2022/01/County-Assembly-of-Nyeri-2019-2020.pdf#new_tab,C:\Users\user\Data_Science_Course\kenya_public_finance_intelligence\kenya_public_finance_intelligence\data\raw\oag\oag_2019-20_county-assembly_county-assembly-of-nyeri-2019--2020.pdf,2026-06-12T11:27:53.667021
377,County Assembly of Nyeri 2019- 2020,2019/20,county_assembly,https://www.oagkenya.go.ke/wp-content/uploads/2022/01/County-Assembly-of-Nyeri-2019-2020.pdf,C:\Users\user\Data_Science_Course\kenya_public_finance_intelligence\kenya_public_finance_intelligence\data\raw\oag\oag_2019-20_county-assembly_county-assembly-of-nyeri-2019--2020.pdf,2026-06-12T11:27:53.667033
378,County Assembly of Migori 2019- 2020,2019/20,county_assembly,https://www.oagkenya.go.ke/wp-content/uploads/2022/01/County-Assembly-of-Migori-2019-2020-.pdf#new_tab,C:\Users\user\Data_Science_Course\kenya_public_finance_intelligence\kenya_public_finance_intelligence\data\raw\oag\oag_2019-20_county-assembly_county-assembly-of-migori-2019--2020.pdf,2026-06-12T11:27:53.667243
379,County Assembly of Migori 2019- 2020,2019/20,county_assembly,https://www.oagkenya.go.ke/wp-content/uploads/2022/01/County-Assembly-of-Migori-2019-2020-.pdf,C:\Users\user\Data_Science_Course\kenya_public_finance_intelligence\kenya_public_finance_intelligence\data\raw\oag\oag_2019-20_county-assembly_county-assembly-of-migori-2019--2020.pdf,2026-06-12T11:27:53.667256
380,County Assembly of Mandera 2019- 2020,2019/20,county_assembly,https://www.oagkenya.go.ke/wp-content/uploads/2022/01/County-Assembly-of-Mandera-2019-2020.pdf#new_tab,C:\Users\user\Data_Science_Course\kenya_public_finance_intelligence\kenya_public_finance_intelligence\data\raw\oag\oag_2019-20_county-assembly_county-assembly-of-mandera-2019--2020.pdf,2026-06-12T11:27:53.667466
381,County Assembly of Mandera 2019- 2020,2019/20,county_assembly,https://www.oagkenya.go.ke/wp-content/uploads/2022/01/County-Assembly-of-Mandera-2019-2020.pdf,C:\Users\user\Data_Science_Course\kenya_public_finance_intelligence\kenya_public_finance_intelligence\data\raw\oag\oag_2019-20_county-assembly_county-assembly-of-mandera-2019--2020.pdf,2026-06-12T11:27:53.667478
382,County Assembly of Laikipia 2019- 2020,2019/20,county_assembly,https://www.oagkenya.go.ke/wp-content/uploads/2022/01/County-Assembly-of-Laikipia-2019-2020.pdf#new_tab,C:\Users\user\Data_Science_Course\kenya_public_finance_intelligence\kenya_public_finance_intelligence\data\raw\oag\oag_2019-20_county-assembly_county-assembly-of-laikipia-2019--2020.pdf,2026-06-12T11:27:53.667685
383,County Assembly of Laikipia 2019- 2020,2019/20,county_assembly,https://www.oagkenya.go.ke/wp-content/uploads/2022/01/County-Assembly-of-Laikipia-2019-2020.pdf,C:\Users\user\Data_Science_Course\kenya_public_finance_intelligence\kenya_public_finance_intelligence\data\raw\oag\oag_2019-20_county-assembly_county-assembly-of-laikipia-2019--2020.pdf,2026-06-12T11:27:53.667696
384,County Assembly of Kisumu 2019- 2020,2019/20,county_assembly,https://www.oagkenya.go.ke/wp-content/uploads/2022/01/County-Assembly-of-Kisumu-2019-2020-.pdf#new_tab,C:\Users\user\Data_Science_Course\kenya_public_finance_intelligence\kenya_public_finance_intelligence\data\raw\oag\oag_2019-20_county-assembly_county-assembly-of-kisumu-2019--2020.pdf,2026-06-12T11:27:53.667905
385,County Assembly of Kisumu 2019- 2020,2019/20,county_assembly,https://www.oagkenya.go.ke/wp-content/uploads/2022/01/County-Assembly-of-Kisumu-2019-2020-.pdf,C:\Users\user\Data_Science_Course\kenya_public_finance_intelligence\kenya_public_finance_intelligence\data\raw\oag\oag_2019-20_county-assembly_county-assembly-of-kisumu-2019--2020.pdf,2026-06-12T11:27:53.667916
386,County Assembly of Kiambu 2019- 2020,2019/20,county_assembly,https://www.oagkenya.go.ke/wp-content/uploads/2022/01/County-Assembly-of-Kiambu-2019-2020.pdf#new_tab,C:\Users\user\Data_Science_Course\kenya_public_finance_intelligence\kenya_public_finance_intelligence\data\raw\oag\oag_2019-20_county-assembly_county-assembly-of-kiambu-2019--2020.pdf,2026-06-12T11:27:53.668129
387,County Assembly of Kiambu 2019- 2020,2019/20,county_assembly,https://www.oagkenya.go.ke/wp-content/uploads/2022/01/County-Assembly-of-Kiambu-2019-2020.pdf,C:\Users\user\Data_Science_Course\kenya_public_finance_intelligence\kenya_public_finance_intelligence\data\raw\oag\oag_2019-20_county-assembly_county-assembly-of-kiambu-2019--2020.pdf,2026-06-12T11:27:53.668140
388,County Assembly of Nakuru 2019-2020,2019/20,county_assembly,https://www.oagkenya.go.ke/wp-content/uploads/2022/01/County-Assembly-of-Nakuru-2019-2020.pdf#new_tab,C:\Users\user\Data_Science_Course\kenya_public_finance_intelligence\kenya_public_finance_intelligence\data\raw\oag\oag_2019-20_county-assembly_county-assembly-of-nakuru-2019-2020.pdf,2026-06-12T11:27:53.668348
389,County Assembly of Nakuru 2019-2020,2019/20,county_assembly,https://www.oagkenya.go.ke/wp-content/uploads/2022/01/County-Assembly-of-Nakuru-2019-2020.pdf,C:\Users\user\Data_Science_Course\kenya_public_finance_intelligence\kenya_public_finance_intelligence\data\raw\oag\oag_2019-20_county-assembly_county-assembly-of-nakuru-2019-2020.pdf,2026-06-12T11:27:53.668359
390,County Assembly of Tana River 2019-2020,2019/20,county_assembly,https://www.oagkenya.go.ke/wp-content/uploads/2022/01/County-Assembly-of-Tana-River-2019-2020.pdf#new_tab,C:\Users\user\Data_Science_Course\kenya_public_finance_intelligence\kenya_public_finance_intelligence\data\raw\oag\oag_2019-20_county-assembly_county-assembly-of-tana-river-2019-2020.pdf,2026-06-12T11:27:53.668566
391,County Assembly of Tana River 2019-2020,2019/20,county_assembly,https://www.oagkenya.go.ke/wp-content/uploads/2022/01/County-Assembly-of-Tana-River-2019-2020.pdf,C:\Users\user\Data_Science_Course\kenya_public_finance_intelligence\kenya_public_finance_intelligence\data\raw\oag\oag_2019-20_county-assembly_county-assembly-of-tana-river-2019-2020.pdf,2026-06-12T11:27:53.668577
392,County Assembly of Kitui 2019-2020,2019/20,county_assembly,https://www.oagkenya.go.ke/wp-content/uploads/2022/01/County-Assembly-of-Kitui-2019-2020.pdf#new_tab,C:\Users\user\Data_Science_Course\kenya_public_finance_intelligence\kenya_public_finance_intelligence\data\raw\oag\oag_2019-20_county-assembly_county-assembly-of-kitui-2019-2020.pdf,2026-06-12T11:27:53.668783
393,County Assembly of Kitui 2019-2020,2019/20,county_assembly,https://www.oagkenya.go.ke/wp-content/uploads/2022/01/County-Assembly-of-Kitui-2019-2020.pdf,C:\Users\user\Data_Science_Course\kenya_public_finance_intelligence\kenya_public_finance_intelligence\data\raw\oag\oag_2019-20_county-assembly_county-assembly-of-kitui-2019-2020.pdf,2026-06-12T11:27:53.668794
394,County Assembly of Mombasa 2019 – 2020,2019/20,county_assembly,https://www.oagkenya.go.ke/wp-content/uploads/2022/01/County-Assembly-of-Mombasa-2019-2020.pdf#new_tab,C:\Users\user\Data_Science_Course\kenya_public_finance_intelligence\kenya_public_finance_intelligence\data\raw\oag\oag_2019-20_county-assembly_county-assembly-of-mombasa-2019-2020.pdf,2026-06-12T11:27:53.669012
395,County Assembly of Mombasa 2019 – 2020,2019/20,county_assembly,https://www.oagkenya.go.ke/wp-content/uploads/2022/01/County-Assembly-of-Mombasa-2019-2020.pdf,C:\Users\user\Data_Science_Course\kenya_public_finance_intelligence\kenya_public_finance_intelligence\data\raw\oag\oag_2019-20_county-assembly_county-assembly-of-mombasa-2019-2020.pdf,2026-06-12T11:27:53.669028
396,County Assembly of Busia 2019-2020,2019/20,county_assembly,https://www.oagkenya.go.ke/wp-content/uploads/2022/01/County-Assembly-of-Busia-2019-2020.pdf#new_tab,C:\Users\user\Data_Science_Course\kenya_public_finance_intelligence\kenya_public_finance_intelligence\data\raw\oag\oag_2019-20_county-assembly_county-assembly-of-busia-2019-2020.pdf,2026-06-12T11:27:53.669236
397,County Assembly of Busia 2019-2020,2019/20,county_assembly,https://www.oagkenya.go.ke/wp-content/uploads/2022/01/County-Assembly-of-Busia-2019-2020.pdf,C:\Users\user\Data_Science_Course\kenya_public_finance_intelligence\kenya_public_finance_intelligence\data\raw\oag\oag_2019-20_county-assembly_county-assembly-of-busia-2019-2020.pdf,2026-06-12T11:27:53.669247
398,County Assembly of Kajiado 2019- 2020,2019/20,county_assembly,https://www.oagkenya.go.ke/wp-content/uploads/2022/01/County-Assembly-of-Kajiado-2019-2020.pdf#new_tab,C:\Users\user\Data_Science_Course\kenya_public_finance_intelligence\kenya_public_finance_intelligence\data\raw\oag\oag_2019-20_county-assembly_county-assembly-of-kajiado-2019--2020.pdf,2026-06-12T11:27:53.669452
399,County Assembly of Kajiado 2019- 2020,2019/20,county_assembly,https://www.oagkenya.go.ke/wp-content/uploads/2022/01/County-Assembly-of-Kajiado-2019-2020.pdf,C:\Users\user\Data_Science_Course\kenya_public_finance_intelligence\kenya_public_finance_intelligence\data\raw\oag\oag_2019-20_county-assembly_county-assembly-of-kajiado-2019--2020.pdf,2026-06-12T11:27:53.669463
400,County Assembly of Kisii 2019-2020,2019/20,county_assembly,https://www.oagkenya.go.ke/wp-content/uploads/2022/01/County-Assembly-of-Kisii-2019-2020.pdf#new_tab,C:\Users\user\Data_Science_Course\kenya_public_finance_intelligence\kenya_public_finance_intelligence\data\raw\oag\oag_2019-20_county-assembly_county-assembly-of-kisii-2019-2020.pdf,2026-06-12T11:27:53.669666
401,County Assembly of Kisii 2019-2020,2019/20,county_assembly,https://www.oagkenya.go.ke/wp-content/uploads/2022/01/County-Assembly-of-Kisii-2019-2020.pdf,C:\Users\user\Data_Science_Course\kenya_public_finance_intelligence\kenya_public_finance_intelligence\data\raw\oag\oag_2019-20_county-assembly_county-assembly-of-kisii-2019-2020.pdf,2026-06-12T11:27:53.669677
402,County Assembly of Wajir 2019- 2020,2019/20,county_assembly,https://www.oagkenya.go.ke/wp-content/uploads/2022/01/County-Assembly-of-Wajir-2019-2020-.pdf#new_tab,C:\Users\user\Data_Science_Course\kenya_public_finance_intelligence\kenya_public_finance_intelligence\data\raw\oag\oag_2019-20_county-assembly_county-assembly-of-wajir-2019--2020.pdf,2026-06-12T11:27:53.669880
403,County Assembly of Wajir 2019- 2020,2019/20,county_assembly,https://www.oagkenya.go.ke/wp-content/uploads/2022/01/County-Assembly-of-Wajir-2019-2020-.pdf,C:\Users\user\Data_Science_Course\kenya_public_finance_intelligence\kenya_public_finance_intelligence\data\raw\oag\oag_2019-20_county-assembly_county-assembly-of-wajir-2019--2020.pdf,2026-06-12T11:27:53.669893
404,County Assembly of Turkana 2019- 2020,2019/20,county_assembly,https://www.oagkenya.go.ke/wp-content/uploads/2022/01/County-Assembly-of-Turkana-2019-2020-.pdf#new_tab,C:\Users\user\Data_Science_Course\kenya_public_finance_intelligence\kenya_public_finance_intelligence\data\raw\oag\oag_2019-20_county-assembly_county-assembly-of-turkana-2019--2020.pdf,2026-06-12T11:27:53.670105
405,County Assembly of Turkana 2019- 2020,2019/20,county_assembly,https://www.oagkenya.go.ke/wp-content/uploads/2022/01/County-Assembly-of-Turkana-2019-2020-.pdf,C:\Users\user\Data_Science_Course\kenya_public_finance_intelligence\kenya_public_finance_intelligence\data\raw\oag\oag_2019-20_county-assembly_county-assembly-of-turkana-2019--2020.pdf,2026-06-12T11:27:53.670117
406,County Assembly of Siaya 2019- 2020,2019/20,county_assembly,https://www.oagkenya.go.ke/wp-content/uploads/2022/01/County-Assembly-of-Siaya-2019-2020.pdf#new_tab,C:\Users\user\Data_Science_Course\kenya_public_finance_intelligence\kenya_public_finance_intelligence\data\raw\oag\oag_2019-20_county-assembly_county-assembly-of-siaya-2019--2020.pdf,2026-06-12T11:27:53.670320
407,County Assembly of Siaya 2019- 2020,2019/20,county_assembly,https://www.oagkenya.go.ke/wp-content/uploads/2022/01/County-Assembly-of-Siaya-2019-2020.pdf,C:\Users\user\Data_Science_Course\kenya_public_finance_intelligence\kenya_public_finance_intelligence\data\raw\oag\oag_2019-20_county-assembly_county-assembly-of-siaya-2019--2020.pdf,2026-06-12T11:27:53.670331
408,County Assembly of Vihiga 2019- 2020,2019/20,county_assembly,https://www.oagkenya.go.ke/wp-content/uploads/2022/01/County-Assembly-of-Vihiga-2019-2020.pdf#new_tab,C:\Users\user\Data_Science_Course\kenya_public_finance_intelligence\kenya_public_finance_intelligence\data\raw\oag\oag_2019-20_county-assembly_county-assembly-of-vihiga-2019--2020.pdf,2026-06-12T11:27:53.670536
409,County Assembly of Vihiga 2019- 2020,2019/20,county_assembly,https://www.oagkenya.go.ke/wp-content/uploads/2022/01/County-Assembly-of-Vihiga-2019-2020.pdf,C:\Users\user\Data_Science_Course\kenya_public_finance_intelligence\kenya_public_finance_intelligence\data\raw\oag\oag_2019-20_county-assembly_county-assembly-of-vihiga-2019--2020.pdf,2026-06-12T11:27:53.670547
410,County Assembly of Makueni 2019-2020,2019/20,county_assembly,https://www.oagkenya.go.ke/wp-content/uploads/2022/01/County-Assembly-of-Makueni-2019-2020.pdf#new_tab,C:\Users\user\Data_Science_Course\kenya_public_finance_intelligence\kenya_public_finance_intelligence\data\raw\oag\oag_2019-20_county-assembly_county-assembly-of-makueni-2019-2020.pdf,2026-06-12T11:27:53.670754
411,County Assembly of Makueni 2019-2020,2019/20,county_assembly,https://www.oagkenya.go.ke/wp-content/uploads/2022/01/County-Assembly-of-Makueni-2019-2020.pdf,C:\Users\user\Data_Science_Course\kenya_public_finance_intelligence\kenya_public_finance_intelligence\data\raw\oag\oag_2019-20_county-assembly_county-assembly-of-makueni-2019-2020.pdf,2026-06-12T11:27:53.670765
412,County Assembly of Garissa 2019- 2020,2019/20,county_assembly,https://www.oagkenya.go.ke/wp-content/uploads/2022/01/County-Assembly-of-Garissa-2019-2020.pdf#new_tab,C:\Users\user\Data_Science_Course\kenya_public_finance_intelligence\kenya_public_finance_intelligence\data\raw\oag\oag_2019-20_county-assembly_county-assembly-of-garissa-2019--2020.pdf,2026-06-12T11:27:53.670976
413,County Assembly of Garissa 2019- 2020,2019/20,county_assembly,https://www.oagkenya.go.ke/wp-content/uploads/2022/01/County-Assembly-of-Garissa-2019-2020.pdf,C:\Users\user\Data_Science_Course\kenya_public_finance_intelligence\kenya_public_finance_intelligence\data\raw\oag\oag_2019-20_county-assembly_county-assembly-of-garissa-2019--2020.pdf,2026-06-12T11:27:53.670988
414,County Assembly of Marsabit 2019 – 2020,2019/20,county_assembly,https://www.oagkenya.go.ke/wp-content/uploads/2022/01/County-Assembly-of-Marsabit-2019-2020.pdf#new_tab,C:\Users\user\Data_Science_Course\kenya_public_finance_intelligence\kenya_public_finance_intelligence\data\raw\oag\oag_2019-20_county-assembly_county-assembly-of-marsabit-2019-2020.pdf,2026-06-12T11:27:53.671201
415,County Assembly of Marsabit 2019 – 2020,2019/20,county_assembly,https://www.oagkenya.go.ke/wp-content/uploads/2022/01/County-Assembly-of-Marsabit-2019-2020.pdf,C:\Users\user\Data_Science_Course\kenya_public_finance_intelligence\kenya_public_finance_intelligence\data\raw\oag\oag_2019-20_county-assembly_county-assembly-of-marsabit-2019-2020.pdf,2026-06-12T11:27:53.671215
416,County Assembly of Bungoma 2019- 2020,2019/20,county_assembly,https://www.oagkenya.go.ke/wp-content/uploads/2022/01/County-Assembly-of-Bungoma-2019-2020.pdf#new_tab,C:\Users\user\Data_Science_Course\kenya_public_finance_intelligence\kenya_public_finance_intelligence\data\raw\oag\oag_2019-20_county-assembly_county-assembly-of-bungoma-2019--2020.pdf,2026-06-12T11:27:53.671423
417,County Assembly of Bungoma 2019- 2020,2019/20,county_assembly,https://www.oagkenya.go.ke/wp-content/uploads/2022/01/County-Assembly-of-Bungoma-2019-2020.pdf,C:\Users\user\Data_Science_Course\kenya_public_finance_intelligence\kenya_public_finance_intelligence\data\raw\oag\oag_2019-20_county-assembly_county-assembly-of-bungoma-2019--2020.pdf,2026-06-12T11:27:53.671434
418,County Assembly of Kilifi 2019-2020,2019/20,county_assembly,https://www.oagkenya.go.ke/wp-content/uploads/2022/01/County-Assembly-of-Kilifi-2019-2020.pdf#new_tab,C:\Users\user\Data_Science_Course\kenya_public_finance_intelligence\kenya_public_finance_intelligence\data\raw\oag\oag_2019-20_county-assembly_county-assembly-of-kilifi-2019-2020.pdf,2026-06-12T11:27:53.671642
419,County Assembly of Kilifi 2019-2020,2019/20,county_assembly,https://www.oagkenya.go.ke/wp-content/uploads/2022/01/County-Assembly-of-Kilifi-2019-2020.pdf,C:\Users\user\Data_Science_Course\kenya_public_finance_intelligence\kenya_public_finance_intelligence\data\raw\oag\oag_2019-20_county-assembly_county-assembly-of-kilifi-2019-2020.pdf,2026-06-12T11:27:53.671653
420,County Assembly of Samburu 2019- 2020,2019/20,county_assembly,https://www.oagkenya.go.ke/wp-content/uploads/2022/01/County-Assembly-of-Samburu-2019-2020-.pdf#new_tab,C:\Users\user\Data_Science_Course\kenya_public_finance_intelligence\kenya_public_finance_intelligence\data\raw\oag\oag_2019-20_county-assembly_county-assembly-of-samburu-2019--2020.pdf,2026-06-12T11:27:53.671861
421,County Assembly of Samburu 2019- 2020,2019/20,county_assembly,https://www.oagkenya.go.ke/wp-content/uploads/2022/01/County-Assembly-of-Samburu-2019-2020-.pdf,C:\Users\user\Data_Science_Course\kenya_public_finance_intelligence\kenya_public_finance_intelligence\data\raw\oag\oag_2019-20_county-assembly_county-assembly-of-samburu-2019--2020.pdf,2026-06-12T11:27:53.671872
422,Trans Nzoia County Youth and Women Development Fund 2018-2019,2018/19,county_executive,https://www.oagkenya.go.ke/wp-content/uploads/2022/12/Trans-Nzoia-County-Youth-and-Women-Development-Fund-2018-2019.pdf#new_tab,C:\Users\user\Data_Science_Course\kenya_public_finance_intelligence\kenya_public_finance_intelligence\data\raw\oag\oag_2018-19_county-executive_trans-nzoia-county-youth-and-women-devel.pdf,2026-06-12T11:27:57.873626
423,Trans Nzoia County Youth and Women Development Fund 2018-2019,2018/19,county_executive,https://www.oagkenya.go.ke/wp-content/uploads/2022/12/Trans-Nzoia-County-Youth-and-Women-Development-Fund-2018-2019.pdf,C:\Users\user\Data_Science_Course\kenya_public_finance_intelligence\kenya_public_finance_intelligence\data\raw\oag\oag_2018-19_county-executive_trans-nzoia-county-youth-and-women-devel.pdf,2026-06-12T11:27:57.873665
424,Trans Nzoia County Nawiri Fund 2018-2019,2018/19,county_executive,https://www.oagkenya.go.ke/wp-content/uploads/2022/12/Trans-Nzoia-County-Nawiri-Fund-2018-2019.pdf#new_tab,C:\Users\user\Data_Science_Course\kenya_public_finance_intelligence\kenya_public_finance_intelligence\data\raw\oag\oag_2018-19_county-executive_trans-nzoia-county-nawiri-fund-2018-2019.pdf,2026-06-12T11:27:57.874152
425,Trans Nzoia County Nawiri Fund 2018-2019,2018/19,county_executive,https://www.oagkenya.go.ke/wp-content/uploads/2022/12/Trans-Nzoia-County-Nawiri-Fund-2018-2019.pdf,C:\Users\user\Data_Science_Course\kenya_public_finance_intelligence\kenya_public_finance_intelligence\data\raw\oag\oag_2018-19_county-executive_trans-nzoia-county-nawiri-fund-2018-2019.pdf,2026-06-12T11:27:57.874179
426,Trans Nzoia County Executive Car Loan and Mortgage Fund 2018-2019,2018/19,county_executive,https://www.oagkenya.go.ke/wp-content/uploads/2022/12/Trans-Nzoia-County-Executive-Car-Loan-and-Mortgage-Fund-2018-2019.pdf#new_tab,C:\Users\user\Data_Science_Course\kenya_public_finance_intelligence\kenya_public_finance_intelligence\data\raw\oag\oag_2018-19_county-executive_trans-nzoia-county-executive-car-loan-an.pdf,2026-06-12T11:27:57.874664
427,Trans Nzoia County Executive Car Loan and Mortgage Fund 2018-2019,2018/19,county_executive,https://www.oagkenya.go.ke/wp-content/uploads/2022/12/Trans-Nzoia-County-Executive-Car-Loan-and-Mortgage-Fund-2018-2019.pdf,C:\Users\user\Data_Science_Course\kenya_public_finance_intelligence\kenya_public_finance_intelligence\data\raw\oag\oag_2018-19_county-executive_trans-nzoia-county-executive-car-loan-an.pdf,2026-06-12T11:27:57.874690
428,Trans Nzoia County Elimu Bursary Fund 2018-2019,2018/19,county_executive,https://www.oagkenya.go.ke/wp-content/uploads/2022/12/Trans-Nzoia-County-Elimu-Bursary-Fund-2018-2019.pdf#new_tab,C:\Users\user\Data_Science_Course\kenya_public_finance_intelligence\kenya_public_finance_intelligence\data\raw\oag\oag_2018-19_county-executive_trans-nzoia-county-elimu-bursary-fund-20.pdf,2026-06-12T11:27:57.875156
429,Trans Nzoia County Elimu Bursary Fund 2018-2019,2018/19,county_executive,https://www.oagkenya.go.ke/wp-content/uploads/2022/12/Trans-Nzoia-County-Elimu-Bursary-Fund-2018-2019.pdf,C:\Users\user\Data_Science_Course\kenya_public_finance_intelligence\kenya_public_finance_intelligence\data\raw\oag\oag_2018-19_county-executive_trans-nzoia-county-elimu-bursary-fund-20.pdf,2026-06-12T11:27:57.875180
430,County Assembly of Narok  2018-2019,2018/19,county_assembly,https://www.oagkenya.go.ke/wp-content/uploads/2022/09/County-Assembly-of-Narok-2018-2019.pdf#new_tab,C:\Users\user\Data_Science_Course\kenya_public_finance_intelligence\kenya_public_finance_intelligence\data\raw\oag\oag_2018-19_county-assembly_county-assembly-of-narok-2018-2019.pdf,2026-06-12T11:27:57.875652
431,County Assembly of Narok  2018-2019,2018/19,county_assembly,https://www.oagkenya.go.ke/wp-content/uploads/2022/09/County-Assembly-of-Narok-2018-2019.pdf,C:\Users\user\Data_Science_Course\kenya_public_finance_intelligence\kenya_public_finance_intelligence\data\raw\oag\oag_2018-19_county-assembly_county-assembly-of-narok-2018-2019.pdf,2026-06-12T11:27:57.875676
432,County Assembly of Nyamira 2018 -2019,2018/19,county_assembly,https://www.oagkenya.go.ke/wp-content/uploads/2022/09/County-Assembly-of-Nyamira-2018-2019.pdf#new_tab,C:\Users\user\Data_Science_Course\kenya_public_finance_intelligence\kenya_public_finance_intelligence\data\raw\oag\oag_2018-19_county-assembly_county-assembly-of-nyamira-2018--2019.pdf,2026-06-12T11:27:57.876136
433,County Assembly of Nyamira 2018 -2019,2018/19,county_assembly,https://www.oagkenya.go.ke/wp-content/uploads/2022/09/County-Assembly-of-Nyamira-2018-2019.pdf,C:\Users\user\Data_Science_Course\kenya_public_finance_intelligence\kenya_public_finance_intelligence\data\raw\oag\oag_2018-19_county-assembly_county-assembly-of-nyamira-2018--2019.pdf,2026-06-12T11:27:57.876159
434,County Assembly of Tharaka Nithi 2018 -2019,2018/19,county_assembly,https://www.oagkenya.go.ke/wp-content/uploads/2022/09/County-Assembly-of-Tharaka-Nithi-2018-2019.pdf#new_tab,C:\Users\user\Data_Science_Course\kenya_public_finance_intelligence\kenya_public_finance_intelligence\data\raw\oag\oag_2018-19_county-assembly_county-assembly-of-tharaka-nithi-2018--2.pdf,2026-06-12T11:27:57.876628
435,County Assembly of Tharaka Nithi 2018 -2019,2018/19,county_assembly,https://www.oagkenya.go.ke/wp-content/uploads/2022/09/County-Assembly-of-Tharaka-Nithi-2018-2019.pdf,C:\Users\user\Data_Science_Course\kenya_public_finance_intelligence\kenya_public_finance_intelligence\data\raw\oag\oag_2018-19_county-assembly_county-assembly-of-tharaka-nithi-2018--2.pdf,2026-06-12T11:27:57.876651
436,County Executive of Busia 2018 – 2019,2018/19,county_executive,https://www.oagkenya.go.ke/wp-content/uploads/2022/09/County-Executive-of-Busia-2018-2019.pdf#new_tab,C:\Users\user\Data_Science_Course\kenya_public_finance_intelligence\kenya_public_finance_intelligence\data\raw\oag\oag_2018-19_county-executive_county-executive-of-busia-2018-2019.pdf,2026-06-12T11:27:57.877114
437,County Executive of Busia 2018 – 2019,2018/19,county_executive,https://www.oagkenya.go.ke/wp-content/uploads/2022/09/County-Executive-of-Busia-2018-2019.pdf,C:\Users\user\Data_Science_Course\kenya_public_finance_intelligence\kenya_public_finance_intelligence\data\raw\oag\oag_2018-19_county-executive_county-executive-of-busia-2018-2019.pdf,2026-06-12T11:27:57.877142
438,County Executive of Siaya 2018 -2019,2018/19,county_executive,https://www.oagkenya.go.ke/wp-content/uploads/2022/09/County-Executive-of-Siaya-2018-2019.pdf#new_tab,C:\Users\user\Data_Science_Course\kenya_public_finance_intelligence\kenya_public_finance_intelligence\data\raw\oag\oag_2018-19_county-executive_county-executive-of-siaya-2018--2019.pdf,2026-06-12T11:27:57.877610
439,County Executive of Siaya 2018 -2019,2018/19,county_executive,https://www.oagkenya.go.ke/wp-content/uploads/2022/09/County-Executive-of-Siaya-2018-2019.pdf,C:\Users\user\Data_Science_Course\kenya_public_finance_intelligence\kenya_public_finance_intelligence\data\raw\oag\oag_2018-19_county-executive_county-executive-of-siaya-2018--2019.pdf,2026-06-12T11:27:57.877635
440,County Assembly of Trans Nzoia 2018 – 2019,2018/19,county_assembly,https://www.oagkenya.go.ke/wp-content/uploads/2022/09/County-Assembly-of-Trans-Nzoia-2018-2019.pdf#new_tab,C:\Users\user\Data_Science_Course\kenya_public_finance_intelligence\kenya_public_finance_intelligence\data\raw\oag\oag_2018-19_county-assembly_county-assembly-of-trans-nzoia-2018-2019.pdf,2026-06-12T11:27:57.878102
441,County Assembly of Trans Nzoia 2018 – 2019,2018/19,county_assembly,https://www.oagkenya.go.ke/wp-content/uploads/2022/09/County-Assembly-of-Trans-Nzoia-2018-2019.pdf,C:\Users\user\Data_Science_Course\kenya_public_finance_intelligence\kenya_public_finance_intelligence\data\raw\oag\oag_2018-19_county-assembly_county-assembly-of-trans-nzoia-2018-2019.pdf,2026-06-12T11:27:57.878130
442,County Assembly of Siaya  2018 -2019,2018/19,county_assembly,https://www.oagkenya.go.ke/wp-content/uploads/2022/09/County-Assembly-of-Siaya-2018-2019.pdf#new_tab,C:\Users\user\Data_Science_Course\kenya_public_finance_intelligence\kenya_public_finance_intelligence\data\raw\oag\oag_2018-19_county-assembly_county-assembly-of-siaya-2018--2019.pdf,2026-06-12T11:27:57.878974
443,County Assembly of Siaya  2018 -2019,2018/19,county_assembly,https://www.oagkenya.go.ke/wp-content/uploads/2022/09/County-Assembly-of-Siaya-2018-2019.pdf,C:\Users\user\Data_Science_Course\kenya_public_finance_intelligence\kenya_public_finance_intelligence\data\raw\oag\oag_2018-19_county-assembly_county-assembly-of-siaya-2018--2019.pdf,2026-06-12T11:27:57.879008
444,County Assembly of Kiambu 2018-2019,2018/19,county_assembly,https://www.oagkenya.go.ke/wp-content/uploads/2022/09/County-Assembly-of-Kiambu-2018-2019.pdf#new_tab,C:\Users\user\Data_Science_Course\kenya_public_finance_intelligence\kenya_public_finance_intelligence\data\raw\oag\oag_2018-19_county-assembly_county-assembly-of-kiambu-2018-2019.pdf,2026-06-12T11:27:57.879506
445,County Assembly of Kiambu 2018-2019,2018/19,county_assembly,https://www.oagkenya.go.ke/wp-content/uploads/2022/09/County-Assembly-of-Kiambu-2018-2019.pdf,C:\Users\user\Data_Science_Course\kenya_public_finance_intelligence\kenya_public_finance_intelligence\data\raw\oag\oag_2018-19_county-assembly_county-assembly-of-kiambu-2018-2019.pdf,2026-06-12T11:27:57.879532
446,County Assembly of Baringo 2018- 2019,2018/19,county_assembly,https://www.oagkenya.go.ke/wp-content/uploads/2022/09/County-Assembly-of-Baringo-2018-2019.pdf#new_tab,C:\Users\user\Data_Science_Course\kenya_public_finance_intelligence\kenya_public_finance_intelligence\data\raw\oag\oag_2018-19_county-assembly_county-assembly-of-baringo-2018--2019.pdf,2026-06-12T11:27:57.879984
447,County Assembly of Baringo 2018- 2019,2018/19,county_assembly,https://www.oagkenya.go.ke/wp-content/uploads/2022/09/County-Assembly-of-Baringo-2018-2019.pdf,C:\Users\user\Data_Science_Course\kenya_public_finance_intelligence\kenya_public_finance_intelligence\data\raw\oag\oag_2018-19_county-assembly_county-assembly-of-baringo-2018--2019.pdf,2026-06-12T11:27:57.880008
448,REPORT OF THE AUDITOR-GENERAL FOR THE COUNTY GOVERNMENTS FOR THE YEAR 2018-2019 VOLUME I-COUNTY EXECUTIVES,2018/19,county_executive,https://www.oagkenya.go.ke/wp-content/uploads/2022/03/REPORT-OF-THE-AUDITOR-GENERAL-FOR-THE-COUNTY-GOVERNMENTS-FOR-THE-YEAR-2018-2019-VOLUME-I-COUNTY-EXECUTIVES-2.pdf#new_tab,C:\Users\user\Data_Science_Course\kenya_public_finance_intelligence\kenya_public_finance_intelligence\data\raw\oag\oag_2018-19_county-executive_report-of-the-auditor-general-for-the-co.pdf,2026-06-12T11:27:57.880487
449,REPORT OF THE AUDITOR-GENERAL FOR THE COUNTY GOVERNMENTS FOR THE YEAR 2018-2019 VOLUME I-COUNTY EXECUTIVES,2018/19,county_executive,https://www.oagkenya.go.ke/wp-content/uploads/2022/03/REPORT-OF-THE-AUDITOR-GENERAL-FOR-THE-COUNTY-GOVERNMENTS-FOR-THE-YEAR-2018-2019-VOLUME-I-COUNTY-EXECUTIVES-2.pdf,C:\Users\user\Data_Science_Course\kenya_public_finance_intelligence\kenya_public_finance_intelligence\data\raw\oag\oag_2018-19_county-executive_report-of-the-auditor-general-for-the-co.pdf,2026-06-12T11:27:57.880515
450,REPORT OF THE AUDITOR-GENERAL FOR THE COUNTY GOVERNMENTS FOR THE YEAR 2018-2019 VOLUME II-COUNTY ASSEMBLIES,2018/19,county_executive,https://www.oagkenya.go.ke/wp-content/uploads/2022/03/REPORT_OF_THE_AUDITOR-GENERAL_VOL_2_COUNTY_ASSEMBLIES-2018-2019.pdf#new_tab,C:\Users\user\Data_Science_Course\kenya_public_finance_intelligence\kenya_public_finance_intelligence\data\raw\oag\oag_2018-19_county-executive_report-of-the-auditor-general-for-the-co.pdf,2026-06-12T11:27:57.880971
451,REPORT OF THE AUDITOR-GENERAL FOR THE COUNTY GOVERNMENTS FOR THE YEAR 2018-2019 VOLUME II-COUNTY ASSEMBLIES,2018/19,county_executive,https://www.oagkenya.go.ke/wp-content/uploads/2022/03/REPORT_OF_THE_AUDITOR-GENERAL_VOL_2_COUNTY_ASSEMBLIES-2018-2019.pdf,C:\Users\user\Data_Science_Course\kenya_public_finance_intelligence\kenya_public_finance_intelligence\data\raw\oag\oag_2018-19_county-executive_report-of-the-auditor-general-for-the-co.pdf,2026-06-12T11:27:57.880997
452,County Assembly of Kisii-2018-2019,2018/19,county_assembly,https://www.oagkenya.go.ke/wp-content/uploads/2021/11/County-Assembly-of-Kisii-2018-2019.pdf,C:\Users\user\Data_Science_Course\kenya_public_finance_intelligence\kenya_public_finance_intelligence\data\raw\oag\oag_2018-19_county-assembly_county-assembly-of-kisii-2018-2019.pdf,2026-06-12T11:27:57.882404
453,County Executive of Mombasa -2018-2019,2018/19,county_executive,https://www.oagkenya.go.ke/wp-content/uploads/2021/10/County-Executive-of-Mombasa-2018-2019.pdf#new_tab,C:\Users\user\Data_Science_Course\kenya_public_finance_intelligence\kenya_public_finance_intelligence\data\raw\oag\oag_2018-19_county-executive_county-executive-of-mombasa--2018-2019.pdf,2026-06-12T11:27:57.882851
454,County Executive of West Pokot-2018-2019,2018/19,county_executive,https://www.oagkenya.go.ke/wp-content/uploads/2021/09/County-Executive-of-West-Pokot-2018-2019.pdf#new_tab,C:\Users\user\Data_Science_Course\kenya_public_finance_intelligence\kenya_public_finance_intelligence\data\raw\oag\oag_2018-19_county-executive_county-executive-of-west-pokot-2018-2019.pdf,2026-06-12T11:27:57.883308
455,County Executive of West Pokot-2018-2019,2018/19,county_executive,https://www.oagkenya.go.ke/wp-content/uploads/2021/09/County-Executive-of-West-Pokot-2018-2019.pdf,C:\Users\user\Data_Science_Course\kenya_public_finance_intelligence\kenya_public_finance_intelligence\data\raw\oag\oag_2018-19_county-executive_county-executive-of-west-pokot-2018-2019.pdf,2026-06-12T11:27:57.883330
456,County Executive of Wajir-2018-2019,2018/19,county_executive,https://www.oagkenya.go.ke/wp-content/uploads/2021/09/County-Executive-of-Wajir-2018-2019.pdf#new_tab,C:\Users\user\Data_Science_Course\kenya_public_finance_intelligence\kenya_public_finance_intelligence\data\raw\oag\oag_2018-19_county-executive_county-executive-of-wajir-2018-2019.pdf,2026-06-12T11:27:57.884400
457,County Executive of Wajir-2018-2019,2018/19,county_executive,https://www.oagkenya.go.ke/wp-content/uploads/2021/09/County-Executive-of-Wajir-2018-2019.pdf,C:\Users\user\Data_Science_Course\kenya_public_finance_intelligence\kenya_public_finance_intelligence\data\raw\oag\oag_2018-19_county-executive_county-executive-of-wajir-2018-2019.pdf,2026-06-12T11:27:57.884434
458,County Executive of Vihiga-2018-2019,2018/19,county_executive,https://www.oagkenya.go.ke/wp-content/uploads/2021/09/County-Executive-of-Vihiga-2018-2019.pdf#new_tab,C:\Users\user\Data_Science_Course\kenya_public_finance_intelligence\kenya_public_finance_intelligence\data\raw\oag\oag_2018-19_county-executive_county-executive-of-vihiga-2018-2019.pdf,2026-06-12T11:27:57.884932
459,County Executive of Vihiga-2018-2019,2018/19,county_executive,https://www.oagkenya.go.ke/wp-content/uploads/2021/09/County-Executive-of-Vihiga-2018-2019.pdf,C:\Users\user\Data_Science_Course\kenya_public_finance_intelligence\kenya_public_finance_intelligence\data\raw\oag\oag_2018-19_county-executive_county-executive-of-vihiga-2018-2019.pdf,2026-06-12T11:27:57.884962
460,County Executive of Uasin Gishu-2018-2019,2018/19,county_executive,https://www.oagkenya.go.ke/wp-content/uploads/2021/09/County-Executive-of-Uasin-Gishu-2018-2019.pdf#new_tab,C:\Users\user\Data_Science_Course\kenya_public_finance_intelligence\kenya_public_finance_intelligence\data\raw\oag\oag_2018-19_county-executive_county-executive-of-uasin-gishu-2018-201.pdf,2026-06-12T11:27:57.885472
461,County Executive of Uasin Gishu-2018-2019,2018/19,county_executive,https://www.oagkenya.go.ke/wp-content/uploads/2021/09/County-Executive-of-Uasin-Gishu-2018-2019.pdf,C:\Users\user\Data_Science_Course\kenya_public_finance_intelligence\kenya_public_finance_intelligence\data\raw\oag\oag_2018-19_county-executive_county-executive-of-uasin-gishu-2018-201.pdf,2026-06-12T11:27:57.885506
462,County Executive of Turkana-2018-2019,2018/19,county_executive,https://www.oagkenya.go.ke/wp-content/uploads/2021/09/County-Executive-of-Turkana-2018-2019.pdf#new_tab,C:\Users\user\Data_Science_Course\kenya_public_finance_intelligence\kenya_public_finance_intelligence\data\raw\oag\oag_2018-19_county-executive_county-executive-of-turkana-2018-2019.pdf,2026-06-12T11:27:57.886101
463,County Executive of Turkana-2018-2019,2018/19,county_executive,https://www.oagkenya.go.ke/wp-content/uploads/2021/09/County-Executive-of-Turkana-2018-2019.pdf,C:\Users\user\Data_Science_Course\kenya_public_finance_intelligence\kenya_public_finance_intelligence\data\raw\oag\oag_2018-19_county-executive_county-executive-of-turkana-2018-2019.pdf,2026-06-12T11:27:57.886136
464,County Executive of Trans Nzoia-2018-2019,2018/19,county_executive,https://www.oagkenya.go.ke/wp-content/uploads/2021/09/County-Executive-of-Trans-Nzoia-2018-2019.pdf#new_tab,C:\Users\user\Data_Science_Course\kenya_public_finance_intelligence\kenya_public_finance_intelligence\data\raw\oag\oag_2018-19_county-executive_county-executive-of-trans-nzoia-2018-201.pdf,2026-06-12T11:27:57.886954
465,County Executive of Trans Nzoia-2018-2019,2018/19,county_executive,https://www.oagkenya.go.ke/wp-content/uploads/2021/09/County-Executive-of-Trans-Nzoia-2018-2019.pdf,C:\Users\user\Data_Science_Course\kenya_public_finance_intelligence\kenya_public_finance_intelligence\data\raw\oag\oag_2018-19_county-executive_county-executive-of-trans-nzoia-2018-201.pdf,2026-06-12T11:27:57.886991
466,County Executive of Tharaka-nithi-2018-2019,2018/19,county_executive,https://www.oagkenya.go.ke/wp-content/uploads/2021/09/County-Executive-of-Tharaka-nithi-2018-2019.pdf#new_tab,C:\Users\user\Data_Science_Course\kenya_public_finance_intelligence\kenya_public_finance_intelligence\data\raw\oag\oag_2018-19_county-executive_county-executive-of-tharaka-nithi-2018-2.pdf,2026-06-12T11:27:57.887940
467,County Executive of Tharaka-nithi-2018-2019,2018/19,county_executive,https://www.oagkenya.go.ke/wp-content/uploads/2021/09/County-Executive-of-Tharaka-nithi-2018-2019.pdf,C:\Users\user\Data_Science_Course\kenya_public_finance_intelligence\kenya_public_finance_intelligence\data\raw\oag\oag_2018-19_county-executive_county-executive-of-tharaka-nithi-2018-2.pdf,2026-06-12T11:27:57.887977
468,County Executive of Tana River-2018-2019,2018/19,county_executive,https://www.oagkenya.go.ke/wp-content/uploads/2021/09/County-Executive-of-Tana-River-2018-2019.pdf#new_tab,C:\Users\user\Data_Science_Course\kenya_public_finance_intelligence\kenya_public_finance_intelligence\data\raw\oag\oag_2018-19_county-executive_county-executive-of-tana-river-2018-2019.pdf,2026-06-12T11:27:57.888565
469,County Executive of Tana River-2018-2019,2018/19,county_executive,https://www.oagkenya.go.ke/wp-content/uploads/2021/09/County-Executive-of-Tana-River-2018-2019.pdf,C:\Users\user\Data_Science_Course\kenya_public_finance_intelligence\kenya_public_finance_intelligence\data\raw\oag\oag_2018-19_county-executive_county-executive-of-tana-river-2018-2019.pdf,2026-06-12T11:27:57.888601
470,County Executive of Taita Taveta-2018-2019,2018/19,county_executive,https://www.oagkenya.go.ke/wp-content/uploads/2021/09/County-Executive-of-Taita-Taveta-2018-2019.pdf#new_tab,C:\Users\user\Data_Science_Course\kenya_public_finance_intelligence\kenya_public_finance_intelligence\data\raw\oag\oag_2018-19_county-executive_county-executive-of-taita-taveta-2018-20.pdf,2026-06-12T11:27:57.889100
471,County Executive of Taita Taveta-2018-2019,2018/19,county_executive,https://www.oagkenya.go.ke/wp-content/uploads/2021/09/County-Executive-of-Taita-Taveta-2018-2019.pdf,C:\Users\user\Data_Science_Course\kenya_public_finance_intelligence\kenya_public_finance_intelligence\data\raw\oag\oag_2018-19_county-executive_county-executive-of-taita-taveta-2018-20.pdf,2026-06-12T11:27:57.889127
472,County Executive of Nyeri-2018-2019,2018/19,county_executive,https://www.oagkenya.go.ke/wp-content/uploads/2021/09/County-Executive-of-Nyeri-2018-2019.pdf#new_tab,C:\Users\user\Data_Science_Course\kenya_public_finance_intelligence\kenya_public_finance_intelligence\data\raw\oag\oag_2018-19_county-executive_county-executive-of-nyeri-2018-2019.pdf,2026-06-12T11:27:57.889612
473,County Executive of Nyeri-2018-2019,2018/19,county_executive,https://www.oagkenya.go.ke/wp-content/uploads/2021/09/County-Executive-of-Nyeri-2018-2019.pdf,C:\Users\user\Data_Science_Course\kenya_public_finance_intelligence\kenya_public_finance_intelligence\data\raw\oag\oag_2018-19_county-executive_county-executive-of-nyeri-2018-2019.pdf,2026-06-12T11:27:57.889641
474,County Executive of Nyandarua-2018-2019,2018/19,county_executive,https://www.oagkenya.go.ke/wp-content/uploads/2021/09/County-Executive-of-Nyandarua-2018-2019.pdf#new_tab,C:\Users\user\Data_Science_Course\kenya_public_finance_intelligence\kenya_public_finance_intelligence\data\raw\oag\oag_2018-19_county-executive_county-executive-of-nyandarua-2018-2019.pdf,2026-06-12T11:27:57.890118
475,County Executive of Nyandarua-2018-2019,2018/19,county_executive,https://www.oagkenya.go.ke/wp-content/uploads/2021/09/County-Executive-of-Nyandarua-2018-2019.pdf,C:\Users\user\Data_Science_Course\kenya_public_finance_intelligence\kenya_public_finance_intelligence\data\raw\oag\oag_2018-19_county-executive_county-executive-of-nyandarua-2018-2019.pdf,2026-06-12T11:27:57.890147
476,County Executive of Nyamira-2018-2019,2018/19,county_executive,https://www.oagkenya.go.ke/wp-content/uploads/2021/09/County-Executive-of-Nyamira-2018-2019.pdf#new_tab,C:\Users\user\Data_Science_Course\kenya_public_finance_intelligence\kenya_public_finance_intelligence\data\raw\oag\oag_2018-19_county-executive_county-executive-of-nyamira-2018-2019.pdf,2026-06-12T11:27:57.890671
477,County Executive of Nyamira-2018-2019,2018/19,county_executive,https://www.oagkenya.go.ke/wp-content/uploads/2021/09/County-Executive-of-Nyamira-2018-2019.pdf,C:\Users\user\Data_Science_Course\kenya_public_finance_intelligence\kenya_public_finance_intelligence\data\raw\oag\oag_2018-19_county-executive_county-executive-of-nyamira-2018-2019.pdf,2026-06-12T11:27:57.890701
478,County Executive of Narok-2018-2019,2018/19,county_executive,https://www.oagkenya.go.ke/wp-content/uploads/2021/09/County-Executive-of-Narok-2018-2019.pdf#new_tab,C:\Users\user\Data_Science_Course\kenya_public_finance_intelligence\kenya_public_finance_intelligence\data\raw\oag\oag_2018-19_county-executive_county-executive-of-narok-2018-2019.pdf,2026-06-12T11:27:57.891173
479,County Executive of Narok-2018-2019,2018/19,county_executive,https://www.oagkenya.go.ke/wp-content/uploads/2021/09/County-Executive-of-Narok-2018-2019.pdf,C:\Users\user\Data_Science_Course\kenya_public_finance_intelligence\kenya_public_finance_intelligence\data\raw\oag\oag_2018-19_county-executive_county-executive-of-narok-2018-2019.pdf,2026-06-12T11:27:57.891198
480,County Executive of Nandi-2018-2019,2018/19,county_executive,https://www.oagkenya.go.ke/wp-content/uploads/2021/09/County-Executive-of-Nandi-2018-2019.pdf#new_tab,C:\Users\user\Data_Science_Course\kenya_public_finance_intelligence\kenya_public_finance_intelligence\data\raw\oag\oag_2018-19_county-executive_county-executive-of-nandi-2018-2019.pdf,2026-06-12T11:27:57.891679
481,County Executive of Nandi-2018-2019,2018/19,county_executive,https://www.oagkenya.go.ke/wp-content/uploads/2021/09/County-Executive-of-Nandi-2018-2019.pdf,C:\Users\user\Data_Science_Course\kenya_public_finance_intelligence\kenya_public_finance_intelligence\data\raw\oag\oag_2018-19_county-executive_county-executive-of-nandi-2018-2019.pdf,2026-06-12T11:27:57.891706
482,County Executive of Nakuru-2018-2019,2018/19,county_executive,https://www.oagkenya.go.ke/wp-content/uploads/2021/09/County-Executive-of-Nakuru-2018-2019.pdf#new_tab,C:\Users\user\Data_Science_Course\kenya_public_finance_intelligence\kenya_public_finance_intelligence\data\raw\oag\oag_2018-19_county-executive_county-executive-of-nakuru-2018-2019.pdf,2026-06-12T11:27:57.892172
483,County Executive of Nakuru-2018-2019,2018/19,county_executive,https://www.oagkenya.go.ke/wp-content/uploads/2021/09/County-Executive-of-Nakuru-2018-2019.pdf,C:\Users\user\Data_Science_Course\kenya_public_finance_intelligence\kenya_public_finance_intelligence\data\raw\oag\oag_2018-19_county-executive_county-executive-of-nakuru-2018-2019.pdf,2026-06-12T11:27:57.892199
484,County Executive of Murang’a-2018-2019,2018/19,county_executive,https://www.oagkenya.go.ke/wp-content/uploads/2021/09/County-Executive-of-Muranga-2018-2019.pdf#new_tab,C:\Users\user\Data_Science_Course\kenya_public_finance_intelligence\kenya_public_finance_intelligence\data\raw\oag\oag_2018-19_county-executive_county-executive-of-muranga-2018-2019.pdf,2026-06-12T11:27:57.892712
485,County Executive of Murang’a-2018-2019,2018/19,county_executive,https://www.oagkenya.go.ke/wp-content/uploads/2021/09/County-Executive-of-Muranga-2018-2019.pdf,C:\Users\user\Data_Science_Course\kenya_public_finance_intelligence\kenya_public_finance_intelligence\data\raw\oag\oag_2018-19_county-executive_county-executive-of-muranga-2018-2019.pdf,2026-06-12T11:27:57.892750
486,County Executive of Migori-2018-2019,2018/19,county_executive,https://www.oagkenya.go.ke/wp-content/uploads/2021/09/County-Executive-of-Migori-2018-2019.pdf#new_tab,C:\Users\user\Data_Science_Course\kenya_public_finance_intelligence\kenya_public_finance_intelligence\data\raw\oag\oag_2018-19_county-executive_county-executive-of-migori-2018-2019.pdf,2026-06-12T11:27:57.893255
487,County Executive of Migori-2018-2019,2018/19,county_executive,https://www.oagkenya.go.ke/wp-content/uploads/2021/09/County-Executive-of-Migori-2018-2019.pdf,C:\Users\user\Data_Science_Course\kenya_public_finance_intelligence\kenya_public_finance_intelligence\data\raw\oag\oag_2018-19_county-executive_county-executive-of-migori-2018-2019.pdf,2026-06-12T11:27:57.893285
488,County Executive of Meru-2018-2019,2018/19,county_executive,https://www.oagkenya.go.ke/wp-content/uploads/2021/09/County-Executive-of-Meru-2018-2019.pdf#new_tab,C:\Users\user\Data_Science_Course\kenya_public_finance_intelligence\kenya_public_finance_intelligence\data\raw\oag\oag_2018-19_county-executive_county-executive-of-meru-2018-2019.pdf,2026-06-12T11:27:57.893777
489,County Executive of Meru-2018-2019,2018/19,county_executive,https://www.oagkenya.go.ke/wp-content/uploads/2021/09/County-Executive-of-Meru-2018-2019.pdf,C:\Users\user\Data_Science_Course\kenya_public_finance_intelligence\kenya_public_finance_intelligence\data\raw\oag\oag_2018-19_county-executive_county-executive-of-meru-2018-2019.pdf,2026-06-12T11:27:57.893803
490,County Executive of Marsabit-2018-2019,2018/19,county_executive,https://www.oagkenya.go.ke/wp-content/uploads/2021/09/County-Executive-of-Marsabit-2018-2019.pdf#new_tab,C:\Users\user\Data_Science_Course\kenya_public_finance_intelligence\kenya_public_finance_intelligence\data\raw\oag\oag_2018-19_county-executive_county-executive-of-marsabit-2018-2019.pdf,2026-06-12T11:27:57.894270
491,County Executive of Marsabit-2018-2019,2018/19,county_executive,https://www.oagkenya.go.ke/wp-content/uploads/2021/09/County-Executive-of-Marsabit-2018-2019.pdf,C:\Users\user\Data_Science_Course\kenya_public_finance_intelligence\kenya_public_finance_intelligence\data\raw\oag\oag_2018-19_county-executive_county-executive-of-marsabit-2018-2019.pdf,2026-06-12T11:27:57.894296
492,County Executive of Mandera-2018-2019,2018/19,county_executive,https://www.oagkenya.go.ke/wp-content/uploads/2021/09/County-Executive-of-Mandera-2018-2019.pdf#new_tab,C:\Users\user\Data_Science_Course\kenya_public_finance_intelligence\kenya_public_finance_intelligence\data\raw\oag\oag_2018-19_county-executive_county-executive-of-mandera-2018-2019.pdf,2026-06-12T11:27:57.894822
493,County Executive of Mandera-2018-2019,2018/19,county_executive,https://www.oagkenya.go.ke/wp-content/uploads/2021/09/County-Executive-of-Mandera-2018-2019.pdf,C:\Users\user\Data_Science_Course\kenya_public_finance_intelligence\kenya_public_finance_intelligence\data\raw\oag\oag_2018-19_county-executive_county-executive-of-mandera-2018-2019.pdf,2026-06-12T11:27:57.894848
494,County Executive of Makueni-2018-2019,2018/19,county_executive,https://www.oagkenya.go.ke/wp-content/uploads/2021/09/County-Executive-of-Makueni-2018-2019.pdf#new_tab,C:\Users\user\Data_Science_Course\kenya_public_finance_intelligence\kenya_public_finance_intelligence\data\raw\oag\oag_2018-19_county-executive_county-executive-of-makueni-2018-2019.pdf,2026-06-12T11:27:57.895669
495,County Executive of Makueni-2018-2019,2018/19,county_executive,https://www.oagkenya.go.ke/wp-content/uploads/2021/09/County-Executive-of-Makueni-2018-2019.pdf,C:\Users\user\Data_Science_Course\kenya_public_finance_intelligence\kenya_public_finance_intelligence\data\raw\oag\oag_2018-19_county-executive_county-executive-of-makueni-2018-2019.pdf,2026-06-12T11:27:57.895707
496,County Executive of Machakos-2018-2019,2018/19,county_executive,https://www.oagkenya.go.ke/wp-content/uploads/2021/09/County-Executive-of-Machakos-2018-2019.pdf#new_tab,C:\Users\user\Data_Science_Course\kenya_public_finance_intelligence\kenya_public_finance_intelligence\data\raw\oag\oag_2018-19_county-executive_county-executive-of-machakos-2018-2019.pdf,2026-06-12T11:27:57.896299
497,County Executive of Machakos-2018-2019,2018/19,county_executive,https://www.oagkenya.go.ke/wp-content/uploads/2021/09/County-Executive-of-Machakos-2018-2019.pdf,C:\Users\user\Data_Science_Course\kenya_public_finance_intelligence\kenya_public_finance_intelligence\data\raw\oag\oag_2018-19_county-executive_county-executive-of-machakos-2018-2019.pdf,2026-06-12T11:27:57.896333
498,County Executive of Lamu-2018-2019,2018/19,county_executive,https://www.oagkenya.go.ke/wp-content/uploads/2021/09/County-Executive-of-Lamu-2018-2019.pdf#new_tab,C:\Users\user\Data_Science_Course\kenya_public_finance_intelligence\kenya_public_finance_intelligence\data\raw\oag\oag_2018-19_county-executive_county-executive-of-lamu-2018-2019.pdf,2026-06-12T11:27:57.896837
499,County Executive of Lamu-2018-2019,2018/19,county_executive,https://www.oagkenya.go.ke/wp-content/uploads/2021/09/County-Executive-of-Lamu-2018-2019.pdf,C:\Users\user\Data_Science_Course\kenya_public_finance_intelligence\kenya_public_finance_intelligence\data\raw\oag\oag_2018-19_county-executive_county-executive-of-lamu-2018-2019.pdf,2026-06-12T11:27:57.896862
500,County Executive of Laikipia-2018-2019,2018/19,county_executive,https://www.oagkenya.go.ke/wp-content/uploads/2021/09/County-Executive-of-Laikipia-2018-2019.pdf#new_tab,C:\Users\user\Data_Science_Course\kenya_public_finance_intelligence\kenya_public_finance_intelligence\data\raw\oag\oag_2018-19_county-executive_county-executive-of-laikipia-2018-2019.pdf,2026-06-12T11:27:57.897342
501,County Executive of Laikipia-2018-2019,2018/19,county_executive,https://www.oagkenya.go.ke/wp-content/uploads/2021/09/County-Executive-of-Laikipia-2018-2019.pdf,C:\Users\user\Data_Science_Course\kenya_public_finance_intelligence\kenya_public_finance_intelligence\data\raw\oag\oag_2018-19_county-executive_county-executive-of-laikipia-2018-2019.pdf,2026-06-12T11:27:57.897368
502,County Executive of Kwale-2018-2019,2018/19,county_executive,https://www.oagkenya.go.ke/wp-content/uploads/2021/09/County-Executive-of-Kwale-2018-2019.pdf#new_tab,C:\Users\user\Data_Science_Course\kenya_public_finance_intelligence\kenya_public_finance_intelligence\data\raw\oag\oag_2018-19_county-executive_county-executive-of-kwale-2018-2019.pdf,2026-06-12T11:27:57.897856
503,County Executive of Kwale-2018-2019,2018/19,county_executive,https://www.oagkenya.go.ke/wp-content/uploads/2021/09/County-Executive-of-Kwale-2018-2019.pdf,C:\Users\user\Data_Science_Course\kenya_public_finance_intelligence\kenya_public_finance_intelligence\data\raw\oag\oag_2018-19_county-executive_county-executive-of-kwale-2018-2019.pdf,2026-06-12T11:27:57.897881
504,County Executive of Kitui-2018-2019,2018/19,county_executive,https://www.oagkenya.go.ke/wp-content/uploads/2021/09/County-Executive-of-Kitui-2018-2019.pdf#new_tab,C:\Users\user\Data_Science_Course\kenya_public_finance_intelligence\kenya_public_finance_intelligence\data\raw\oag\oag_2018-19_county-executive_county-executive-of-kitui-2018-2019.pdf,2026-06-12T11:27:57.898347
505,County Executive of Kitui-2018-2019,2018/19,county_executive,https://www.oagkenya.go.ke/wp-content/uploads/2021/09/County-Executive-of-Kitui-2018-2019.pdf,C:\Users\user\Data_Science_Course\kenya_public_finance_intelligence\kenya_public_finance_intelligence\data\raw\oag\oag_2018-19_county-executive_county-executive-of-kitui-2018-2019.pdf,2026-06-12T11:27:57.898372
506,County Executive of Kisumu-2018-2019,2018/19,county_executive,https://www.oagkenya.go.ke/wp-content/uploads/2021/09/County-Executive-of-Kisumu-2018-2019.pdf#new_tab,C:\Users\user\Data_Science_Course\kenya_public_finance_intelligence\kenya_public_finance_intelligence\data\raw\oag\oag_2018-19_county-executive_county-executive-of-kisumu-2018-2019.pdf,2026-06-12T11:27:57.899014
507,County Executive of Kisumu-2018-2019,2018/19,county_executive,https://www.oagkenya.go.ke/wp-content/uploads/2021/09/County-Executive-of-Kisumu-2018-2019.pdf,C:\Users\user\Data_Science_Course\kenya_public_finance_intelligence\kenya_public_finance_intelligence\data\raw\oag\oag_2018-19_county-executive_county-executive-of-kisumu-2018-2019.pdf,2026-06-12T11:27:57.899045
508,County Executive of Kisii-2018-2019,2018/19,county_executive,https://www.oagkenya.go.ke/wp-content/uploads/2021/09/County-Executive-of-Kisii-2018-2019.pdf#new_tab,C:\Users\user\Data_Science_Course\kenya_public_finance_intelligence\kenya_public_finance_intelligence\data\raw\oag\oag_2018-19_county-executive_county-executive-of-kisii-2018-2019.pdf,2026-06-12T11:27:57.899525
509,County Executive of Kisii-2018-2019,2018/19,county_executive,https://www.oagkenya.go.ke/wp-content/uploads/2021/09/County-Executive-of-Kisii-2018-2019.pdf,C:\Users\user\Data_Science_Course\kenya_public_finance_intelligence\kenya_public_finance_intelligence\data\raw\oag\oag_2018-19_county-executive_county-executive-of-kisii-2018-2019.pdf,2026-06-12T11:27:57.899550
510,County Executive of Kirinyaga-2018-2019,2018/19,county_executive,https://www.oagkenya.go.ke/wp-content/uploads/2021/09/County-Executive-of-Kirinyaga-2018-2019.pdf#new_tab,C:\Users\user\Data_Science_Course\kenya_public_finance_intelligence\kenya_public_finance_intelligence\data\raw\oag\oag_2018-19_county-executive_county-executive-of-kirinyaga-2018-2019.pdf,2026-06-12T11:27:57.900012
511,County Executive of Kirinyaga-2018-2019,2018/19,county_executive,https://www.oagkenya.go.ke/wp-content/uploads/2021/09/County-Executive-of-Kirinyaga-2018-2019.pdf,C:\Users\user\Data_Science_Course\kenya_public_finance_intelligence\kenya_public_finance_intelligence\data\raw\oag\oag_2018-19_county-executive_county-executive-of-kirinyaga-2018-2019.pdf,2026-06-12T11:27:57.900034
512,County Executive of Kilifi-2018-2019,2018/19,county_executive,https://www.oagkenya.go.ke/wp-content/uploads/2021/09/County-Executive-of-Kilifi-2018-2019.pdf#new_tab,C:\Users\user\Data_Science_Course\kenya_public_finance_intelligence\kenya_public_finance_intelligence\data\raw\oag\oag_2018-19_county-executive_county-executive-of-kilifi-2018-2019.pdf,2026-06-12T11:27:57.900506
513,County Executive of Kilifi-2018-2019,2018/19,county_executive,https://www.oagkenya.go.ke/wp-content/uploads/2021/09/County-Executive-of-Kilifi-2018-2019.pdf,C:\Users\user\Data_Science_Course\kenya_public_finance_intelligence\kenya_public_finance_intelligence\data\raw\oag\oag_2018-19_county-executive_county-executive-of-kilifi-2018-2019.pdf,2026-06-12T11:27:57.900532
514,County Executive of Kiambu-2018-2019,2018/19,county_executive,https://www.oagkenya.go.ke/wp-content/uploads/2021/09/County-Executive-of-Kiambu-2018-2019.pdf#new_tab,C:\Users\user\Data_Science_Course\kenya_public_finance_intelligence\kenya_public_finance_intelligence\data\raw\oag\oag_2018-19_county-executive_county-executive-of-kiambu-2018-2019.pdf,2026-06-12T11:27:57.900989
515,County Executive of Kiambu-2018-2019,2018/19,county_executive,https://www.oagkenya.go.ke/wp-content/uploads/2021/09/County-Executive-of-Kiambu-2018-2019.pdf,C:\Users\user\Data_Science_Course\kenya_public_finance_intelligence\kenya_public_finance_intelligence\data\raw\oag\oag_2018-19_county-executive_county-executive-of-kiambu-2018-2019.pdf,2026-06-12T11:27:57.901012
516,County Executive of Kericho-2018-2019,2018/19,county_executive,https://www.oagkenya.go.ke/wp-content/uploads/2021/09/County-Executive-of-Kericho-2018-2019.pdf#new_tab,C:\Users\user\Data_Science_Course\kenya_public_finance_intelligence\kenya_public_finance_intelligence\data\raw\oag\oag_2018-19_county-executive_county-executive-of-kericho-2018-2019.pdf,2026-06-12T11:27:57.901480
517,County Executive of Kericho-2018-2019,2018/19,county_executive,https://www.oagkenya.go.ke/wp-content/uploads/2021/09/County-Executive-of-Kericho-2018-2019.pdf,C:\Users\user\Data_Science_Course\kenya_public_finance_intelligence\kenya_public_finance_intelligence\data\raw\oag\oag_2018-19_county-executive_county-executive-of-kericho-2018-2019.pdf,2026-06-12T11:27:57.901504
518,County Executive of Kakamega-2018-2019,2018/19,county_executive,https://www.oagkenya.go.ke/wp-content/uploads/2021/09/County-Executive-of-Kakamega-2018-2019.pdf#new_tab,C:\Users\user\Data_Science_Course\kenya_public_finance_intelligence\kenya_public_finance_intelligence\data\raw\oag\oag_2018-19_county-executive_county-executive-of-kakamega-2018-2019.pdf,2026-06-12T11:27:57.901984
519,County Executive of Kakamega-2018-2019,2018/19,county_executive,https://www.oagkenya.go.ke/wp-content/uploads/2021/09/County-Executive-of-Kakamega-2018-2019.pdf,C:\Users\user\Data_Science_Course\kenya_public_finance_intelligence\kenya_public_finance_intelligence\data\raw\oag\oag_2018-19_county-executive_county-executive-of-kakamega-2018-2019.pdf,2026-06-12T11:27:57.902009
520,County Executive of Kajiado-2018-2019,2018/19,county_executive,https://www.oagkenya.go.ke/wp-content/uploads/2021/09/County-Executive-of-Kajiado-2018-2019.pdf#new_tab,C:\Users\user\Data_Science_Course\kenya_public_finance_intelligence\kenya_public_finance_intelligence\data\raw\oag\oag_2018-19_county-executive_county-executive-of-kajiado-2018-2019.pdf,2026-06-12T11:27:57.902450
521,County Executive of Kajiado-2018-2019,2018/19,county_executive,https://www.oagkenya.go.ke/wp-content/uploads/2021/09/County-Executive-of-Kajiado-2018-2019.pdf,C:\Users\user\Data_Science_Course\kenya_public_finance_intelligence\kenya_public_finance_intelligence\data\raw\oag\oag_2018-19_county-executive_county-executive-of-kajiado-2018-2019.pdf,2026-06-12T11:27:57.902473
522,County Assembly of West Pokot-2018-2019,2018/19,county_assembly,https://www.oagkenya.go.ke/wp-content/uploads/2021/09/County-Assembly-of-West-Pokot-2018-2019.pdf#new_tab,C:\Users\user\Data_Science_Course\kenya_public_finance_intelligence\kenya_public_finance_intelligence\data\raw\oag\oag_2018-19_county-assembly_county-assembly-of-west-pokot-2018-2019.pdf,2026-06-12T11:27:57.902980
523,County Assembly of West Pokot-2018-2019,2018/19,county_assembly,https://www.oagkenya.go.ke/wp-content/uploads/2021/09/County-Assembly-of-West-Pokot-2018-2019.pdf,C:\Users\user\Data_Science_Course\kenya_public_finance_intelligence\kenya_public_finance_intelligence\data\raw\oag\oag_2018-19_county-assembly_county-assembly-of-west-pokot-2018-2019.pdf,2026-06-12T11:27:57.903004
524,County Assembly of Wajir-2018-2019,2018/19,county_assembly,https://www.oagkenya.go.ke/wp-content/uploads/2021/09/County-Assembly-of-Wajir-2018-2019.pdf#new_tab,C:\Users\user\Data_Science_Course\kenya_public_finance_intelligence\kenya_public_finance_intelligence\data\raw\oag\oag_2018-19_county-assembly_county-assembly-of-wajir-2018-2019.pdf,2026-06-12T11:27:57.903477
525,County Assembly of Wajir-2018-2019,2018/19,county_assembly,https://www.oagkenya.go.ke/wp-content/uploads/2021/09/County-Assembly-of-Wajir-2018-2019.pdf,C:\Users\user\Data_Science_Course\kenya_public_finance_intelligence\kenya_public_finance_intelligence\data\raw\oag\oag_2018-19_county-assembly_county-assembly-of-wajir-2018-2019.pdf,2026-06-12T11:27:57.903498
526,County Assembly of Vihiga-2018-2019,2018/19,county_assembly,https://www.oagkenya.go.ke/wp-content/uploads/2021/09/County-Assembly-of-Vihiga-2018-2019.pdf#new_tab,C:\Users\user\Data_Science_Course\kenya_public_finance_intelligence\kenya_public_finance_intelligence\data\raw\oag\oag_2018-19_county-assembly_county-assembly-of-vihiga-2018-2019.pdf,2026-06-12T11:27:57.903912
527,County Assembly of Vihiga-2018-2019,2018/19,county_assembly,https://www.oagkenya.go.ke/wp-content/uploads/2021/09/County-Assembly-of-Vihiga-2018-2019.pdf,C:\Users\user\Data_Science_Course\kenya_public_finance_intelligence\kenya_public_finance_intelligence\data\raw\oag\oag_2018-19_county-assembly_county-assembly-of-vihiga-2018-2019.pdf,2026-06-12T11:27:57.903932
528,County Assembly of Uasin Gishu-2018-2019,2018/19,county_assembly,https://www.oagkenya.go.ke/wp-content/uploads/2021/09/County-Assembly-of-Uasin-Gishu-2018-2019.pdf#new_tab,C:\Users\user\Data_Science_Course\kenya_public_finance_intelligence\kenya_public_finance_intelligence\data\raw\oag\oag_2018-19_county-assembly_county-assembly-of-uasin-gishu-2018-2019.pdf,2026-06-12T11:27:57.904434
529,County Assembly of Uasin Gishu-2018-2019,2018/19,county_assembly,https://www.oagkenya.go.ke/wp-content/uploads/2021/09/County-Assembly-of-Uasin-Gishu-2018-2019.pdf,C:\Users\user\Data_Science_Course\kenya_public_finance_intelligence\kenya_public_finance_intelligence\data\raw\oag\oag_2018-19_county-assembly_county-assembly-of-uasin-gishu-2018-2019.pdf,2026-06-12T11:27:57.904462
530,County Assembly of Turkana-2018-2019,2018/19,county_assembly,https://www.oagkenya.go.ke/wp-content/uploads/2021/09/County-Assembly-of-Turkana-2018-2019.pdf#new_tab,C:\Users\user\Data_Science_Course\kenya_public_finance_intelligence\kenya_public_finance_intelligence\data\raw\oag\oag_2018-19_county-assembly_county-assembly-of-turkana-2018-2019.pdf,2026-06-12T11:27:57.904910
531,County Assembly of Turkana-2018-2019,2018/19,county_assembly,https://www.oagkenya.go.ke/wp-content/uploads/2021/09/County-Assembly-of-Turkana-2018-2019.pdf,C:\Users\user\Data_Science_Course\kenya_public_finance_intelligence\kenya_public_finance_intelligence\data\raw\oag\oag_2018-19_county-assembly_county-assembly-of-turkana-2018-2019.pdf,2026-06-12T11:27:57.904933
532,County Assembly of Tana River-2018-2019,2018/19,county_assembly,https://www.oagkenya.go.ke/wp-content/uploads/2021/09/County-Assembly-of-Tana-River-2018-2019.pdf#new_tab,C:\Users\user\Data_Science_Course\kenya_public_finance_intelligence\kenya_public_finance_intelligence\data\raw\oag\oag_2018-19_county-assembly_county-assembly-of-tana-river-2018-2019.pdf,2026-06-12T11:27:57.905409
533,County Assembly of Tana River-2018-2019,2018/19,county_assembly,https://www.oagkenya.go.ke/wp-content/uploads/2021/09/County-Assembly-of-Tana-River-2018-2019.pdf,C:\Users\user\Data_Science_Course\kenya_public_finance_intelligence\kenya_public_finance_intelligence\data\raw\oag\oag_2018-19_county-assembly_county-assembly-of-tana-river-2018-2019.pdf,2026-06-12T11:27:57.905441
534,County Assembly of Taita Taveta-2018-2019,2018/19,county_assembly,https://www.oagkenya.go.ke/wp-content/uploads/2021/09/County-Assembly-of-Taita-Taveta-2018-2019.pdf#new_tab,C:\Users\user\Data_Science_Course\kenya_public_finance_intelligence\kenya_public_finance_intelligence\data\raw\oag\oag_2018-19_county-assembly_county-assembly-of-taita-taveta-2018-201.pdf,2026-06-12T11:27:57.905897
535,County Assembly of Taita Taveta-2018-2019,2018/19,county_assembly,https://www.oagkenya.go.ke/wp-content/uploads/2021/09/County-Assembly-of-Taita-Taveta-2018-2019.pdf,C:\Users\user\Data_Science_Course\kenya_public_finance_intelligence\kenya_public_finance_intelligence\data\raw\oag\oag_2018-19_county-assembly_county-assembly-of-taita-taveta-2018-201.pdf,2026-06-12T11:27:57.905920
536,County Assembly of Samburu-2018-2019,2018/19,county_assembly,https://www.oagkenya.go.ke/wp-content/uploads/2021/09/County-Assembly-of-Samburu-2018-2019.pdf#new_tab,C:\Users\user\Data_Science_Course\kenya_public_finance_intelligence\kenya_public_finance_intelligence\data\raw\oag\oag_2018-19_county-assembly_county-assembly-of-samburu-2018-2019.pdf,2026-06-12T11:27:57.906358
537,County Assembly of Samburu-2018-2019,2018/19,county_assembly,https://www.oagkenya.go.ke/wp-content/uploads/2021/09/County-Assembly-of-Samburu-2018-2019.pdf,C:\Users\user\Data_Science_Course\kenya_public_finance_intelligence\kenya_public_finance_intelligence\data\raw\oag\oag_2018-19_county-assembly_county-assembly-of-samburu-2018-2019.pdf,2026-06-12T11:27:57.906381
538,County Assembly of Nyeri-2018-2019,2018/19,county_assembly,https://www.oagkenya.go.ke/wp-content/uploads/2021/09/County-Assembly-of-Nyeri-2018-2019.pdf#new_tab,C:\Users\user\Data_Science_Course\kenya_public_finance_intelligence\kenya_public_finance_intelligence\data\raw\oag\oag_2018-19_county-assembly_county-assembly-of-nyeri-2018-2019.pdf,2026-06-12T11:27:57.906824
539,County Assembly of Nyeri-2018-2019,2018/19,county_assembly,https://www.oagkenya.go.ke/wp-content/uploads/2021/09/County-Assembly-of-Nyeri-2018-2019.pdf,C:\Users\user\Data_Science_Course\kenya_public_finance_intelligence\kenya_public_finance_intelligence\data\raw\oag\oag_2018-19_county-assembly_county-assembly-of-nyeri-2018-2019.pdf,2026-06-12T11:27:57.906847
540,County Assembly of Nyandarua-2018-2019,2018/19,county_assembly,https://www.oagkenya.go.ke/wp-content/uploads/2021/09/County-Assembly-of-Nyandarua-2018-2019.pdf#new_tab,C:\Users\user\Data_Science_Course\kenya_public_finance_intelligence\kenya_public_finance_intelligence\data\raw\oag\oag_2018-19_county-assembly_county-assembly-of-nyandarua-2018-2019.pdf,2026-06-12T11:27:57.907275
541,County Assembly of Nyandarua-2018-2019,2018/19,county_assembly,https://www.oagkenya.go.ke/wp-content/uploads/2021/09/County-Assembly-of-Nyandarua-2018-2019.pdf,C:\Users\user\Data_Science_Course\kenya_public_finance_intelligence\kenya_public_finance_intelligence\data\raw\oag\oag_2018-19_county-assembly_county-assembly-of-nyandarua-2018-2019.pdf,2026-06-12T11:27:57.907297
542,County Assembly of Nandi-2018-2019,2018/19,county_assembly,https://www.oagkenya.go.ke/wp-content/uploads/2021/09/County-Assembly-of-Nandi-2018-2019.pdf#new_tab,C:\Users\user\Data_Science_Course\kenya_public_finance_intelligence\kenya_public_finance_intelligence\data\raw\oag\oag_2018-19_county-assembly_county-assembly-of-nandi-2018-2019.pdf,2026-06-12T11:27:57.907734
543,County Assembly of Nandi-2018-2019,2018/19,county_assembly,https://www.oagkenya.go.ke/wp-content/uploads/2021/09/County-Assembly-of-Nandi-2018-2019.pdf,C:\Users\user\Data_Science_Course\kenya_public_finance_intelligence\kenya_public_finance_intelligence\data\raw\oag\oag_2018-19_county-assembly_county-assembly-of-nandi-2018-2019.pdf,2026-06-12T11:27:57.907757
544,County Assembly of Nakuru-2018-2019,2018/19,county_assembly,https://www.oagkenya.go.ke/wp-content/uploads/2021/09/County-Assembly-of-Nakuru-2018-2019.pdf#new_tab,C:\Users\user\Data_Science_Course\kenya_public_finance_intelligence\kenya_public_finance_intelligence\data\raw\oag\oag_2018-19_county-assembly_county-assembly-of-nakuru-2018-2019.pdf,2026-06-12T11:27:57.908191
545,County Assembly of Nakuru-2018-2019,2018/19,county_assembly,https://www.oagkenya.go.ke/wp-content/uploads/2021/09/County-Assembly-of-Nakuru-2018-2019.pdf,C:\Users\user\Data_Science_Course\kenya_public_finance_intelligence\kenya_public_finance_intelligence\data\raw\oag\oag_2018-19_county-assembly_county-assembly-of-nakuru-2018-2019.pdf,2026-06-12T11:27:57.908213
546,County Assembly of Nairobi-2018-2019,2018/19,county_assembly,https://www.oagkenya.go.ke/wp-content/uploads/2021/09/County-Assembly-of-Nairobi-2018-2019.pdf#new_tab,C:\Users\user\Data_Science_Course\kenya_public_finance_intelligence\kenya_public_finance_intelligence\data\raw\oag\oag_2018-19_county-assembly_county-assembly-of-nairobi-2018-2019.pdf,2026-06-12T11:27:57.908660
547,County Assembly of Nairobi-2018-2019,2018/19,county_assembly,https://www.oagkenya.go.ke/wp-content/uploads/2021/09/County-Assembly-of-Nairobi-2018-2019.pdf,C:\Users\user\Data_Science_Course\kenya_public_finance_intelligence\kenya_public_finance_intelligence\data\raw\oag\oag_2018-19_county-assembly_county-assembly-of-nairobi-2018-2019.pdf,2026-06-12T11:27:57.908683
548,County Assembly of Murang’a-2018-2019,2018/19,county_assembly,https://www.oagkenya.go.ke/wp-content/uploads/2021/09/County-Assembly-of-Muranga-2018-2019.pdf#new_tab,C:\Users\user\Data_Science_Course\kenya_public_finance_intelligence\kenya_public_finance_intelligence\data\raw\oag\oag_2018-19_county-assembly_county-assembly-of-muranga-2018-2019.pdf,2026-06-12T11:27:57.909122
549,County Assembly of Murang’a-2018-2019,2018/19,county_assembly,https://www.oagkenya.go.ke/wp-content/uploads/2021/09/County-Assembly-of-Muranga-2018-2019.pdf,C:\Users\user\Data_Science_Course\kenya_public_finance_intelligence\kenya_public_finance_intelligence\data\raw\oag\oag_2018-19_county-assembly_county-assembly-of-muranga-2018-2019.pdf,2026-06-12T11:27:57.909152
550,County Assembly of Mombasa-2018-2019,2018/19,county_assembly,https://www.oagkenya.go.ke/wp-content/uploads/2021/09/County-Assembly-of-Mombasa-2018-2019.pdf#new_tab,C:\Users\user\Data_Science_Course\kenya_public_finance_intelligence\kenya_public_finance_intelligence\data\raw\oag\oag_2018-19_county-assembly_county-assembly-of-mombasa-2018-2019.pdf,2026-06-12T11:27:57.909650
551,County Assembly of Mombasa-2018-2019,2018/19,county_assembly,https://www.oagkenya.go.ke/wp-content/uploads/2021/09/County-Assembly-of-Mombasa-2018-2019.pdf,C:\Users\user\Data_Science_Course\kenya_public_finance_intelligence\kenya_public_finance_intelligence\data\raw\oag\oag_2018-19_county-assembly_county-assembly-of-mombasa-2018-2019.pdf,2026-06-12T11:27:57.909676
552,County Assembly of Migori-2018-2019,2018/19,county_assembly,https://www.oagkenya.go.ke/wp-content/uploads/2021/09/County-Assembly-of-Migori-2018-2019.pdf#new_tab,C:\Users\user\Data_Science_Course\kenya_public_finance_intelligence\kenya_public_finance_intelligence\data\raw\oag\oag_2018-19_county-assembly_county-assembly-of-migori-2018-2019.pdf,2026-06-12T11:27:57.910139
553,County Assembly of Migori-2018-2019,2018/19,county_assembly,https://www.oagkenya.go.ke/wp-content/uploads/2021/09/County-Assembly-of-Migori-2018-2019.pdf,C:\Users\user\Data_Science_Course\kenya_public_finance_intelligence\kenya_public_finance_intelligence\data\raw\oag\oag_2018-19_county-assembly_county-assembly-of-migori-2018-2019.pdf,2026-06-12T11:27:57.910164
554,County Assembly of Meru-2018-2019,2018/19,county_assembly,https://www.oagkenya.go.ke/wp-content/uploads/2021/09/County-Assembly-of-Meru-2018-2019.pdf#new_tab,C:\Users\user\Data_Science_Course\kenya_public_finance_intelligence\kenya_public_finance_intelligence\data\raw\oag\oag_2018-19_county-assembly_county-assembly-of-meru-2018-2019.pdf,2026-06-12T11:27:57.910636
555,County Assembly of Meru-2018-2019,2018/19,county_assembly,https://www.oagkenya.go.ke/wp-content/uploads/2021/09/County-Assembly-of-Meru-2018-2019.pdf,C:\Users\user\Data_Science_Course\kenya_public_finance_intelligence\kenya_public_finance_intelligence\data\raw\oag\oag_2018-19_county-assembly_county-assembly-of-meru-2018-2019.pdf,2026-06-12T11:27:57.910659
556,County Assembly of Marsabit-2018-2019,2018/19,county_assembly,https://www.oagkenya.go.ke/wp-content/uploads/2021/09/County-Assembly-of-Marsabit-2018-2019.pdf#new_tab,C:\Users\user\Data_Science_Course\kenya_public_finance_intelligence\kenya_public_finance_intelligence\data\raw\oag\oag_2018-19_county-assembly_county-assembly-of-marsabit-2018-2019.pdf,2026-06-12T11:27:57.911117
557,County Assembly of Marsabit-2018-2019,2018/19,county_assembly,https://www.oagkenya.go.ke/wp-content/uploads/2021/09/County-Assembly-of-Marsabit-2018-2019.pdf,C:\Users\user\Data_Science_Course\kenya_public_finance_intelligence\kenya_public_finance_intelligence\data\raw\oag\oag_2018-19_county-assembly_county-assembly-of-marsabit-2018-2019.pdf,2026-06-12T11:27:57.911140
558,County Assembly of Mandera-2018-2019,2018/19,county_assembly,https://www.oagkenya.go.ke/wp-content/uploads/2021/09/County-Assembly-of-Mandera-2018-2019.pdf#new_tab,C:\Users\user\Data_Science_Course\kenya_public_finance_intelligence\kenya_public_finance_intelligence\data\raw\oag\oag_2018-19_county-assembly_county-assembly-of-mandera-2018-2019.pdf,2026-06-12T11:27:57.911624
559,County Assembly of Mandera-2018-2019,2018/19,county_assembly,https://www.oagkenya.go.ke/wp-content/uploads/2021/09/County-Assembly-of-Mandera-2018-2019.pdf,C:\Users\user\Data_Science_Course\kenya_public_finance_intelligence\kenya_public_finance_intelligence\data\raw\oag\oag_2018-19_county-assembly_county-assembly-of-mandera-2018-2019.pdf,2026-06-12T11:27:57.911650
560,County Assembly of Makueni-2018-2019,2018/19,county_assembly,https://www.oagkenya.go.ke/wp-content/uploads/2021/09/County-Assembly-of-Makueni-2018-2019.pdf#new_tab,C:\Users\user\Data_Science_Course\kenya_public_finance_intelligence\kenya_public_finance_intelligence\data\raw\oag\oag_2018-19_county-assembly_county-assembly-of-makueni-2018-2019.pdf,2026-06-12T11:27:57.912192
561,County Assembly of Makueni-2018-2019,2018/19,county_assembly,https://www.oagkenya.go.ke/wp-content/uploads/2021/09/County-Assembly-of-Makueni-2018-2019.pdf,C:\Users\user\Data_Science_Course\kenya_public_finance_intelligence\kenya_public_finance_intelligence\data\raw\oag\oag_2018-19_county-assembly_county-assembly-of-makueni-2018-2019.pdf,2026-06-12T11:27:57.912221
562,County Assembly of Machakos-2018-2019,2018/19,county_assembly,https://www.oagkenya.go.ke/wp-content/uploads/2021/09/County-Assembly-of-Machakos-2018-2019.pdf#new_tab,C:\Users\user\Data_Science_Course\kenya_public_finance_intelligence\kenya_public_finance_intelligence\data\raw\oag\oag_2018-19_county-assembly_county-assembly-of-machakos-2018-2019.pdf,2026-06-12T11:27:57.912749
563,County Assembly of Machakos-2018-2019,2018/19,county_assembly,https://www.oagkenya.go.ke/wp-content/uploads/2021/09/County-Assembly-of-Machakos-2018-2019.pdf,C:\Users\user\Data_Science_Course\kenya_public_finance_intelligence\kenya_public_finance_intelligence\data\raw\oag\oag_2018-19_county-assembly_county-assembly-of-machakos-2018-2019.pdf,2026-06-12T11:27:57.912779
564,County Assembly of Lamu-2018-2019,2018/19,county_assembly,https://www.oagkenya.go.ke/wp-content/uploads/2021/09/County-Assembly-of-Lamu-2018-2019.pdf#new_tab,C:\Users\user\Data_Science_Course\kenya_public_finance_intelligence\kenya_public_finance_intelligence\data\raw\oag\oag_2018-19_county-assembly_county-assembly-of-lamu-2018-2019.pdf,2026-06-12T11:27:57.913347
565,County Assembly of Lamu-2018-2019,2018/19,county_assembly,https://www.oagkenya.go.ke/wp-content/uploads/2021/09/County-Assembly-of-Lamu-2018-2019.pdf,C:\Users\user\Data_Science_Course\kenya_public_finance_intelligence\kenya_public_finance_intelligence\data\raw\oag\oag_2018-19_county-assembly_county-assembly-of-lamu-2018-2019.pdf,2026-06-12T11:27:57.913379
566,County Assembly of Laikipia-2018-2019,2018/19,county_assembly,https://www.oagkenya.go.ke/wp-content/uploads/2021/09/County-Assembly-of-Laikipia-2018-2019.pdf#new_tab,C:\Users\user\Data_Science_Course\kenya_public_finance_intelligence\kenya_public_finance_intelligence\data\raw\oag\oag_2018-19_county-assembly_county-assembly-of-laikipia-2018-2019.pdf,2026-06-12T11:27:57.915139
567,County Assembly of Laikipia-2018-2019,2018/19,county_assembly,https://www.oagkenya.go.ke/wp-content/uploads/2021/09/County-Assembly-of-Laikipia-2018-2019.pdf,C:\Users\user\Data_Science_Course\kenya_public_finance_intelligence\kenya_public_finance_intelligence\data\raw\oag\oag_2018-19_county-assembly_county-assembly-of-laikipia-2018-2019.pdf,2026-06-12T11:27:57.915299
568,County Assembly of Kwale-2018-2019,2018/19,county_assembly,https://www.oagkenya.go.ke/wp-content/uploads/2021/09/County-Assembly-of-Kwale-2018-2019.pdf#new_tab,C:\Users\user\Data_Science_Course\kenya_public_finance_intelligence\kenya_public_finance_intelligence\data\raw\oag\oag_2018-19_county-assembly_county-assembly-of-kwale-2018-2019.pdf,2026-06-12T11:27:57.916030
569,County Assembly of Kwale-2018-2019,2018/19,county_assembly,https://www.oagkenya.go.ke/wp-content/uploads/2021/09/County-Assembly-of-Kwale-2018-2019.pdf,C:\Users\user\Data_Science_Course\kenya_public_finance_intelligence\kenya_public_finance_intelligence\data\raw\oag\oag_2018-19_county-assembly_county-assembly-of-kwale-2018-2019.pdf,2026-06-12T11:27:57.916067
570,County Assembly of Kitui-2018-2019,2018/19,county_assembly,https://www.oagkenya.go.ke/wp-content/uploads/2021/09/County-Assembly-of-Kitui-2018-2019.pdf#new_tab,C:\Users\user\Data_Science_Course\kenya_public_finance_intelligence\kenya_public_finance_intelligence\data\raw\oag\oag_2018-19_county-assembly_county-assembly-of-kitui-2018-2019.pdf,2026-06-12T11:27:57.916605
571,County Assembly of Kitui-2018-2019,2018/19,county_assembly,https://www.oagkenya.go.ke/wp-content/uploads/2021/09/County-Assembly-of-Kitui-2018-2019.pdf,C:\Users\user\Data_Science_Course\kenya_public_finance_intelligence\kenya_public_finance_intelligence\data\raw\oag\oag_2018-19_county-assembly_county-assembly-of-kitui-2018-2019.pdf,2026-06-12T11:27:57.916633
572,County Assembly of Kisumu-2018-2019,2018/19,county_assembly,https://www.oagkenya.go.ke/wp-content/uploads/2021/09/County-Assembly-of-Kisumu-2018-2019.pdf,C:\Users\user\Data_Science_Course\kenya_public_finance_intelligence\kenya_public_finance_intelligence\data\raw\oag\oag_2018-19_county-assembly_county-assembly-of-kisumu-2018-2019.pdf,2026-06-12T11:27:57.917095
573,County Assembly of Kirinyaga-2018-2019,2018/19,county_assembly,https://www.oagkenya.go.ke/wp-content/uploads/2021/09/County-Assembly-of-Kirinyaga-2018-2019.pdf,C:\Users\user\Data_Science_Course\kenya_public_finance_intelligence\kenya_public_finance_intelligence\data\raw\oag\oag_2018-19_county-assembly_county-assembly-of-kirinyaga-2018-2019.pdf,2026-06-12T11:27:57.917741
574,County Assembly of Kilifi-2018-2019,2018/19,county_assembly,https://www.oagkenya.go.ke/wp-content/uploads/2021/09/County-Assembly-of-Kilifi-2018-2019-1.pdf#new_tab,C:\Users\user\Data_Science_Course\kenya_public_finance_intelligence\kenya_public_finance_intelligence\data\raw\oag\oag_2018-19_county-assembly_county-assembly-of-kilifi-2018-2019.pdf,2026-06-12T11:27:57.918315
575,County Assembly of Kilifi-2018-2019,2018/19,county_assembly,https://www.oagkenya.go.ke/wp-content/uploads/2021/09/County-Assembly-of-Kilifi-2018-2019-1.pdf,C:\Users\user\Data_Science_Course\kenya_public_finance_intelligence\kenya_public_finance_intelligence\data\raw\oag\oag_2018-19_county-assembly_county-assembly-of-kilifi-2018-2019.pdf,2026-06-12T11:27:57.918361
576,County Assembly of Kericho-2018-2019,2018/19,county_assembly,https://www.oagkenya.go.ke/wp-content/uploads/2021/09/County-Assembly-of-Kericho-2018-2019-1.pdf#new_tab,C:\Users\user\Data_Science_Course\kenya_public_finance_intelligence\kenya_public_finance_intelligence\data\raw\oag\oag_2018-19_county-assembly_county-assembly-of-kericho-2018-2019.pdf,2026-06-12T11:27:57.919486
577,County Assembly of Kericho-2018-2019,2018/19,county_assembly,https://www.oagkenya.go.ke/wp-content/uploads/2021/09/County-Assembly-of-Kericho-2018-2019-1.pdf,C:\Users\user\Data_Science_Course\kenya_public_finance_intelligence\kenya_public_finance_intelligence\data\raw\oag\oag_2018-19_county-assembly_county-assembly-of-kericho-2018-2019.pdf,2026-06-12T11:27:57.919513
578,County Assembly of Kakamega-2018-2019,2018/19,county_assembly,https://www.oagkenya.go.ke/wp-content/uploads/2021/09/County-Assembly-of-Kakamega-2018-2019-1.pdf#new_tab,C:\Users\user\Data_Science_Course\kenya_public_finance_intelligence\kenya_public_finance_intelligence\data\raw\oag\oag_2018-19_county-assembly_county-assembly-of-kakamega-2018-2019.pdf,2026-06-12T11:27:57.919990
579,County Assembly of Kakamega-2018-2019,2018/19,county_assembly,https://www.oagkenya.go.ke/wp-content/uploads/2021/09/County-Assembly-of-Kakamega-2018-2019-1.pdf,C:\Users\user\Data_Science_Course\kenya_public_finance_intelligence\kenya_public_finance_intelligence\data\raw\oag\oag_2018-19_county-assembly_county-assembly-of-kakamega-2018-2019.pdf,2026-06-12T11:27:57.920015
580,County Assembly of Kajiado-2018-2019,2018/19,county_assembly,https://www.oagkenya.go.ke/wp-content/uploads/2021/09/County-Assembly-of-Kajiado-2018-2019-1.pdf#new_tab,C:\Users\user\Data_Science_Course\kenya_public_finance_intelligence\kenya_public_finance_intelligence\data\raw\oag\oag_2018-19_county-assembly_county-assembly-of-kajiado-2018-2019.pdf,2026-06-12T11:27:57.920490
581,County Assembly of Kajiado-2018-2019,2018/19,county_assembly,https://www.oagkenya.go.ke/wp-content/uploads/2021/09/County-Assembly-of-Kajiado-2018-2019-1.pdf,C:\Users\user\Data_Science_Course\kenya_public_finance_intelligence\kenya_public_finance_intelligence\data\raw\oag\oag_2018-19_county-assembly_county-assembly-of-kajiado-2018-2019.pdf,2026-06-12T11:27:57.920514
582,County Executive of Isiolo-2018-2019,2018/19,county_executive,https://www.oagkenya.go.ke/wp-content/uploads/2021/08/County-Executive-of-Isiolo-2018-2019.pdf#new_tab,C:\Users\user\Data_Science_Course\kenya_public_finance_intelligence\kenya_public_finance_intelligence\data\raw\oag\oag_2018-19_county-executive_county-executive-of-isiolo-2018-2019.pdf,2026-06-12T11:27:57.920973
583,County Executive of Isiolo-2018-2019,2018/19,county_executive,https://www.oagkenya.go.ke/wp-content/uploads/2021/08/County-Executive-of-Isiolo-2018-2019.pdf,C:\Users\user\Data_Science_Course\kenya_public_finance_intelligence\kenya_public_finance_intelligence\data\raw\oag\oag_2018-19_county-executive_county-executive-of-isiolo-2018-2019.pdf,2026-06-12T11:27:57.920997
584,County Executive of Homa Bay-2018-2019,2018/19,county_executive,https://www.oagkenya.go.ke/wp-content/uploads/2021/08/County-Executive-of-Homa-Bay-2018-2019.pdf#new_tab,C:\Users\user\Data_Science_Course\kenya_public_finance_intelligence\kenya_public_finance_intelligence\data\raw\oag\oag_2018-19_county-executive_county-executive-of-homa-bay-2018-2019.pdf,2026-06-12T11:27:57.921485
585,County Executive of Homa Bay-2018-2019,2018/19,county_executive,https://www.oagkenya.go.ke/wp-content/uploads/2021/08/County-Executive-of-Homa-Bay-2018-2019.pdf,C:\Users\user\Data_Science_Course\kenya_public_finance_intelligence\kenya_public_finance_intelligence\data\raw\oag\oag_2018-19_county-executive_county-executive-of-homa-bay-2018-2019.pdf,2026-06-12T11:27:57.921510
586,County Executive of Garissa-2018-2019,2018/19,county_executive,https://www.oagkenya.go.ke/wp-content/uploads/2021/08/County-Executive-of-Garissa-2018-2019.pdf#new_tab,C:\Users\user\Data_Science_Course\kenya_public_finance_intelligence\kenya_public_finance_intelligence\data\raw\oag\oag_2018-19_county-executive_county-executive-of-garissa-2018-2019.pdf,2026-06-12T11:27:57.921973
587,County Executive of Garissa-2018-2019,2018/19,county_executive,https://www.oagkenya.go.ke/wp-content/uploads/2021/08/County-Executive-of-Garissa-2018-2019.pdf,C:\Users\user\Data_Science_Course\kenya_public_finance_intelligence\kenya_public_finance_intelligence\data\raw\oag\oag_2018-19_county-executive_county-executive-of-garissa-2018-2019.pdf,2026-06-12T11:27:57.921997
588,County Executive of Embu-2018-2019,2018/19,county_executive,https://www.oagkenya.go.ke/wp-content/uploads/2021/08/County-Executive-of-Embu-2018-2019.pdf#new_tab,C:\Users\user\Data_Science_Course\kenya_public_finance_intelligence\kenya_public_finance_intelligence\data\raw\oag\oag_2018-19_county-executive_county-executive-of-embu-2018-2019.pdf,2026-06-12T11:27:57.922483
589,County Executive of Embu-2018-2019,2018/19,county_executive,https://www.oagkenya.go.ke/wp-content/uploads/2021/08/County-Executive-of-Embu-2018-2019.pdf,C:\Users\user\Data_Science_Course\kenya_public_finance_intelligence\kenya_public_finance_intelligence\data\raw\oag\oag_2018-19_county-executive_county-executive-of-embu-2018-2019.pdf,2026-06-12T11:27:57.922512
590,County Executive of Elgeyo-marakwet-2018-2019,2018/19,county_executive,https://www.oagkenya.go.ke/wp-content/uploads/2021/08/County-Executive-of-Elgeyo-marakwet-2018-2019.pdf#new_tab,C:\Users\user\Data_Science_Course\kenya_public_finance_intelligence\kenya_public_finance_intelligence\data\raw\oag\oag_2018-19_county-executive_county-executive-of-elgeyo-marakwet-2018.pdf,2026-06-12T11:27:57.922977
591,County Executive of Elgeyo-marakwet-2018-2019,2018/19,county_executive,https://www.oagkenya.go.ke/wp-content/uploads/2021/08/County-Executive-of-Elgeyo-marakwet-2018-2019.pdf,C:\Users\user\Data_Science_Course\kenya_public_finance_intelligence\kenya_public_finance_intelligence\data\raw\oag\oag_2018-19_county-executive_county-executive-of-elgeyo-marakwet-2018.pdf,2026-06-12T11:27:57.923002
592,County Executive of Bomet-2018-2019,2018/19,county_executive,https://www.oagkenya.go.ke/wp-content/uploads/2021/08/County-Executive-of-Bomet-2018-2019.pdf#new_tab,C:\Users\user\Data_Science_Course\kenya_public_finance_intelligence\kenya_public_finance_intelligence\data\raw\oag\oag_2018-19_county-executive_county-executive-of-bomet-2018-2019.pdf,2026-06-12T11:27:57.923474
593,County Executive of Bomet-2018-2019,2018/19,county_executive,https://www.oagkenya.go.ke/wp-content/uploads/2021/08/County-Executive-of-Bomet-2018-2019.pdf,C:\Users\user\Data_Science_Course\kenya_public_finance_intelligence\kenya_public_finance_intelligence\data\raw\oag\oag_2018-19_county-executive_county-executive-of-bomet-2018-2019.pdf,2026-06-12T11:27:57.923498
594,County Executive of Baringo-2018-2019,2018/19,county_executive,https://www.oagkenya.go.ke/wp-content/uploads/2021/08/County-Executive-of-Baringo-2018-2019.pdf#new_tab,C:\Users\user\Data_Science_Course\kenya_public_finance_intelligence\kenya_public_finance_intelligence\data\raw\oag\oag_2018-19_county-executive_county-executive-of-baringo-2018-2019.pdf,2026-06-12T11:27:57.923940
595,County Executive of Baringo-2018-2019,2018/19,county_executive,https://www.oagkenya.go.ke/wp-content/uploads/2021/08/County-Executive-of-Baringo-2018-2019.pdf,C:\Users\user\Data_Science_Course\kenya_public_finance_intelligence\kenya_public_finance_intelligence\data\raw\oag\oag_2018-19_county-executive_county-executive-of-baringo-2018-2019.pdf,2026-06-12T11:27:57.923962
596,County Assembly of Isiolo-2018-2019,2018/19,county_assembly,https://www.oagkenya.go.ke/wp-content/uploads/2021/08/County-Assembly-of-Isiolo-2018-2019.pdf#new_tab,C:\Users\user\Data_Science_Course\kenya_public_finance_intelligence\kenya_public_finance_intelligence\data\raw\oag\oag_2018-19_county-assembly_county-assembly-of-isiolo-2018-2019.pdf,2026-06-12T11:27:57.924443
597,County Assembly of Isiolo-2018-2019,2018/19,county_assembly,https://www.oagkenya.go.ke/wp-content/uploads/2021/08/County-Assembly-of-Isiolo-2018-2019.pdf,C:\Users\user\Data_Science_Course\kenya_public_finance_intelligence\kenya_public_finance_intelligence\data\raw\oag\oag_2018-19_county-assembly_county-assembly-of-isiolo-2018-2019.pdf,2026-06-12T11:27:57.924467
598,County Assembly of Homa Bay-2018-2019,2018/19,county_assembly,https://www.oagkenya.go.ke/wp-content/uploads/2021/08/County-Assembly-of-Homa-Bay-2018-2019.pdf#new_tab,C:\Users\user\Data_Science_Course\kenya_public_finance_intelligence\kenya_public_finance_intelligence\data\raw\oag\oag_2018-19_county-assembly_county-assembly-of-homa-bay-2018-2019.pdf,2026-06-12T11:27:57.924912
599,County Assembly of Homa Bay-2018-2019,2018/19,county_assembly,https://www.oagkenya.go.ke/wp-content/uploads/2021/08/County-Assembly-of-Homa-Bay-2018-2019.pdf,C:\Users\user\Data_Science_Course\kenya_public_finance_intelligence\kenya_public_finance_intelligence\data\raw\oag\oag_2018-19_county-assembly_county-assembly-of-homa-bay-2018-2019.pdf,2026-06-12T11:27:57.924935
600,County Assembly of Garissa-2018-2019,2018/19,county_assembly,https://www.oagkenya.go.ke/wp-content/uploads/2021/08/County-Assembly-of-Garissa-2018-2019.pdf#new_tab,C:\Users\user\Data_Science_Course\kenya_public_finance_intelligence\kenya_public_finance_intelligence\data\raw\oag\oag_2018-19_county-assembly_county-assembly-of-garissa-2018-2019.pdf,2026-06-12T11:27:57.925401
601,County Assembly of Garissa-2018-2019,2018/19,county_assembly,https://www.oagkenya.go.ke/wp-content/uploads/2021/08/County-Assembly-of-Garissa-2018-2019.pdf,C:\Users\user\Data_Science_Course\kenya_public_finance_intelligence\kenya_public_finance_intelligence\data\raw\oag\oag_2018-19_county-assembly_county-assembly-of-garissa-2018-2019.pdf,2026-06-12T11:27:57.925442
602,County Assembly of Embu-2018-2019,2018/19,county_assembly,https://www.oagkenya.go.ke/wp-content/uploads/2021/08/County-Assembly-of-Embu-2018-2019.pdf#new_tab,C:\Users\user\Data_Science_Course\kenya_public_finance_intelligence\kenya_public_finance_intelligence\data\raw\oag\oag_2018-19_county-assembly_county-assembly-of-embu-2018-2019.pdf,2026-06-12T11:27:57.925906
603,County Assembly of Embu-2018-2019,2018/19,county_assembly,https://www.oagkenya.go.ke/wp-content/uploads/2021/08/County-Assembly-of-Embu-2018-2019.pdf,C:\Users\user\Data_Science_Course\kenya_public_finance_intelligence\kenya_public_finance_intelligence\data\raw\oag\oag_2018-19_county-assembly_county-assembly-of-embu-2018-2019.pdf,2026-06-12T11:27:57.925929
604,County Assembly of Elgeyo-marakwet-2018-2019,2018/19,county_assembly,https://www.oagkenya.go.ke/wp-content/uploads/2021/08/County-Assembly-of-Elgeyo-marakwet-2018-2019.pdf#new_tab,C:\Users\user\Data_Science_Course\kenya_public_finance_intelligence\kenya_public_finance_intelligence\data\raw\oag\oag_2018-19_county-assembly_county-assembly-of-elgeyo-marakwet-2018-.pdf,2026-06-12T11:27:57.926404
605,County Assembly of Elgeyo-marakwet-2018-2019,2018/19,county_assembly,https://www.oagkenya.go.ke/wp-content/uploads/2021/08/County-Assembly-of-Elgeyo-marakwet-2018-2019.pdf,C:\Users\user\Data_Science_Course\kenya_public_finance_intelligence\kenya_public_finance_intelligence\data\raw\oag\oag_2018-19_county-assembly_county-assembly-of-elgeyo-marakwet-2018-.pdf,2026-06-12T11:27:57.926432
606,County Assembly of Busia-2018-2019,2018/19,county_assembly,https://www.oagkenya.go.ke/wp-content/uploads/2021/08/County-Assembly-of-Busia-2018-2019.pdf#new_tab,C:\Users\user\Data_Science_Course\kenya_public_finance_intelligence\kenya_public_finance_intelligence\data\raw\oag\oag_2018-19_county-assembly_county-assembly-of-busia-2018-2019.pdf,2026-06-12T11:27:57.926882
607,County Assembly of Busia-2018-2019,2018/19,county_assembly,https://www.oagkenya.go.ke/wp-content/uploads/2021/08/County-Assembly-of-Busia-2018-2019.pdf,C:\Users\user\Data_Science_Course\kenya_public_finance_intelligence\kenya_public_finance_intelligence\data\raw\oag\oag_2018-19_county-assembly_county-assembly-of-busia-2018-2019.pdf,2026-06-12T11:27:57.926907
608,County Assembly of Bomet-2018-2019,2018/19,county_assembly,https://www.oagkenya.go.ke/wp-content/uploads/2021/08/County-Assembly-of-Bomet-2018-2019.pdf#new_tab,C:\Users\user\Data_Science_Course\kenya_public_finance_intelligence\kenya_public_finance_intelligence\data\raw\oag\oag_2018-19_county-assembly_county-assembly-of-bomet-2018-2019.pdf,2026-06-12T11:27:57.927417
609,County Assembly of Bomet-2018-2019,2018/19,county_assembly,https://www.oagkenya.go.ke/wp-content/uploads/2021/08/County-Assembly-of-Bomet-2018-2019.pdf,C:\Users\user\Data_Science_Course\kenya_public_finance_intelligence\kenya_public_finance_intelligence\data\raw\oag\oag_2018-19_county-assembly_county-assembly-of-bomet-2018-2019.pdf,2026-06-12T11:27:57.927458
610,County Assembly of Baringo 2017 -2018,2017/18,county_assembly,https://www.oagkenya.go.ke/wp-content/uploads/2022/09/County-Assembly-of-Baringo-2017-2018.pdf#new_tab,C:\Users\user\Data_Science_Course\kenya_public_finance_intelligence\kenya_public_finance_intelligence\data\raw\oag\oag_2017-18_county-assembly_county-assembly-of-baringo-2017--2018.pdf,2026-06-12T11:28:02.058169
611,County Assembly of Baringo 2017 -2018,2017/18,county_assembly,https://www.oagkenya.go.ke/wp-content/uploads/2022/09/County-Assembly-of-Baringo-2017-2018.pdf,C:\Users\user\Data_Science_Course\kenya_public_finance_intelligence\kenya_public_finance_intelligence\data\raw\oag\oag_2017-18_county-assembly_county-assembly-of-baringo-2017--2018.pdf,2026-06-12T11:28:02.058193
612,County Executive of Busia 2017-2018,2017/18,county_executive,https://www.oagkenya.go.ke/wp-content/uploads/2022/09/County-Executive-of-Busia-2017-2018.pdf#new_tab,C:\Users\user\Data_Science_Course\kenya_public_finance_intelligence\kenya_public_finance_intelligence\data\raw\oag\oag_2017-18_county-executive_county-executive-of-busia-2017-2018.pdf,2026-06-12T11:28:02.058426
613,County Executive of Busia 2017-2018,2017/18,county_executive,https://www.oagkenya.go.ke/wp-content/uploads/2022/09/County-Executive-of-Busia-2017-2018.pdf,C:\Users\user\Data_Science_Course\kenya_public_finance_intelligence\kenya_public_finance_intelligence\data\raw\oag\oag_2017-18_county-executive_county-executive-of-busia-2017-2018.pdf,2026-06-12T11:28:02.058439
614,County Executive of Mandera 2017 -2018,2017/18,county_executive,https://www.oagkenya.go.ke/wp-content/uploads/2022/09/County-Executive-of-Mandera-2017-2018.pdf#new_tab,C:\Users\user\Data_Science_Course\kenya_public_finance_intelligence\kenya_public_finance_intelligence\data\raw\oag\oag_2017-18_county-executive_county-executive-of-mandera-2017--2018.pdf,2026-06-12T11:28:02.058660
615,County Executive of Mandera 2017 -2018,2017/18,county_executive,https://www.oagkenya.go.ke/wp-content/uploads/2022/09/County-Executive-of-Mandera-2017-2018.pdf,C:\Users\user\Data_Science_Course\kenya_public_finance_intelligence\kenya_public_finance_intelligence\data\raw\oag\oag_2017-18_county-executive_county-executive-of-mandera-2017--2018.pdf,2026-06-12T11:28:02.058673
616,County Assembly of Mombasa 2017- 2018,2017/18,county_assembly,https://www.oagkenya.go.ke/wp-content/uploads/2022/09/County-Assembly-of-Mombasa-2017-2018.pdf#new_tab,C:\Users\user\Data_Science_Course\kenya_public_finance_intelligence\kenya_public_finance_intelligence\data\raw\oag\oag_2017-18_county-assembly_county-assembly-of-mombasa-2017--2018.pdf,2026-06-12T11:28:02.058889
617,County Assembly of Mombasa 2017- 2018,2017/18,county_assembly,https://www.oagkenya.go.ke/wp-content/uploads/2022/09/County-Assembly-of-Mombasa-2017-2018.pdf,C:\Users\user\Data_Science_Course\kenya_public_finance_intelligence\kenya_public_finance_intelligence\data\raw\oag\oag_2017-18_county-assembly_county-assembly-of-mombasa-2017--2018.pdf,2026-06-12T11:28:02.058900
618,County Assembly of Kajiado 2017 -2018,2017/18,county_assembly,https://www.oagkenya.go.ke/wp-content/uploads/2022/09/County-Assembly-of-Kajiado-2017-2018.pdf#new_tab,C:\Users\user\Data_Science_Course\kenya_public_finance_intelligence\kenya_public_finance_intelligence\data\raw\oag\oag_2017-18_county-assembly_county-assembly-of-kajiado-2017--2018.pdf,2026-06-12T11:28:02.059121
619,County Assembly of Kajiado 2017 -2018,2017/18,county_assembly,https://www.oagkenya.go.ke/wp-content/uploads/2022/09/County-Assembly-of-Kajiado-2017-2018.pdf,C:\Users\user\Data_Science_Course\kenya_public_finance_intelligence\kenya_public_finance_intelligence\data\raw\oag\oag_2017-18_county-assembly_county-assembly-of-kajiado-2017--2018.pdf,2026-06-12T11:28:02.059134
620,County Executive of Vihiga 2017 -2018,2017/18,county_executive,https://www.oagkenya.go.ke/wp-content/uploads/2022/09/County-Executive-of-Vihiga-2017-2018.pdf#new_tab,C:\Users\user\Data_Science_Course\kenya_public_finance_intelligence\kenya_public_finance_intelligence\data\raw\oag\oag_2017-18_county-executive_county-executive-of-vihiga-2017--2018.pdf,2026-06-12T11:28:02.059345
621,County Executive of Vihiga 2017 -2018,2017/18,county_executive,https://www.oagkenya.go.ke/wp-content/uploads/2022/09/County-Executive-of-Vihiga-2017-2018.pdf,C:\Users\user\Data_Science_Course\kenya_public_finance_intelligence\kenya_public_finance_intelligence\data\raw\oag\oag_2017-18_county-executive_county-executive-of-vihiga-2017--2018.pdf,2026-06-12T11:28:02.059357
622,County Executive of Uasin Gishu 2017- 2018,2017/18,county_executive,https://www.oagkenya.go.ke/wp-content/uploads/2022/09/County-Executive-of-Uasin-Gishu-2017-2018.pdf#new_tab,C:\Users\user\Data_Science_Course\kenya_public_finance_intelligence\kenya_public_finance_intelligence\data\raw\oag\oag_2017-18_county-executive_county-executive-of-uasin-gishu-2017--20.pdf,2026-06-12T11:28:02.059570
623,County Executive of Uasin Gishu 2017- 2018,2017/18,county_executive,https://www.oagkenya.go.ke/wp-content/uploads/2022/09/County-Executive-of-Uasin-Gishu-2017-2018.pdf,C:\Users\user\Data_Science_Course\kenya_public_finance_intelligence\kenya_public_finance_intelligence\data\raw\oag\oag_2017-18_county-executive_county-executive-of-uasin-gishu-2017--20.pdf,2026-06-12T11:28:02.059582
624,County Executive of Narok 2017 -2018,2017/18,county_executive,https://www.oagkenya.go.ke/wp-content/uploads/2022/09/County-Executive-of-Narok-2017-2018.pdf#new_tab,C:\Users\user\Data_Science_Course\kenya_public_finance_intelligence\kenya_public_finance_intelligence\data\raw\oag\oag_2017-18_county-executive_county-executive-of-narok-2017--2018.pdf,2026-06-12T11:28:02.059797
625,County Executive of Narok 2017 -2018,2017/18,county_executive,https://www.oagkenya.go.ke/wp-content/uploads/2022/09/County-Executive-of-Narok-2017-2018.pdf,C:\Users\user\Data_Science_Course\kenya_public_finance_intelligence\kenya_public_finance_intelligence\data\raw\oag\oag_2017-18_county-executive_county-executive-of-narok-2017--2018.pdf,2026-06-12T11:28:02.059809
626,County Executive of Meru 2017 -2018,2017/18,county_executive,https://www.oagkenya.go.ke/wp-content/uploads/2022/09/County-Executive-of-Meru-2017-2018.pdf#new_tab,C:\Users\user\Data_Science_Course\kenya_public_finance_intelligence\kenya_public_finance_intelligence\data\raw\oag\oag_2017-18_county-executive_county-executive-of-meru-2017--2018.pdf,2026-06-12T11:28:02.060028
627,County Executive of Meru 2017 -2018,2017/18,county_executive,https://www.oagkenya.go.ke/wp-content/uploads/2022/09/County-Executive-of-Meru-2017-2018.pdf,C:\Users\user\Data_Science_Course\kenya_public_finance_intelligence\kenya_public_finance_intelligence\data\raw\oag\oag_2017-18_county-executive_county-executive-of-meru-2017--2018.pdf,2026-06-12T11:28:02.060041
628,County Executive of Kajiado 2017- 2018,2017/18,county_executive,https://www.oagkenya.go.ke/wp-content/uploads/2022/09/County-Executive-of-Kajiado-2017-2018.pdf#new_tab,C:\Users\user\Data_Science_Course\kenya_public_finance_intelligence\kenya_public_finance_intelligence\data\raw\oag\oag_2017-18_county-executive_county-executive-of-kajiado-2017--2018.pdf,2026-06-12T11:28:02.060259
629,County Executive of Kajiado 2017- 2018,2017/18,county_executive,https://www.oagkenya.go.ke/wp-content/uploads/2022/09/County-Executive-of-Kajiado-2017-2018.pdf,C:\Users\user\Data_Science_Course\kenya_public_finance_intelligence\kenya_public_finance_intelligence\data\raw\oag\oag_2017-18_county-executive_county-executive-of-kajiado-2017--2018.pdf,2026-06-12T11:28:02.060270
630,County Executive of West Pokot-2017-2018,2017/18,county_executive,https://www.oagkenya.go.ke/wp-content/uploads/2021/09/County-Executive-of-West-Pokot-2017-2018.pdf#new_tab,C:\Users\user\Data_Science_Course\kenya_public_finance_intelligence\kenya_public_finance_intelligence\data\raw\oag\oag_2017-18_county-executive_county-executive-of-west-pokot-2017-2018.pdf,2026-06-12T11:28:02.060483
631,County Executive of West Pokot-2017-2018,2017/18,county_executive,https://www.oagkenya.go.ke/wp-content/uploads/2021/09/County-Executive-of-West-Pokot-2017-2018.pdf,C:\Users\user\Data_Science_Course\kenya_public_finance_intelligence\kenya_public_finance_intelligence\data\raw\oag\oag_2017-18_county-executive_county-executive-of-west-pokot-2017-2018.pdf,2026-06-12T11:28:02.060495
632,County Executive of Turkana-2017-2018,2017/18,county_executive,https://www.oagkenya.go.ke/wp-content/uploads/2021/09/County-Executive-of-Turkana-2017-2018.pdf#new_tab,C:\Users\user\Data_Science_Course\kenya_public_finance_intelligence\kenya_public_finance_intelligence\data\raw\oag\oag_2017-18_county-executive_county-executive-of-turkana-2017-2018.pdf,2026-06-12T11:28:02.060705
633,County Executive of Turkana-2017-2018,2017/18,county_executive,https://www.oagkenya.go.ke/wp-content/uploads/2021/09/County-Executive-of-Turkana-2017-2018.pdf,C:\Users\user\Data_Science_Course\kenya_public_finance_intelligence\kenya_public_finance_intelligence\data\raw\oag\oag_2017-18_county-executive_county-executive-of-turkana-2017-2018.pdf,2026-06-12T11:28:02.060717
634,County Executive of Trans Nzoia-2017-2018,2017/18,county_executive,https://www.oagkenya.go.ke/wp-content/uploads/2021/09/County-Executive-of-Trans-Nzoia-2017-2018.pdf#new_tab,C:\Users\user\Data_Science_Course\kenya_public_finance_intelligence\kenya_public_finance_intelligence\data\raw\oag\oag_2017-18_county-executive_county-executive-of-trans-nzoia-2017-201.pdf,2026-06-12T11:28:02.061190
635,County Executive of Trans Nzoia-2017-2018,2017/18,county_executive,https://www.oagkenya.go.ke/wp-content/uploads/2021/09/County-Executive-of-Trans-Nzoia-2017-2018.pdf,C:\Users\user\Data_Science_Course\kenya_public_finance_intelligence\kenya_public_finance_intelligence\data\raw\oag\oag_2017-18_county-executive_county-executive-of-trans-nzoia-2017-201.pdf,2026-06-12T11:28:02.061221
636,County Executive of Tharaka Nithi-2017-2018,2017/18,county_executive,https://www.oagkenya.go.ke/wp-content/uploads/2021/09/County-Executive-of-Tharaka-Nithi-2017-2018.pdf#new_tab,C:\Users\user\Data_Science_Course\kenya_public_finance_intelligence\kenya_public_finance_intelligence\data\raw\oag\oag_2017-18_county-executive_county-executive-of-tharaka-nithi-2017-2.pdf,2026-06-12T11:28:02.061620
637,County Executive of Tharaka Nithi-2017-2018,2017/18,county_executive,https://www.oagkenya.go.ke/wp-content/uploads/2021/09/County-Executive-of-Tharaka-Nithi-2017-2018.pdf,C:\Users\user\Data_Science_Course\kenya_public_finance_intelligence\kenya_public_finance_intelligence\data\raw\oag\oag_2017-18_county-executive_county-executive-of-tharaka-nithi-2017-2.pdf,2026-06-12T11:28:02.061637
638,County Executive of Taita Taveta-2017-2018,2017/18,county_executive,https://www.oagkenya.go.ke/wp-content/uploads/2021/09/County-Executive-of-Taita-Taveta-2017-2018.pdf#new_tab,C:\Users\user\Data_Science_Course\kenya_public_finance_intelligence\kenya_public_finance_intelligence\data\raw\oag\oag_2017-18_county-executive_county-executive-of-taita-taveta-2017-20.pdf,2026-06-12T11:28:02.061921
639,County Executive of Taita Taveta-2017-2018,2017/18,county_executive,https://www.oagkenya.go.ke/wp-content/uploads/2021/09/County-Executive-of-Taita-Taveta-2017-2018.pdf,C:\Users\user\Data_Science_Course\kenya_public_finance_intelligence\kenya_public_finance_intelligence\data\raw\oag\oag_2017-18_county-executive_county-executive-of-taita-taveta-2017-20.pdf,2026-06-12T11:28:02.061943
640,County Executive of Siaya-2017-2018,2017/18,county_executive,https://www.oagkenya.go.ke/wp-content/uploads/2021/09/County-Executive-of-Siaya-2017-2018.pdf#new_tab,C:\Users\user\Data_Science_Course\kenya_public_finance_intelligence\kenya_public_finance_intelligence\data\raw\oag\oag_2017-18_county-executive_county-executive-of-siaya-2017-2018.pdf,2026-06-12T11:28:02.062165
641,County Executive of Siaya-2017-2018,2017/18,county_executive,https://www.oagkenya.go.ke/wp-content/uploads/2021/09/County-Executive-of-Siaya-2017-2018.pdf,C:\Users\user\Data_Science_Course\kenya_public_finance_intelligence\kenya_public_finance_intelligence\data\raw\oag\oag_2017-18_county-executive_county-executive-of-siaya-2017-2018.pdf,2026-06-12T11:28:02.062177
642,County Executive of Samburu-2017-2018,2017/18,county_executive,https://www.oagkenya.go.ke/wp-content/uploads/2021/09/County-Executive-of-Samburu-2017-2018.pdf#new_tab,C:\Users\user\Data_Science_Course\kenya_public_finance_intelligence\kenya_public_finance_intelligence\data\raw\oag\oag_2017-18_county-executive_county-executive-of-samburu-2017-2018.pdf,2026-06-12T11:28:02.062390
643,County Executive of Samburu-2017-2018,2017/18,county_executive,https://www.oagkenya.go.ke/wp-content/uploads/2021/09/County-Executive-of-Samburu-2017-2018.pdf,C:\Users\user\Data_Science_Course\kenya_public_finance_intelligence\kenya_public_finance_intelligence\data\raw\oag\oag_2017-18_county-executive_county-executive-of-samburu-2017-2018.pdf,2026-06-12T11:28:02.062402
644,County Executive of Nyamira-2017-2018,2017/18,county_executive,https://www.oagkenya.go.ke/wp-content/uploads/2021/09/County-Executive-of-Nyamira-2017-2018.pdf#new_tab,C:\Users\user\Data_Science_Course\kenya_public_finance_intelligence\kenya_public_finance_intelligence\data\raw\oag\oag_2017-18_county-executive_county-executive-of-nyamira-2017-2018.pdf,2026-06-12T11:28:02.062612
645,County Executive of Nyamira-2017-2018,2017/18,county_executive,https://www.oagkenya.go.ke/wp-content/uploads/2021/09/County-Executive-of-Nyamira-2017-2018.pdf,C:\Users\user\Data_Science_Course\kenya_public_finance_intelligence\kenya_public_finance_intelligence\data\raw\oag\oag_2017-18_county-executive_county-executive-of-nyamira-2017-2018.pdf,2026-06-12T11:28:02.062624
646,County Executive of Nandi-2017-2018,2017/18,county_executive,https://www.oagkenya.go.ke/wp-content/uploads/2021/09/County-Executive-of-Nandi-2017-2018.pdf#new_tab,C:\Users\user\Data_Science_Course\kenya_public_finance_intelligence\kenya_public_finance_intelligence\data\raw\oag\oag_2017-18_county-executive_county-executive-of-nandi-2017-2018.pdf,2026-06-12T11:28:02.062832
647,County Executive of Nandi-2017-2018,2017/18,county_executive,https://www.oagkenya.go.ke/wp-content/uploads/2021/09/County-Executive-of-Nandi-2017-2018.pdf,C:\Users\user\Data_Science_Course\kenya_public_finance_intelligence\kenya_public_finance_intelligence\data\raw\oag\oag_2017-18_county-executive_county-executive-of-nandi-2017-2018.pdf,2026-06-12T11:28:02.062843
648,County Executive of Nakuru-2017-2018,2017/18,county_executive,https://www.oagkenya.go.ke/wp-content/uploads/2021/09/County-Executive-of-Nakuru-2017-2018.pdf#new_tab,C:\Users\user\Data_Science_Course\kenya_public_finance_intelligence\kenya_public_finance_intelligence\data\raw\oag\oag_2017-18_county-executive_county-executive-of-nakuru-2017-2018.pdf,2026-06-12T11:28:02.063061
649,County Executive of Nakuru-2017-2018,2017/18,county_executive,https://www.oagkenya.go.ke/wp-content/uploads/2021/09/County-Executive-of-Nakuru-2017-2018.pdf,C:\Users\user\Data_Science_Course\kenya_public_finance_intelligence\kenya_public_finance_intelligence\data\raw\oag\oag_2017-18_county-executive_county-executive-of-nakuru-2017-2018.pdf,2026-06-12T11:28:02.063073
650,County Executive of Nairobi-2017-2018,2017/18,county_executive,https://www.oagkenya.go.ke/wp-content/uploads/2021/09/County-Executive-of-Nairobi-2017-2018.pdf#new_tab,C:\Users\user\Data_Science_Course\kenya_public_finance_intelligence\kenya_public_finance_intelligence\data\raw\oag\oag_2017-18_county-executive_county-executive-of-nairobi-2017-2018.pdf,2026-06-12T11:28:02.063282
651,County Executive of Nairobi-2017-2018,2017/18,county_executive,https://www.oagkenya.go.ke/wp-content/uploads/2021/09/County-Executive-of-Nairobi-2017-2018.pdf,C:\Users\user\Data_Science_Course\kenya_public_finance_intelligence\kenya_public_finance_intelligence\data\raw\oag\oag_2017-18_county-executive_county-executive-of-nairobi-2017-2018.pdf,2026-06-12T11:28:02.063294
652,County Executive of Murang’a-2017-2018,2017/18,county_executive,https://www.oagkenya.go.ke/wp-content/uploads/2021/09/County-Executive-of-Muranga-2017-2018-1.pdf#new_tab,C:\Users\user\Data_Science_Course\kenya_public_finance_intelligence\kenya_public_finance_intelligence\data\raw\oag\oag_2017-18_county-executive_county-executive-of-muranga-2017-2018.pdf,2026-06-12T11:28:02.063512
653,County Executive of Murang’a-2017-2018,2017/18,county_executive,https://www.oagkenya.go.ke/wp-content/uploads/2021/09/County-Executive-of-Muranga-2017-2018-1.pdf,C:\Users\user\Data_Science_Course\kenya_public_finance_intelligence\kenya_public_finance_intelligence\data\raw\oag\oag_2017-18_county-executive_county-executive-of-muranga-2017-2018.pdf,2026-06-12T11:28:02.063528
654,County Executive of Makueni-2017-2018,2017/18,county_executive,https://www.oagkenya.go.ke/wp-content/uploads/2021/09/County-Executive-of-Makueni-2017-2018.pdf#new_tab,C:\Users\user\Data_Science_Course\kenya_public_finance_intelligence\kenya_public_finance_intelligence\data\raw\oag\oag_2017-18_county-executive_county-executive-of-makueni-2017-2018.pdf,2026-06-12T11:28:02.063741
655,County Executive of Makueni-2017-2018,2017/18,county_executive,https://www.oagkenya.go.ke/wp-content/uploads/2021/09/County-Executive-of-Makueni-2017-2018.pdf,C:\Users\user\Data_Science_Course\kenya_public_finance_intelligence\kenya_public_finance_intelligence\data\raw\oag\oag_2017-18_county-executive_county-executive-of-makueni-2017-2018.pdf,2026-06-12T11:28:02.063753
656,County Executive of Lamu-2017-2018,2017/18,county_executive,https://www.oagkenya.go.ke/wp-content/uploads/2021/09/County-Executive-of-Lamu-2017-2018.pdf#new_tab,C:\Users\user\Data_Science_Course\kenya_public_finance_intelligence\kenya_public_finance_intelligence\data\raw\oag\oag_2017-18_county-executive_county-executive-of-lamu-2017-2018.pdf,2026-06-12T11:28:02.063997
657,County Executive of Lamu-2017-2018,2017/18,county_executive,https://www.oagkenya.go.ke/wp-content/uploads/2021/09/County-Executive-of-Lamu-2017-2018.pdf,C:\Users\user\Data_Science_Course\kenya_public_finance_intelligence\kenya_public_finance_intelligence\data\raw\oag\oag_2017-18_county-executive_county-executive-of-lamu-2017-2018.pdf,2026-06-12T11:28:02.064010
658,County Executive of Kisumu-2017-2018,2017/18,county_executive,https://www.oagkenya.go.ke/wp-content/uploads/2021/09/County-Executive-of-Kisumu-2017-2018.pdf#new_tab,C:\Users\user\Data_Science_Course\kenya_public_finance_intelligence\kenya_public_finance_intelligence\data\raw\oag\oag_2017-18_county-executive_county-executive-of-kisumu-2017-2018.pdf,2026-06-12T11:28:02.064222
659,County Executive of Kisumu-2017-2018,2017/18,county_executive,https://www.oagkenya.go.ke/wp-content/uploads/2021/09/County-Executive-of-Kisumu-2017-2018.pdf,C:\Users\user\Data_Science_Course\kenya_public_finance_intelligence\kenya_public_finance_intelligence\data\raw\oag\oag_2017-18_county-executive_county-executive-of-kisumu-2017-2018.pdf,2026-06-12T11:28:02.064234
660,County Executive of Kisii-2017-2018,2017/18,county_executive,https://www.oagkenya.go.ke/wp-content/uploads/2021/09/County-Executive-of-Kisii-2017-2018.pdf#new_tab,C:\Users\user\Data_Science_Course\kenya_public_finance_intelligence\kenya_public_finance_intelligence\data\raw\oag\oag_2017-18_county-executive_county-executive-of-kisii-2017-2018.pdf,2026-06-12T11:28:02.064443
661,County Executive of Kisii-2017-2018,2017/18,county_executive,https://www.oagkenya.go.ke/wp-content/uploads/2021/09/County-Executive-of-Kisii-2017-2018.pdf,C:\Users\user\Data_Science_Course\kenya_public_finance_intelligence\kenya_public_finance_intelligence\data\raw\oag\oag_2017-18_county-executive_county-executive-of-kisii-2017-2018.pdf,2026-06-12T11:28:02.064454
662,County Executive of Kirinyaga-2017-2018,2017/18,county_executive,https://www.oagkenya.go.ke/wp-content/uploads/2021/09/County-Executive-of-Kirinyaga-2017-2018.pdf#new_tab,C:\Users\user\Data_Science_Course\kenya_public_finance_intelligence\kenya_public_finance_intelligence\data\raw\oag\oag_2017-18_county-executive_county-executive-of-kirinyaga-2017-2018.pdf,2026-06-12T11:28:02.064661
663,County Executive of Kirinyaga-2017-2018,2017/18,county_executive,https://www.oagkenya.go.ke/wp-content/uploads/2021/09/County-Executive-of-Kirinyaga-2017-2018.pdf,C:\Users\user\Data_Science_Course\kenya_public_finance_intelligence\kenya_public_finance_intelligence\data\raw\oag\oag_2017-18_county-executive_county-executive-of-kirinyaga-2017-2018.pdf,2026-06-12T11:28:02.064673
664,County Executive of Kilifi-2017-2018,2017/18,county_executive,https://www.oagkenya.go.ke/wp-content/uploads/2021/09/County-Executive-of-Kilifi-2017-2018.pdf#new_tab,C:\Users\user\Data_Science_Course\kenya_public_finance_intelligence\kenya_public_finance_intelligence\data\raw\oag\oag_2017-18_county-executive_county-executive-of-kilifi-2017-2018.pdf,2026-06-12T11:28:02.064880
665,County Executive of Kilifi-2017-2018,2017/18,county_executive,https://www.oagkenya.go.ke/wp-content/uploads/2021/09/County-Executive-of-Kilifi-2017-2018.pdf,C:\Users\user\Data_Science_Course\kenya_public_finance_intelligence\kenya_public_finance_intelligence\data\raw\oag\oag_2017-18_county-executive_county-executive-of-kilifi-2017-2018.pdf,2026-06-12T11:28:02.064892
666,County Executive of Kericho-2017-2018,2017/18,county_executive,https://www.oagkenya.go.ke/wp-content/uploads/2021/09/County-Executive-of-Kericho-2017-2018.pdf#new_tab,C:\Users\user\Data_Science_Course\kenya_public_finance_intelligence\kenya_public_finance_intelligence\data\raw\oag\oag_2017-18_county-executive_county-executive-of-kericho-2017-2018.pdf,2026-06-12T11:28:02.065107
667,County Executive of Kericho-2017-2018,2017/18,county_executive,https://www.oagkenya.go.ke/wp-content/uploads/2021/09/County-Executive-of-Kericho-2017-2018.pdf,C:\Users\user\Data_Science_Course\kenya_public_finance_intelligence\kenya_public_finance_intelligence\data\raw\oag\oag_2017-18_county-executive_county-executive-of-kericho-2017-2018.pdf,2026-06-12T11:28:02.065119
668,County Executive of Isiolo-2017-2018,2017/18,county_executive,https://www.oagkenya.go.ke/wp-content/uploads/2021/09/County-Executive-of-Isiolo-2017-2018.pdf#new_tab,C:\Users\user\Data_Science_Course\kenya_public_finance_intelligence\kenya_public_finance_intelligence\data\raw\oag\oag_2017-18_county-executive_county-executive-of-isiolo-2017-2018.pdf,2026-06-12T11:28:02.065327
669,County Executive of Isiolo-2017-2018,2017/18,county_executive,https://www.oagkenya.go.ke/wp-content/uploads/2021/09/County-Executive-of-Isiolo-2017-2018.pdf,C:\Users\user\Data_Science_Course\kenya_public_finance_intelligence\kenya_public_finance_intelligence\data\raw\oag\oag_2017-18_county-executive_county-executive-of-isiolo-2017-2018.pdf,2026-06-12T11:28:02.065338
670,County Executive of Homa Bay-2017-2018,2017/18,county_executive,https://www.oagkenya.go.ke/wp-content/uploads/2021/09/County-Executive-of-Homa-Bay-2017-2018.pdf#new_tab,C:\Users\user\Data_Science_Course\kenya_public_finance_intelligence\kenya_public_finance_intelligence\data\raw\oag\oag_2017-18_county-executive_county-executive-of-homa-bay-2017-2018.pdf,2026-06-12T11:28:02.065547
671,County Executive of Homa Bay-2017-2018,2017/18,county_executive,https://www.oagkenya.go.ke/wp-content/uploads/2021/09/County-Executive-of-Homa-Bay-2017-2018.pdf,C:\Users\user\Data_Science_Course\kenya_public_finance_intelligence\kenya_public_finance_intelligence\data\raw\oag\oag_2017-18_county-executive_county-executive-of-homa-bay-2017-2018.pdf,2026-06-12T11:28:02.065559
672,County Executive of Garissa-2017-2018,2017/18,county_executive,https://www.oagkenya.go.ke/wp-content/uploads/2021/09/County-Executive-of-Garissa-2017-2018.pdf#new_tab,C:\Users\user\Data_Science_Course\kenya_public_finance_intelligence\kenya_public_finance_intelligence\data\raw\oag\oag_2017-18_county-executive_county-executive-of-garissa-2017-2018.pdf,2026-06-12T11:28:02.065764
673,County Executive of Garissa-2017-2018,2017/18,county_executive,https://www.oagkenya.go.ke/wp-content/uploads/2021/09/County-Executive-of-Garissa-2017-2018.pdf,C:\Users\user\Data_Science_Course\kenya_public_finance_intelligence\kenya_public_finance_intelligence\data\raw\oag\oag_2017-18_county-executive_county-executive-of-garissa-2017-2018.pdf,2026-06-12T11:28:02.065776
674,County Executive of Baringo-2017-2018,2017/18,county_executive,https://www.oagkenya.go.ke/wp-content/uploads/2021/09/County-Executive-of-Baringo-2017-2018.pdf#new_tab,C:\Users\user\Data_Science_Course\kenya_public_finance_intelligence\kenya_public_finance_intelligence\data\raw\oag\oag_2017-18_county-executive_county-executive-of-baringo-2017-2018.pdf,2026-06-12T11:28:02.065989
675,County Executive of Baringo-2017-2018,2017/18,county_executive,https://www.oagkenya.go.ke/wp-content/uploads/2021/09/County-Executive-of-Baringo-2017-2018.pdf,C:\Users\user\Data_Science_Course\kenya_public_finance_intelligence\kenya_public_finance_intelligence\data\raw\oag\oag_2017-18_county-executive_county-executive-of-baringo-2017-2018.pdf,2026-06-12T11:28:02.066002
676,County Assembly of West Pokot-2017-2018,2017/18,county_assembly,https://www.oagkenya.go.ke/wp-content/uploads/2021/09/County-Assembly-of-West-Pokot-2017-2018.pdf#new_tab,C:\Users\user\Data_Science_Course\kenya_public_finance_intelligence\kenya_public_finance_intelligence\data\raw\oag\oag_2017-18_county-assembly_county-assembly-of-west-pokot-2017-2018.pdf,2026-06-12T11:28:02.066210
677,County Assembly of West Pokot-2017-2018,2017/18,county_assembly,https://www.oagkenya.go.ke/wp-content/uploads/2021/09/County-Assembly-of-West-Pokot-2017-2018.pdf,C:\Users\user\Data_Science_Course\kenya_public_finance_intelligence\kenya_public_finance_intelligence\data\raw\oag\oag_2017-18_county-assembly_county-assembly-of-west-pokot-2017-2018.pdf,2026-06-12T11:28:02.066221
678,County Assembly of Wajir-2017-2018,2017/18,county_assembly,https://www.oagkenya.go.ke/wp-content/uploads/2021/09/County-Assembly-of-Wajir-2017-2018.pdf#new_tab,C:\Users\user\Data_Science_Course\kenya_public_finance_intelligence\kenya_public_finance_intelligence\data\raw\oag\oag_2017-18_county-assembly_county-assembly-of-wajir-2017-2018.pdf,2026-06-12T11:28:02.066429
679,County Assembly of Wajir-2017-2018,2017/18,county_assembly,https://www.oagkenya.go.ke/wp-content/uploads/2021/09/County-Assembly-of-Wajir-2017-2018.pdf,C:\Users\user\Data_Science_Course\kenya_public_finance_intelligence\kenya_public_finance_intelligence\data\raw\oag\oag_2017-18_county-assembly_county-assembly-of-wajir-2017-2018.pdf,2026-06-12T11:28:02.066440
680,County Assembly of Vihiga-2017-2018,2017/18,county_assembly,https://www.oagkenya.go.ke/wp-content/uploads/2021/09/County-Assembly-of-Vihiga-2017-2018.pdf#new_tab,C:\Users\user\Data_Science_Course\kenya_public_finance_intelligence\kenya_public_finance_intelligence\data\raw\oag\oag_2017-18_county-assembly_county-assembly-of-vihiga-2017-2018.pdf,2026-06-12T11:28:02.066648
681,County Assembly of Vihiga-2017-2018,2017/18,county_assembly,https://www.oagkenya.go.ke/wp-content/uploads/2021/09/County-Assembly-of-Vihiga-2017-2018.pdf,C:\Users\user\Data_Science_Course\kenya_public_finance_intelligence\kenya_public_finance_intelligence\data\raw\oag\oag_2017-18_county-assembly_county-assembly-of-vihiga-2017-2018.pdf,2026-06-12T11:28:02.066660
682,County Assembly of Turkana-2017-2018,2017/18,county_assembly,https://www.oagkenya.go.ke/wp-content/uploads/2021/09/County-Assembly-of-Turkana-2017-2018.pdf#new_tab,C:\Users\user\Data_Science_Course\kenya_public_finance_intelligence\kenya_public_finance_intelligence\data\raw\oag\oag_2017-18_county-assembly_county-assembly-of-turkana-2017-2018.pdf,2026-06-12T11:28:02.066867
683,County Assembly of Turkana-2017-2018,2017/18,county_assembly,https://www.oagkenya.go.ke/wp-content/uploads/2021/09/County-Assembly-of-Turkana-2017-2018.pdf,C:\Users\user\Data_Science_Course\kenya_public_finance_intelligence\kenya_public_finance_intelligence\data\raw\oag\oag_2017-18_county-assembly_county-assembly-of-turkana-2017-2018.pdf,2026-06-12T11:28:02.066879
684,County Assembly of Trans Nzoia-2017-2018,2017/18,county_assembly,https://www.oagkenya.go.ke/wp-content/uploads/2021/09/County-Assembly-of-Trans-Nzoia-2017-2018.pdf#new_tab,C:\Users\user\Data_Science_Course\kenya_public_finance_intelligence\kenya_public_finance_intelligence\data\raw\oag\oag_2017-18_county-assembly_county-assembly-of-trans-nzoia-2017-2018.pdf,2026-06-12T11:28:02.067094
685,County Assembly of Trans Nzoia-2017-2018,2017/18,county_assembly,https://www.oagkenya.go.ke/wp-content/uploads/2021/09/County-Assembly-of-Trans-Nzoia-2017-2018.pdf,C:\Users\user\Data_Science_Course\kenya_public_finance_intelligence\kenya_public_finance_intelligence\data\raw\oag\oag_2017-18_county-assembly_county-assembly-of-trans-nzoia-2017-2018.pdf,2026-06-12T11:28:02.067106
686,County Assembly of Tharaka Nithi-2017-2018,2017/18,county_assembly,https://www.oagkenya.go.ke/wp-content/uploads/2021/09/County-Assembly-of-Tharaka-Nithi-2017-2018.pdf#new_tab,C:\Users\user\Data_Science_Course\kenya_public_finance_intelligence\kenya_public_finance_intelligence\data\raw\oag\oag_2017-18_county-assembly_county-assembly-of-tharaka-nithi-2017-20.pdf,2026-06-12T11:28:02.067317
687,County Assembly of Tharaka Nithi-2017-2018,2017/18,county_assembly,https://www.oagkenya.go.ke/wp-content/uploads/2021/09/County-Assembly-of-Tharaka-Nithi-2017-2018.pdf,C:\Users\user\Data_Science_Course\kenya_public_finance_intelligence\kenya_public_finance_intelligence\data\raw\oag\oag_2017-18_county-assembly_county-assembly-of-tharaka-nithi-2017-20.pdf,2026-06-12T11:28:02.067330
688,County Assembly of Tana River-2017-2018,2017/18,county_assembly,https://www.oagkenya.go.ke/wp-content/uploads/2021/09/County-Assembly-of-Tana-River-2017-2018.pdf#new_tab,C:\Users\user\Data_Science_Course\kenya_public_finance_intelligence\kenya_public_finance_intelligence\data\raw\oag\oag_2017-18_county-assembly_county-assembly-of-tana-river-2017-2018.pdf,2026-06-12T11:28:02.067539
689,County Assembly of Tana River-2017-2018,2017/18,county_assembly,https://www.oagkenya.go.ke/wp-content/uploads/2021/09/County-Assembly-of-Tana-River-2017-2018.pdf,C:\Users\user\Data_Science_Course\kenya_public_finance_intelligence\kenya_public_finance_intelligence\data\raw\oag\oag_2017-18_county-assembly_county-assembly-of-tana-river-2017-2018.pdf,2026-06-12T11:28:02.067550
690,County Assembly of Nyeri-2017-2018,2017/18,county_assembly,https://www.oagkenya.go.ke/wp-content/uploads/2021/09/County-Assembly-of-Nyeri-2017-2018.pdf#new_tab,C:\Users\user\Data_Science_Course\kenya_public_finance_intelligence\kenya_public_finance_intelligence\data\raw\oag\oag_2017-18_county-assembly_county-assembly-of-nyeri-2017-2018.pdf,2026-06-12T11:28:02.067760
691,County Assembly of Nyeri-2017-2018,2017/18,county_assembly,https://www.oagkenya.go.ke/wp-content/uploads/2021/09/County-Assembly-of-Nyeri-2017-2018.pdf,C:\Users\user\Data_Science_Course\kenya_public_finance_intelligence\kenya_public_finance_intelligence\data\raw\oag\oag_2017-18_county-assembly_county-assembly-of-nyeri-2017-2018.pdf,2026-06-12T11:28:02.067772
692,County Assembly of Nyandarua-2017-2018,2017/18,county_assembly,https://www.oagkenya.go.ke/wp-content/uploads/2021/09/County-Assembly-of-Nyandarua-2017-2018.pdf#new_tab,C:\Users\user\Data_Science_Course\kenya_public_finance_intelligence\kenya_public_finance_intelligence\data\raw\oag\oag_2017-18_county-assembly_county-assembly-of-nyandarua-2017-2018.pdf,2026-06-12T11:28:02.067990
693,County Assembly of Nyandarua-2017-2018,2017/18,county_assembly,https://www.oagkenya.go.ke/wp-content/uploads/2021/09/County-Assembly-of-Nyandarua-2017-2018.pdf,C:\Users\user\Data_Science_Course\kenya_public_finance_intelligence\kenya_public_finance_intelligence\data\raw\oag\oag_2017-18_county-assembly_county-assembly-of-nyandarua-2017-2018.pdf,2026-06-12T11:28:02.068002
694,County Assembly of Nyamira-2017-2018,2017/18,county_assembly,https://www.oagkenya.go.ke/wp-content/uploads/2021/09/County-Assembly-of-Nyamira-2017-2018.pdf#new_tab,C:\Users\user\Data_Science_Course\kenya_public_finance_intelligence\kenya_public_finance_intelligence\data\raw\oag\oag_2017-18_county-assembly_county-assembly-of-nyamira-2017-2018.pdf,2026-06-12T11:28:02.068211
695,County Assembly of Nyamira-2017-2018,2017/18,county_assembly,https://www.oagkenya.go.ke/wp-content/uploads/2021/09/County-Assembly-of-Nyamira-2017-2018.pdf,C:\Users\user\Data_Science_Course\kenya_public_finance_intelligence\kenya_public_finance_intelligence\data\raw\oag\oag_2017-18_county-assembly_county-assembly-of-nyamira-2017-2018.pdf,2026-06-12T11:28:02.068223
696,County Assembly of Nakuru-2017-2018,2017/18,county_assembly,http://new01.oagkenya.go.ke/wp-content/uploads/2021/09/County-Assembly-of-Nakuru-2017-2018.pdf#new_tab,,2026-06-12T11:28:02.068427
697,County Assembly of Nakuru-2017-2018,2017/18,county_assembly,https://www.oagkenya.go.ke/wp-content/uploads/2021/09/County-Assembly-of-Nakuru-2017-2018.pdf,C:\Users\user\Data_Science_Course\kenya_public_finance_intelligence\kenya_public_finance_intelligence\data\raw\oag\oag_2017-18_county-assembly_county-assembly-of-nakuru-2017-2018.pdf,2026-06-12T11:28:02.068439
698,County Assembly of Nairobi-2017-2018,2017/18,county_assembly,https://www.oagkenya.go.ke/wp-content/uploads/2021/09/County-Assembly-of-Nairobi-2017-2018.pdf#new_tab,C:\Users\user\Data_Science_Course\kenya_public_finance_intelligence\kenya_public_finance_intelligence\data\raw\oag\oag_2017-18_county-assembly_county-assembly-of-nairobi-2017-2018.pdf,2026-06-12T11:28:02.068649
699,County Assembly of Nairobi-2017-2018,2017/18,county_assembly,https://www.oagkenya.go.ke/wp-content/uploads/2021/09/County-Assembly-of-Nairobi-2017-2018.pdf,C:\Users\user\Data_Science_Course\kenya_public_finance_intelligence\kenya_public_finance_intelligence\data\raw\oag\oag_2017-18_county-assembly_county-assembly-of-nairobi-2017-2018.pdf,2026-06-12T11:28:02.068661
700,County Assembly of Murang’a-2017-2018,2017/18,county_assembly,https://www.oagkenya.go.ke/wp-content/uploads/2021/09/County-Assembly-of-Muranga-2017-2018.pdf#new_tab,C:\Users\user\Data_Science_Course\kenya_public_finance_intelligence\kenya_public_finance_intelligence\data\raw\oag\oag_2017-18_county-assembly_county-assembly-of-muranga-2017-2018.pdf,2026-06-12T11:28:02.068874
701,County Assembly of Murang’a-2017-2018,2017/18,county_assembly,https://www.oagkenya.go.ke/wp-content/uploads/2021/09/County-Assembly-of-Muranga-2017-2018.pdf,C:\Users\user\Data_Science_Course\kenya_public_finance_intelligence\kenya_public_finance_intelligence\data\raw\oag\oag_2017-18_county-assembly_county-assembly-of-muranga-2017-2018.pdf,2026-06-12T11:28:02.068888
702,County Assembly of Marsabit-2017-2018,2017/18,county_assembly,https://www.oagkenya.go.ke/wp-content/uploads/2021/09/County-Assembly-of-Marsabit-2017-2018.pdf#new_tab,C:\Users\user\Data_Science_Course\kenya_public_finance_intelligence\kenya_public_finance_intelligence\data\raw\oag\oag_2017-18_county-assembly_county-assembly-of-marsabit-2017-2018.pdf,2026-06-12T11:28:02.069107
703,County Assembly of Marsabit-2017-2018,2017/18,county_assembly,https://www.oagkenya.go.ke/wp-content/uploads/2021/09/County-Assembly-of-Marsabit-2017-2018.pdf,C:\Users\user\Data_Science_Course\kenya_public_finance_intelligence\kenya_public_finance_intelligence\data\raw\oag\oag_2017-18_county-assembly_county-assembly-of-marsabit-2017-2018.pdf,2026-06-12T11:28:02.069121
704,County Assembly of Lamu-2017-2018,2017/18,county_assembly,https://www.oagkenya.go.ke/wp-content/uploads/2021/09/County-Assembly-of-Lamu-2017-2018.pdf#new_tab,C:\Users\user\Data_Science_Course\kenya_public_finance_intelligence\kenya_public_finance_intelligence\data\raw\oag\oag_2017-18_county-assembly_county-assembly-of-lamu-2017-2018.pdf,2026-06-12T11:28:02.069331
705,County Assembly of Lamu-2017-2018,2017/18,county_assembly,https://www.oagkenya.go.ke/wp-content/uploads/2021/09/County-Assembly-of-Lamu-2017-2018.pdf,C:\Users\user\Data_Science_Course\kenya_public_finance_intelligence\kenya_public_finance_intelligence\data\raw\oag\oag_2017-18_county-assembly_county-assembly-of-lamu-2017-2018.pdf,2026-06-12T11:28:02.069342
706,County Assembly of Kitui-2017-2018,2017/18,county_assembly,https://www.oagkenya.go.ke/wp-content/uploads/2021/09/County-Assembly-of-Kitui-2017-2018.pdf#new_tab,C:\Users\user\Data_Science_Course\kenya_public_finance_intelligence\kenya_public_finance_intelligence\data\raw\oag\oag_2017-18_county-assembly_county-assembly-of-kitui-2017-2018.pdf,2026-06-12T11:28:02.069551
707,County Assembly of Kitui-2017-2018,2017/18,county_assembly,https://www.oagkenya.go.ke/wp-content/uploads/2021/09/County-Assembly-of-Kitui-2017-2018.pdf,C:\Users\user\Data_Science_Course\kenya_public_finance_intelligence\kenya_public_finance_intelligence\data\raw\oag\oag_2017-18_county-assembly_county-assembly-of-kitui-2017-2018.pdf,2026-06-12T11:28:02.069562
708,County Assembly of Kisii-2017-2018,2017/18,county_assembly,https://www.oagkenya.go.ke/wp-content/uploads/2021/09/County-Assembly-of-Kisii-2017-2018.pdf#new_tab,C:\Users\user\Data_Science_Course\kenya_public_finance_intelligence\kenya_public_finance_intelligence\data\raw\oag\oag_2017-18_county-assembly_county-assembly-of-kisii-2017-2018.pdf,2026-06-12T11:28:02.069768
709,County Assembly of Kisii-2017-2018,2017/18,county_assembly,https://www.oagkenya.go.ke/wp-content/uploads/2021/09/County-Assembly-of-Kisii-2017-2018.pdf,C:\Users\user\Data_Science_Course\kenya_public_finance_intelligence\kenya_public_finance_intelligence\data\raw\oag\oag_2017-18_county-assembly_county-assembly-of-kisii-2017-2018.pdf,2026-06-12T11:28:02.069779
710,County Assembly of Kirinyaga-2017-2018,2017/18,county_assembly,https://www.oagkenya.go.ke/wp-content/uploads/2021/09/County-Assembly-of-Kirinyaga-2017-2018.pdf#new_tab,C:\Users\user\Data_Science_Course\kenya_public_finance_intelligence\kenya_public_finance_intelligence\data\raw\oag\oag_2017-18_county-assembly_county-assembly-of-kirinyaga-2017-2018.pdf,2026-06-12T11:28:02.070135
711,County Assembly of Kirinyaga-2017-2018,2017/18,county_assembly,https://www.oagkenya.go.ke/wp-content/uploads/2021/09/County-Assembly-of-Kirinyaga-2017-2018.pdf,C:\Users\user\Data_Science_Course\kenya_public_finance_intelligence\kenya_public_finance_intelligence\data\raw\oag\oag_2017-18_county-assembly_county-assembly-of-kirinyaga-2017-2018.pdf,2026-06-12T11:28:02.070154
712,County Assembly of Kilifi-2017-2018,2017/18,county_assembly,https://www.oagkenya.go.ke/wp-content/uploads/2021/09/County-Assembly-of-Kilifi-2017-2018.pdf#new_tab,C:\Users\user\Data_Science_Course\kenya_public_finance_intelligence\kenya_public_finance_intelligence\data\raw\oag\oag_2017-18_county-assembly_county-assembly-of-kilifi-2017-2018.pdf,2026-06-12T11:28:02.070455
713,County Assembly of Kilifi-2017-2018,2017/18,county_assembly,https://www.oagkenya.go.ke/wp-content/uploads/2021/09/County-Assembly-of-Kilifi-2017-2018.pdf,C:\Users\user\Data_Science_Course\kenya_public_finance_intelligence\kenya_public_finance_intelligence\data\raw\oag\oag_2017-18_county-assembly_county-assembly-of-kilifi-2017-2018.pdf,2026-06-12T11:28:02.070468
714,County Assembly of Kiambu-2017-2018,2017/18,county_assembly,https://www.oagkenya.go.ke/wp-content/uploads/2021/09/County-Assembly-of-Kiambu-2017-2018.pdf#new_tab,C:\Users\user\Data_Science_Course\kenya_public_finance_intelligence\kenya_public_finance_intelligence\data\raw\oag\oag_2017-18_county-assembly_county-assembly-of-kiambu-2017-2018.pdf,2026-06-12T11:28:02.070747
715,County Assembly of Kiambu-2017-2018,2017/18,county_assembly,https://www.oagkenya.go.ke/wp-content/uploads/2021/09/County-Assembly-of-Kiambu-2017-2018.pdf,C:\Users\user\Data_Science_Course\kenya_public_finance_intelligence\kenya_public_finance_intelligence\data\raw\oag\oag_2017-18_county-assembly_county-assembly-of-kiambu-2017-2018.pdf,2026-06-12T11:28:02.070759
716,County Assembly of Garissa-2017-2018,2017/18,county_assembly,https://www.oagkenya.go.ke/wp-content/uploads/2021/09/County-Assembly-of-Garissa-2017-2018.pdf#new_tab,C:\Users\user\Data_Science_Course\kenya_public_finance_intelligence\kenya_public_finance_intelligence\data\raw\oag\oag_2017-18_county-assembly_county-assembly-of-garissa-2017-2018.pdf,2026-06-12T11:28:02.071030
717,County Assembly of Garissa-2017-2018,2017/18,county_assembly,https://www.oagkenya.go.ke/wp-content/uploads/2021/09/County-Assembly-of-Garissa-2017-2018.pdf,C:\Users\user\Data_Science_Course\kenya_public_finance_intelligence\kenya_public_finance_intelligence\data\raw\oag\oag_2017-18_county-assembly_county-assembly-of-garissa-2017-2018.pdf,2026-06-12T11:28:02.071042
718,County Assembly of Busia-2017-2018,2017/18,county_assembly,https://www.oagkenya.go.ke/wp-content/uploads/2021/09/County-Assembly-of-Busia-2017-2018.pdf#new_tab,C:\Users\user\Data_Science_Course\kenya_public_finance_intelligence\kenya_public_finance_intelligence\data\raw\oag\oag_2017-18_county-assembly_county-assembly-of-busia-2017-2018.pdf,2026-06-12T11:28:02.071254
719,County Assembly of Busia-2017-2018,2017/18,county_assembly,https://www.oagkenya.go.ke/wp-content/uploads/2021/09/County-Assembly-of-Busia-2017-2018.pdf,C:\Users\user\Data_Science_Course\kenya_public_finance_intelligence\kenya_public_finance_intelligence\data\raw\oag\oag_2017-18_county-assembly_county-assembly-of-busia-2017-2018.pdf,2026-06-12T11:28:02.071268
720,County Assembly of Bungoma-2017-2018,2017/18,county_assembly,https://www.oagkenya.go.ke/wp-content/uploads/2021/09/County-Assembly-of-Bungoma-2017-2018.pdf#new_tab,C:\Users\user\Data_Science_Course\kenya_public_finance_intelligence\kenya_public_finance_intelligence\data\raw\oag\oag_2017-18_county-assembly_county-assembly-of-bungoma-2017-2018.pdf,2026-06-12T11:28:02.071476
721,County Assembly of Bungoma-2017-2018,2017/18,county_assembly,https://www.oagkenya.go.ke/wp-content/uploads/2021/09/County-Assembly-of-Bungoma-2017-2018.pdf,C:\Users\user\Data_Science_Course\kenya_public_finance_intelligence\kenya_public_finance_intelligence\data\raw\oag\oag_2017-18_county-assembly_county-assembly-of-bungoma-2017-2018.pdf,2026-06-12T11:28:02.071487
722,County Assembly of Bomet-2017-2018,2017/18,county_assembly,https://www.oagkenya.go.ke/wp-content/uploads/2021/09/County-Assembly-of-Bomet-2017-2018.pdf#new_tab,C:\Users\user\Data_Science_Course\kenya_public_finance_intelligence\kenya_public_finance_intelligence\data\raw\oag\oag_2017-18_county-assembly_county-assembly-of-bomet-2017-2018.pdf,2026-06-12T11:28:02.071695
723,County Assembly of Bomet-2017-2018,2017/18,county_assembly,https://www.oagkenya.go.ke/wp-content/uploads/2021/09/County-Assembly-of-Bomet-2017-2018.pdf,C:\Users\user\Data_Science_Course\kenya_public_finance_intelligence\kenya_public_finance_intelligence\data\raw\oag\oag_2017-18_county-assembly_county-assembly-of-bomet-2017-2018.pdf,2026-06-12T11:28:02.071706
724,County Executive of Wajir-2017-2018,2017/18,county_executive,https://www.oagkenya.go.ke/wp-content/uploads/2021/09/County-Executive-of-Wajir-2017-2018.pdf#new_tab,C:\Users\user\Data_Science_Course\kenya_public_finance_intelligence\kenya_public_finance_intelligence\data\raw\oag\oag_2017-18_county-executive_county-executive-of-wajir-2017-2018.pdf,2026-06-12T11:28:02.071914
725,County Executive of Wajir-2017-2018,2017/18,county_executive,https://www.oagkenya.go.ke/wp-content/uploads/2021/09/County-Executive-of-Wajir-2017-2018.pdf,C:\Users\user\Data_Science_Course\kenya_public_finance_intelligence\kenya_public_finance_intelligence\data\raw\oag\oag_2017-18_county-executive_county-executive-of-wajir-2017-2018.pdf,2026-06-12T11:28:02.071931
726,County Executive of Tana River-2017-2018,2017/18,county_executive,https://www.oagkenya.go.ke/wp-content/uploads/2021/09/County-Executive-of-Tana-River-2017-2018.pdf#new_tab,C:\Users\user\Data_Science_Course\kenya_public_finance_intelligence\kenya_public_finance_intelligence\data\raw\oag\oag_2017-18_county-executive_county-executive-of-tana-river-2017-2018.pdf,2026-06-12T11:28:02.072144
727,County Executive of Tana River-2017-2018,2017/18,county_executive,https://www.oagkenya.go.ke/wp-content/uploads/2021/09/County-Executive-of-Tana-River-2017-2018.pdf,C:\Users\user\Data_Science_Course\kenya_public_finance_intelligence\kenya_public_finance_intelligence\data\raw\oag\oag_2017-18_county-executive_county-executive-of-tana-river-2017-2018.pdf,2026-06-12T11:28:02.072155
728,County Executive of Nyeri-2017-2018,2017/18,county_executive,https://www.oagkenya.go.ke/wp-content/uploads/2021/09/County-Executive-of-Nyeri-2017-2018.pdf#new_tab,C:\Users\user\Data_Science_Course\kenya_public_finance_intelligence\kenya_public_finance_intelligence\data\raw\oag\oag_2017-18_county-executive_county-executive-of-nyeri-2017-2018.pdf,2026-06-12T11:28:02.072365
729,County Executive of Nyeri-2017-2018,2017/18,county_executive,https://www.oagkenya.go.ke/wp-content/uploads/2021/09/County-Executive-of-Nyeri-2017-2018.pdf,C:\Users\user\Data_Science_Course\kenya_public_finance_intelligence\kenya_public_finance_intelligence\data\raw\oag\oag_2017-18_county-executive_county-executive-of-nyeri-2017-2018.pdf,2026-06-12T11:28:02.072376
730,County Executive of Nyandarua-2017-2018,2017/18,county_executive,https://www.oagkenya.go.ke/wp-content/uploads/2021/09/County-Executive-of-Nyandarua-2017-2018.pdf#new_tab,C:\Users\user\Data_Science_Course\kenya_public_finance_intelligence\kenya_public_finance_intelligence\data\raw\oag\oag_2017-18_county-executive_county-executive-of-nyandarua-2017-2018.pdf,2026-06-12T11:28:02.072587
731,County Executive of Nyandarua-2017-2018,2017/18,county_executive,https://www.oagkenya.go.ke/wp-content/uploads/2021/09/County-Executive-of-Nyandarua-2017-2018.pdf,C:\Users\user\Data_Science_Course\kenya_public_finance_intelligence\kenya_public_finance_intelligence\data\raw\oag\oag_2017-18_county-executive_county-executive-of-nyandarua-2017-2018.pdf,2026-06-12T11:28:02.072598
732,County Executive of Murang’a-2017-2018,2017/18,county_executive,https://www.oagkenya.go.ke/wp-content/uploads/2021/09/County-Executive-of-Muranga-2017-2018.pdf#new_tab,C:\Users\user\Data_Science_Course\kenya_public_finance_intelligence\kenya_public_finance_intelligence\data\raw\oag\oag_2017-18_county-executive_county-executive-of-muranga-2017-2018.pdf,2026-06-12T11:28:02.072811
733,County Executive of Murang’a-2017-2018,2017/18,county_executive,https://www.oagkenya.go.ke/wp-content/uploads/2021/09/County-Executive-of-Muranga-2017-2018.pdf,C:\Users\user\Data_Science_Course\kenya_public_finance_intelligence\kenya_public_finance_intelligence\data\raw\oag\oag_2017-18_county-executive_county-executive-of-muranga-2017-2018.pdf,2026-06-12T11:28:02.072826
734,County Executive of Mombasa-2017-2018,2017/18,county_executive,https://www.oagkenya.go.ke/wp-content/uploads/2021/09/County-Executive-of-Mombasa-2017-2018.pdf#new_tab,C:\Users\user\Data_Science_Course\kenya_public_finance_intelligence\kenya_public_finance_intelligence\data\raw\oag\oag_2017-18_county-executive_county-executive-of-mombasa-2017-2018.pdf,2026-06-12T11:28:02.073044
735,County Executive of Mombasa-2017-2018,2017/18,county_executive,https://www.oagkenya.go.ke/wp-content/uploads/2021/09/County-Executive-of-Mombasa-2017-2018.pdf,C:\Users\user\Data_Science_Course\kenya_public_finance_intelligence\kenya_public_finance_intelligence\data\raw\oag\oag_2017-18_county-executive_county-executive-of-mombasa-2017-2018.pdf,2026-06-12T11:28:02.073056
736,County Executive of Migori-2017-2018,2017/18,county_executive,https://www.oagkenya.go.ke/wp-content/uploads/2021/09/County-Executive-of-Migori-2017-2018.pdf#new_tab,C:\Users\user\Data_Science_Course\kenya_public_finance_intelligence\kenya_public_finance_intelligence\data\raw\oag\oag_2017-18_county-executive_county-executive-of-migori-2017-2018.pdf,2026-06-12T11:28:02.073264
737,County Executive of Migori-2017-2018,2017/18,county_executive,https://www.oagkenya.go.ke/wp-content/uploads/2021/09/County-Executive-of-Migori-2017-2018.pdf,C:\Users\user\Data_Science_Course\kenya_public_finance_intelligence\kenya_public_finance_intelligence\data\raw\oag\oag_2017-18_county-executive_county-executive-of-migori-2017-2018.pdf,2026-06-12T11:28:02.073276
738,County Executive of Marsabit-2017-2018,2017/18,county_executive,https://www.oagkenya.go.ke/wp-content/uploads/2021/09/County-Executive-of-Marsabit-2017-2018.pdf#new_tab,C:\Users\user\Data_Science_Course\kenya_public_finance_intelligence\kenya_public_finance_intelligence\data\raw\oag\oag_2017-18_county-executive_county-executive-of-marsabit-2017-2018.pdf,2026-06-12T11:28:02.073487
739,County Executive of Marsabit-2017-2018,2017/18,county_executive,https://www.oagkenya.go.ke/wp-content/uploads/2021/09/County-Executive-of-Marsabit-2017-2018.pdf,C:\Users\user\Data_Science_Course\kenya_public_finance_intelligence\kenya_public_finance_intelligence\data\raw\oag\oag_2017-18_county-executive_county-executive-of-marsabit-2017-2018.pdf,2026-06-12T11:28:02.073500
740,County Executive of Machakos-2017-2018,2017/18,county_executive,https://www.oagkenya.go.ke/wp-content/uploads/2021/09/County-Executive-of-Machakos-2017-2018.pdf#new_tab,C:\Users\user\Data_Science_Course\kenya_public_finance_intelligence\kenya_public_finance_intelligence\data\raw\oag\oag_2017-18_county-executive_county-executive-of-machakos-2017-2018.pdf,2026-06-12T11:28:02.073710
741,County Executive of Machakos-2017-2018,2017/18,county_executive,https://www.oagkenya.go.ke/wp-content/uploads/2021/09/County-Executive-of-Machakos-2017-2018.pdf,C:\Users\user\Data_Science_Course\kenya_public_finance_intelligence\kenya_public_finance_intelligence\data\raw\oag\oag_2017-18_county-executive_county-executive-of-machakos-2017-2018.pdf,2026-06-12T11:28:02.073723
742,County Executive of Laikipia-2017-2018,2017/18,county_executive,https://www.oagkenya.go.ke/wp-content/uploads/2021/09/County-Executive-of-Laikipia-2017-2018.pdf#new_tab,C:\Users\user\Data_Science_Course\kenya_public_finance_intelligence\kenya_public_finance_intelligence\data\raw\oag\oag_2017-18_county-executive_county-executive-of-laikipia-2017-2018.pdf,2026-06-12T11:28:02.073940
743,County Executive of Laikipia-2017-2018,2017/18,county_executive,https://www.oagkenya.go.ke/wp-content/uploads/2021/09/County-Executive-of-Laikipia-2017-2018.pdf,C:\Users\user\Data_Science_Course\kenya_public_finance_intelligence\kenya_public_finance_intelligence\data\raw\oag\oag_2017-18_county-executive_county-executive-of-laikipia-2017-2018.pdf,2026-06-12T11:28:02.073953
744,County Executive of Kwale-2017-2018,2017/18,county_executive,https://www.oagkenya.go.ke/wp-content/uploads/2021/09/County-Executive-of-Kwale-2017-2018.pdf#new_tab,C:\Users\user\Data_Science_Course\kenya_public_finance_intelligence\kenya_public_finance_intelligence\data\raw\oag\oag_2017-18_county-executive_county-executive-of-kwale-2017-2018.pdf,2026-06-12T11:28:02.074164
745,County Executive of Kwale-2017-2018,2017/18,county_executive,https://www.oagkenya.go.ke/wp-content/uploads/2021/09/County-Executive-of-Kwale-2017-2018.pdf,C:\Users\user\Data_Science_Course\kenya_public_finance_intelligence\kenya_public_finance_intelligence\data\raw\oag\oag_2017-18_county-executive_county-executive-of-kwale-2017-2018.pdf,2026-06-12T11:28:02.074176
746,County Executive of Kitui-2017-2018,2017/18,county_executive,https://www.oagkenya.go.ke/wp-content/uploads/2021/09/County-Executive-of-Kitui-2017-2018.pdf#new_tab,C:\Users\user\Data_Science_Course\kenya_public_finance_intelligence\kenya_public_finance_intelligence\data\raw\oag\oag_2017-18_county-executive_county-executive-of-kitui-2017-2018.pdf,2026-06-12T11:28:02.074385
747,County Executive of Kitui-2017-2018,2017/18,county_executive,https://www.oagkenya.go.ke/wp-content/uploads/2021/09/County-Executive-of-Kitui-2017-2018.pdf,C:\Users\user\Data_Science_Course\kenya_public_finance_intelligence\kenya_public_finance_intelligence\data\raw\oag\oag_2017-18_county-executive_county-executive-of-kitui-2017-2018.pdf,2026-06-12T11:28:02.074396
748,County Executive of Kiambu-2017-2018,2017/18,county_executive,https://www.oagkenya.go.ke/wp-content/uploads/2021/09/County-Executive-of-Kiambu-2017-2018.pdf#new_tab,C:\Users\user\Data_Science_Course\kenya_public_finance_intelligence\kenya_public_finance_intelligence\data\raw\oag\oag_2017-18_county-executive_county-executive-of-kiambu-2017-2018.pdf,2026-06-12T11:28:02.074608
749,County Executive of Kiambu-2017-2018,2017/18,county_executive,https://www.oagkenya.go.ke/wp-content/uploads/2021/09/County-Executive-of-Kiambu-2017-2018.pdf,C:\Users\user\Data_Science_Course\kenya_public_finance_intelligence\kenya_public_finance_intelligence\data\raw\oag\oag_2017-18_county-executive_county-executive-of-kiambu-2017-2018.pdf,2026-06-12T11:28:02.074620
750,County Executive of Kakamega-2017-2018,2017/18,county_executive,https://www.oagkenya.go.ke/wp-content/uploads/2021/09/County-Executive-of-Kakamega-2017-2018.pdf#new_tab,C:\Users\user\Data_Science_Course\kenya_public_finance_intelligence\kenya_public_finance_intelligence\data\raw\oag\oag_2017-18_county-executive_county-executive-of-kakamega-2017-2018.pdf,2026-06-12T11:28:02.074831
751,County Executive of Kakamega-2017-2018,2017/18,county_executive,https://www.oagkenya.go.ke/wp-content/uploads/2021/09/County-Executive-of-Kakamega-2017-2018.pdf,C:\Users\user\Data_Science_Course\kenya_public_finance_intelligence\kenya_public_finance_intelligence\data\raw\oag\oag_2017-18_county-executive_county-executive-of-kakamega-2017-2018.pdf,2026-06-12T11:28:02.074843
752,County Executive of Embu-2017-2018,2017/18,county_executive,https://www.oagkenya.go.ke/wp-content/uploads/2021/09/County-Executive-of-Embu-2017-2018.pdf#new_tab,C:\Users\user\Data_Science_Course\kenya_public_finance_intelligence\kenya_public_finance_intelligence\data\raw\oag\oag_2017-18_county-executive_county-executive-of-embu-2017-2018.pdf,2026-06-12T11:28:02.075060
753,County Executive of Embu-2017-2018,2017/18,county_executive,https://www.oagkenya.go.ke/wp-content/uploads/2021/09/County-Executive-of-Embu-2017-2018.pdf,C:\Users\user\Data_Science_Course\kenya_public_finance_intelligence\kenya_public_finance_intelligence\data\raw\oag\oag_2017-18_county-executive_county-executive-of-embu-2017-2018.pdf,2026-06-12T11:28:02.075072
754,County Executive of Elgeyo Marakwet-2017-2018,2017/18,county_executive,https://www.oagkenya.go.ke/wp-content/uploads/2021/09/County-Executive-of-Elgeyo-Marakwet-2017-2018.pdf#new_tab,C:\Users\user\Data_Science_Course\kenya_public_finance_intelligence\kenya_public_finance_intelligence\data\raw\oag\oag_2017-18_county-executive_county-executive-of-elgeyo-marakwet-2017.pdf,2026-06-12T11:28:02.075282
755,County Executive of Elgeyo Marakwet-2017-2018,2017/18,county_executive,https://www.oagkenya.go.ke/wp-content/uploads/2021/09/County-Executive-of-Elgeyo-Marakwet-2017-2018.pdf,C:\Users\user\Data_Science_Course\kenya_public_finance_intelligence\kenya_public_finance_intelligence\data\raw\oag\oag_2017-18_county-executive_county-executive-of-elgeyo-marakwet-2017.pdf,2026-06-12T11:28:02.075294
756,County Executive of Bungoma-2017-2018,2017/18,county_executive,https://www.oagkenya.go.ke/wp-content/uploads/2021/09/County-Executive-of-Bungoma-2017-2018.pdf#new_tab,C:\Users\user\Data_Science_Course\kenya_public_finance_intelligence\kenya_public_finance_intelligence\data\raw\oag\oag_2017-18_county-executive_county-executive-of-bungoma-2017-2018.pdf,2026-06-12T11:28:02.075503
757,County Executive of Bungoma-2017-2018,2017/18,county_executive,https://www.oagkenya.go.ke/wp-content/uploads/2021/09/County-Executive-of-Bungoma-2017-2018.pdf,C:\Users\user\Data_Science_Course\kenya_public_finance_intelligence\kenya_public_finance_intelligence\data\raw\oag\oag_2017-18_county-executive_county-executive-of-bungoma-2017-2018.pdf,2026-06-12T11:28:02.075515
758,County Executive of Bomet-2017-2018,2017/18,county_executive,https://www.oagkenya.go.ke/wp-content/uploads/2021/09/County-Executive-of-Bomet-2017-2018.pdf#new_tab,C:\Users\user\Data_Science_Course\kenya_public_finance_intelligence\kenya_public_finance_intelligence\data\raw\oag\oag_2017-18_county-executive_county-executive-of-bomet-2017-2018.pdf,2026-06-12T11:28:02.075729
759,County Executive of Bomet-2017-2018,2017/18,county_executive,https://www.oagkenya.go.ke/wp-content/uploads/2021/09/County-Executive-of-Bomet-2017-2018.pdf,C:\Users\user\Data_Science_Course\kenya_public_finance_intelligence\kenya_public_finance_intelligence\data\raw\oag\oag_2017-18_county-executive_county-executive-of-bomet-2017-2018.pdf,2026-06-12T11:28:02.075742
760,County Assembly of Uasin Gishu-2017-2018,2017/18,county_assembly,https://www.oagkenya.go.ke/wp-content/uploads/2021/09/County-Assembly-of-Uasin-Gishu-2017-2018.pdf#new_tab,C:\Users\user\Data_Science_Course\kenya_public_finance_intelligence\kenya_public_finance_intelligence\data\raw\oag\oag_2017-18_county-assembly_county-assembly-of-uasin-gishu-2017-2018.pdf,2026-06-12T11:28:02.076057
761,County Assembly of Uasin Gishu-2017-2018,2017/18,county_assembly,https://www.oagkenya.go.ke/wp-content/uploads/2021/09/County-Assembly-of-Uasin-Gishu-2017-2018.pdf,C:\Users\user\Data_Science_Course\kenya_public_finance_intelligence\kenya_public_finance_intelligence\data\raw\oag\oag_2017-18_county-assembly_county-assembly-of-uasin-gishu-2017-2018.pdf,2026-06-12T11:28:02.076084
762,County Assembly of Taita Taveta-2017-2018,2017/18,county_assembly,https://www.oagkenya.go.ke/wp-content/uploads/2021/09/County-Assembly-of-Taita-Taveta-2017-2018.pdf#new_tab,C:\Users\user\Data_Science_Course\kenya_public_finance_intelligence\kenya_public_finance_intelligence\data\raw\oag\oag_2017-18_county-assembly_county-assembly-of-taita-taveta-2017-201.pdf,2026-06-12T11:28:02.076346
763,County Assembly of Taita Taveta-2017-2018,2017/18,county_assembly,https://www.oagkenya.go.ke/wp-content/uploads/2021/09/County-Assembly-of-Taita-Taveta-2017-2018.pdf,C:\Users\user\Data_Science_Course\kenya_public_finance_intelligence\kenya_public_finance_intelligence\data\raw\oag\oag_2017-18_county-assembly_county-assembly-of-taita-taveta-2017-201.pdf,2026-06-12T11:28:02.076359
764,County Assembly of Siaya-2017-2018,2017/18,county_assembly,https://www.oagkenya.go.ke/wp-content/uploads/2021/09/County-Assembly-of-Siaya-2017-2018.pdf#new_tab,C:\Users\user\Data_Science_Course\kenya_public_finance_intelligence\kenya_public_finance_intelligence\data\raw\oag\oag_2017-18_county-assembly_county-assembly-of-siaya-2017-2018.pdf,2026-06-12T11:28:02.076575
765,County Assembly of Siaya-2017-2018,2017/18,county_assembly,https://www.oagkenya.go.ke/wp-content/uploads/2021/09/County-Assembly-of-Siaya-2017-2018.pdf,C:\Users\user\Data_Science_Course\kenya_public_finance_intelligence\kenya_public_finance_intelligence\data\raw\oag\oag_2017-18_county-assembly_county-assembly-of-siaya-2017-2018.pdf,2026-06-12T11:28:02.076587
766,County Assembly of Samburu-2017-2018,2017/18,county_assembly,https://www.oagkenya.go.ke/wp-content/uploads/2021/09/County-Assembly-of-Samburu-2017-2018.pdf#new_tab,C:\Users\user\Data_Science_Course\kenya_public_finance_intelligence\kenya_public_finance_intelligence\data\raw\oag\oag_2017-18_county-assembly_county-assembly-of-samburu-2017-2018.pdf,2026-06-12T11:28:02.076799
767,County Assembly of Samburu-2017-2018,2017/18,county_assembly,https://www.oagkenya.go.ke/wp-content/uploads/2021/09/County-Assembly-of-Samburu-2017-2018.pdf,C:\Users\user\Data_Science_Course\kenya_public_finance_intelligence\kenya_public_finance_intelligence\data\raw\oag\oag_2017-18_county-assembly_county-assembly-of-samburu-2017-2018.pdf,2026-06-12T11:28:02.076811
768,County Assembly of Narok-2017-2018,2017/18,county_assembly,https://www.oagkenya.go.ke/wp-content/uploads/2021/09/County-Assembly-of-Narok-2017-2018.pdf#new_tab,C:\Users\user\Data_Science_Course\kenya_public_finance_intelligence\kenya_public_finance_intelligence\data\raw\oag\oag_2017-18_county-assembly_county-assembly-of-narok-2017-2018.pdf,2026-06-12T11:28:02.077069
769,County Assembly of Narok-2017-2018,2017/18,county_assembly,https://www.oagkenya.go.ke/wp-content/uploads/2021/09/County-Assembly-of-Narok-2017-2018.pdf,C:\Users\user\Data_Science_Course\kenya_public_finance_intelligence\kenya_public_finance_intelligence\data\raw\oag\oag_2017-18_county-assembly_county-assembly-of-narok-2017-2018.pdf,2026-06-12T11:28:02.077082
770,County Assembly of Nandi-2017-2018,2017/18,county_assembly,https://www.oagkenya.go.ke/wp-content/uploads/2021/09/County-Assembly-of-Nandi-2017-2018.pdf#new_tab,C:\Users\user\Data_Science_Course\kenya_public_finance_intelligence\kenya_public_finance_intelligence\data\raw\oag\oag_2017-18_county-assembly_county-assembly-of-nandi-2017-2018.pdf,2026-06-12T11:28:02.077363
771,County Assembly of Nandi-2017-2018,2017/18,county_assembly,https://www.oagkenya.go.ke/wp-content/uploads/2021/09/County-Assembly-of-Nandi-2017-2018.pdf,C:\Users\user\Data_Science_Course\kenya_public_finance_intelligence\kenya_public_finance_intelligence\data\raw\oag\oag_2017-18_county-assembly_county-assembly-of-nandi-2017-2018.pdf,2026-06-12T11:28:02.077376
772,County Assembly of Nairobi City-2017-2018,2017/18,county_assembly,https://www.oagkenya.go.ke/wp-content/uploads/2021/09/County-Assembly-of-Nairobi-City-2017-2018.pdf#new_tab,C:\Users\user\Data_Science_Course\kenya_public_finance_intelligence\kenya_public_finance_intelligence\data\raw\oag\oag_2017-18_county-assembly_county-assembly-of-nairobi-city-2017-201.pdf,2026-06-12T11:28:02.077925
773,County Assembly of Nairobi City-2017-2018,2017/18,county_assembly,https://www.oagkenya.go.ke/wp-content/uploads/2021/09/County-Assembly-of-Nairobi-City-2017-2018.pdf,C:\Users\user\Data_Science_Course\kenya_public_finance_intelligence\kenya_public_finance_intelligence\data\raw\oag\oag_2017-18_county-assembly_county-assembly-of-nairobi-city-2017-201.pdf,2026-06-12T11:28:02.077965
774,County Assembly of Migori-2017-2018,2017/18,county_assembly,https://www.oagkenya.go.ke/wp-content/uploads/2021/09/County-Assembly-of-Migori-2017-2018.pdf#new_tab,C:\Users\user\Data_Science_Course\kenya_public_finance_intelligence\kenya_public_finance_intelligence\data\raw\oag\oag_2017-18_county-assembly_county-assembly-of-migori-2017-2018.pdf,2026-06-12T11:28:02.078419
775,County Assembly of Migori-2017-2018,2017/18,county_assembly,https://www.oagkenya.go.ke/wp-content/uploads/2021/09/County-Assembly-of-Migori-2017-2018.pdf,C:\Users\user\Data_Science_Course\kenya_public_finance_intelligence\kenya_public_finance_intelligence\data\raw\oag\oag_2017-18_county-assembly_county-assembly-of-migori-2017-2018.pdf,2026-06-12T11:28:02.078450
776,County Assembly of Meru-2017-2018,2017/18,county_assembly,https://www.oagkenya.go.ke/wp-content/uploads/2021/09/County-Assembly-of-Meru-2017-2018.pdf#new_tab,C:\Users\user\Data_Science_Course\kenya_public_finance_intelligence\kenya_public_finance_intelligence\data\raw\oag\oag_2017-18_county-assembly_county-assembly-of-meru-2017-2018.pdf,2026-06-12T11:28:02.078952
777,County Assembly of Meru-2017-2018,2017/18,county_assembly,https://www.oagkenya.go.ke/wp-content/uploads/2021/09/County-Assembly-of-Meru-2017-2018.pdf,C:\Users\user\Data_Science_Course\kenya_public_finance_intelligence\kenya_public_finance_intelligence\data\raw\oag\oag_2017-18_county-assembly_county-assembly-of-meru-2017-2018.pdf,2026-06-12T11:28:02.078972
778,County Assembly of Mandera-2017-2018,2017/18,county_assembly,https://www.oagkenya.go.ke/wp-content/uploads/2021/09/County-Assembly-of-Mandera-2017-2018.pdf#new_tab,C:\Users\user\Data_Science_Course\kenya_public_finance_intelligence\kenya_public_finance_intelligence\data\raw\oag\oag_2017-18_county-assembly_county-assembly-of-mandera-2017-2018.pdf,2026-06-12T11:28:02.079335
779,County Assembly of Mandera-2017-2018,2017/18,county_assembly,https://www.oagkenya.go.ke/wp-content/uploads/2021/09/County-Assembly-of-Mandera-2017-2018.pdf,C:\Users\user\Data_Science_Course\kenya_public_finance_intelligence\kenya_public_finance_intelligence\data\raw\oag\oag_2017-18_county-assembly_county-assembly-of-mandera-2017-2018.pdf,2026-06-12T11:28:02.079375
780,County Assembly of Makueni-2017-2018,2017/18,county_assembly,https://www.oagkenya.go.ke/wp-content/uploads/2021/09/County-Assembly-of-Makueni-2017-2018.pdf#new_tab,C:\Users\user\Data_Science_Course\kenya_public_finance_intelligence\kenya_public_finance_intelligence\data\raw\oag\oag_2017-18_county-assembly_county-assembly-of-makueni-2017-2018.pdf,2026-06-12T11:28:02.080028
781,County Assembly of Makueni-2017-2018,2017/18,county_assembly,https://www.oagkenya.go.ke/wp-content/uploads/2021/09/County-Assembly-of-Makueni-2017-2018.pdf,C:\Users\user\Data_Science_Course\kenya_public_finance_intelligence\kenya_public_finance_intelligence\data\raw\oag\oag_2017-18_county-assembly_county-assembly-of-makueni-2017-2018.pdf,2026-06-12T11:28:02.080096
782,County Assembly of Machakos-2017-2018,2017/18,county_assembly,https://www.oagkenya.go.ke/wp-content/uploads/2021/09/County-Assembly-of-Machakos-2017-2018.pdf#new_tab,C:\Users\user\Data_Science_Course\kenya_public_finance_intelligence\kenya_public_finance_intelligence\data\raw\oag\oag_2017-18_county-assembly_county-assembly-of-machakos-2017-2018.pdf,2026-06-12T11:28:02.080448
783,County Assembly of Machakos-2017-2018,2017/18,county_assembly,https://www.oagkenya.go.ke/wp-content/uploads/2021/09/County-Assembly-of-Machakos-2017-2018.pdf,C:\Users\user\Data_Science_Course\kenya_public_finance_intelligence\kenya_public_finance_intelligence\data\raw\oag\oag_2017-18_county-assembly_county-assembly-of-machakos-2017-2018.pdf,2026-06-12T11:28:02.080468
784,County Assembly of Laikipia-2017-2018,2017/18,county_assembly,https://www.oagkenya.go.ke/wp-content/uploads/2021/09/County-Assembly-of-Laikipia-2017-2018.pdf#new_tab,C:\Users\user\Data_Science_Course\kenya_public_finance_intelligence\kenya_public_finance_intelligence\data\raw\oag\oag_2017-18_county-assembly_county-assembly-of-laikipia-2017-2018.pdf,2026-06-12T11:28:02.080709
785,County Assembly of Laikipia-2017-2018,2017/18,county_assembly,https://www.oagkenya.go.ke/wp-content/uploads/2021/09/County-Assembly-of-Laikipia-2017-2018.pdf,C:\Users\user\Data_Science_Course\kenya_public_finance_intelligence\kenya_public_finance_intelligence\data\raw\oag\oag_2017-18_county-assembly_county-assembly-of-laikipia-2017-2018.pdf,2026-06-12T11:28:02.080724
786,County Assembly of Kwale-2017-2018,2017/18,county_assembly,https://www.oagkenya.go.ke/wp-content/uploads/2021/09/County-Assembly-of-Kwale-2017-2018.pdf#new_tab,C:\Users\user\Data_Science_Course\kenya_public_finance_intelligence\kenya_public_finance_intelligence\data\raw\oag\oag_2017-18_county-assembly_county-assembly-of-kwale-2017-2018.pdf,2026-06-12T11:28:02.080960
787,County Assembly of Kwale-2017-2018,2017/18,county_assembly,https://www.oagkenya.go.ke/wp-content/uploads/2021/09/County-Assembly-of-Kwale-2017-2018.pdf,C:\Users\user\Data_Science_Course\kenya_public_finance_intelligence\kenya_public_finance_intelligence\data\raw\oag\oag_2017-18_county-assembly_county-assembly-of-kwale-2017-2018.pdf,2026-06-12T11:28:02.080973
788,County Assembly of Kisumu-2017-2018,2017/18,county_assembly,https://www.oagkenya.go.ke/wp-content/uploads/2021/09/County-Assembly-of-Kisumu-2017-2018.pdf#new_tab,C:\Users\user\Data_Science_Course\kenya_public_finance_intelligence\kenya_public_finance_intelligence\data\raw\oag\oag_2017-18_county-assembly_county-assembly-of-kisumu-2017-2018.pdf,2026-06-12T11:28:02.081189
789,County Assembly of Kisumu-2017-2018,2017/18,county_assembly,https://www.oagkenya.go.ke/wp-content/uploads/2021/09/County-Assembly-of-Kisumu-2017-2018.pdf,C:\Users\user\Data_Science_Course\kenya_public_finance_intelligence\kenya_public_finance_intelligence\data\raw\oag\oag_2017-18_county-assembly_county-assembly-of-kisumu-2017-2018.pdf,2026-06-12T11:28:02.081202
790,County Assembly of Kericho-2017-2018,2017/18,county_assembly,https://www.oagkenya.go.ke/wp-content/uploads/2021/09/County-Assembly-of-Kericho-2017-2018.pdf#new_tab,C:\Users\user\Data_Science_Course\kenya_public_finance_intelligence\kenya_public_finance_intelligence\data\raw\oag\oag_2017-18_county-assembly_county-assembly-of-kericho-2017-2018.pdf,2026-06-12T11:28:02.081412
791,County Assembly of Kericho-2017-2018,2017/18,county_assembly,https://www.oagkenya.go.ke/wp-content/uploads/2021/09/County-Assembly-of-Kericho-2017-2018.pdf,C:\Users\user\Data_Science_Course\kenya_public_finance_intelligence\kenya_public_finance_intelligence\data\raw\oag\oag_2017-18_county-assembly_county-assembly-of-kericho-2017-2018.pdf,2026-06-12T11:28:02.081424
792,County Assembly of Kakamega-2017-2018,2017/18,county_assembly,https://www.oagkenya.go.ke/wp-content/uploads/2021/09/County-Assembly-of-Kakamega-2017-2018.pdf#new_tab,C:\Users\user\Data_Science_Course\kenya_public_finance_intelligence\kenya_public_finance_intelligence\data\raw\oag\oag_2017-18_county-assembly_county-assembly-of-kakamega-2017-2018.pdf,2026-06-12T11:28:02.081634
793,County Assembly of Kakamega-2017-2018,2017/18,county_assembly,https://www.oagkenya.go.ke/wp-content/uploads/2021/09/County-Assembly-of-Kakamega-2017-2018.pdf,C:\Users\user\Data_Science_Course\kenya_public_finance_intelligence\kenya_public_finance_intelligence\data\raw\oag\oag_2017-18_county-assembly_county-assembly-of-kakamega-2017-2018.pdf,2026-06-12T11:28:02.081646
794,County Assembly of Isiolo-2017-2018,2017/18,county_assembly,https://www.oagkenya.go.ke/wp-content/uploads/2021/09/County-Assembly-of-Isiolo-2017-2018.pdf#new_tab,C:\Users\user\Data_Science_Course\kenya_public_finance_intelligence\kenya_public_finance_intelligence\data\raw\oag\oag_2017-18_county-assembly_county-assembly-of-isiolo-2017-2018.pdf,2026-06-12T11:28:02.081854
795,County Assembly of Isiolo-2017-2018,2017/18,county_assembly,https://www.oagkenya.go.ke/wp-content/uploads/2021/09/County-Assembly-of-Isiolo-2017-2018.pdf,C:\Users\user\Data_Science_Course\kenya_public_finance_intelligence\kenya_public_finance_intelligence\data\raw\oag\oag_2017-18_county-assembly_county-assembly-of-isiolo-2017-2018.pdf,2026-06-12T11:28:02.081865
796,County Assembly of Homa-bay-2017-2018,2017/18,county_assembly,https://www.oagkenya.go.ke/wp-content/uploads/2021/09/County-Assembly-of-Homa-bay-2017-2018.pdf#new_tab,C:\Users\user\Data_Science_Course\kenya_public_finance_intelligence\kenya_public_finance_intelligence\data\raw\oag\oag_2017-18_county-assembly_county-assembly-of-homa-bay-2017-2018.pdf,2026-06-12T11:28:02.082094
797,County Assembly of Homa-bay-2017-2018,2017/18,county_assembly,https://www.oagkenya.go.ke/wp-content/uploads/2021/09/County-Assembly-of-Homa-bay-2017-2018.pdf,C:\Users\user\Data_Science_Course\kenya_public_finance_intelligence\kenya_public_finance_intelligence\data\raw\oag\oag_2017-18_county-assembly_county-assembly-of-homa-bay-2017-2018.pdf,2026-06-12T11:28:02.082107
798,County Assembly of Embu-2017-2018,2017/18,county_assembly,https://www.oagkenya.go.ke/wp-content/uploads/2021/09/County-Assembly-of-Embu-2017-2018.pdf#new_tab,C:\Users\user\Data_Science_Course\kenya_public_finance_intelligence\kenya_public_finance_intelligence\data\raw\oag\oag_2017-18_county-assembly_county-assembly-of-embu-2017-2018.pdf,2026-06-12T11:28:02.082316
799,County Assembly of Embu-2017-2018,2017/18,county_assembly,https://www.oagkenya.go.ke/wp-content/uploads/2021/09/County-Assembly-of-Embu-2017-2018.pdf,C:\Users\user\Data_Science_Course\kenya_public_finance_intelligence\kenya_public_finance_intelligence\data\raw\oag\oag_2017-18_county-assembly_county-assembly-of-embu-2017-2018.pdf,2026-06-12T11:28:02.082327
800,County Assembly of Elgeyo Marakwet-2017-2018,2017/18,county_assembly,https://www.oagkenya.go.ke/wp-content/uploads/2021/09/County-Assembly-of-Elgeyo-Marakwet-2017-2018.pdf#new_tab,C:\Users\user\Data_Science_Course\kenya_public_finance_intelligence\kenya_public_finance_intelligence\data\raw\oag\oag_2017-18_county-assembly_county-assembly-of-elgeyo-marakwet-2017-.pdf,2026-06-12T11:28:02.082538
801,County Assembly of Elgeyo Marakwet-2017-2018,2017/18,county_assembly,https://www.oagkenya.go.ke/wp-content/uploads/2021/09/County-Assembly-of-Elgeyo-Marakwet-2017-2018.pdf,C:\Users\user\Data_Science_Course\kenya_public_finance_intelligence\kenya_public_finance_intelligence\data\raw\oag\oag_2017-18_county-assembly_county-assembly-of-elgeyo-marakwet-2017-.pdf,2026-06-12T11:28:02.082549
802,County Executive of Uasin Gishu 2016- 2017,2016/17,county_executive,https://www.oagkenya.go.ke/wp-content/uploads/2022/09/County-Executive-of-Uasin-Gishu-2016-2017.pdf#new_tab,C:\Users\user\Data_Science_Course\kenya_public_finance_intelligence\kenya_public_finance_intelligence\data\raw\oag\oag_2016-17_county-executive_county-executive-of-uasin-gishu-2016--20.pdf,2026-06-12T11:28:06.278093
803,County Executive of Uasin Gishu 2016- 2017,2016/17,county_executive,https://www.oagkenya.go.ke/wp-content/uploads/2022/09/County-Executive-of-Uasin-Gishu-2016-2017.pdf,C:\Users\user\Data_Science_Course\kenya_public_finance_intelligence\kenya_public_finance_intelligence\data\raw\oag\oag_2016-17_county-executive_county-executive-of-uasin-gishu-2016--20.pdf,2026-06-12T11:28:06.278137
804,County Executive of Kericho 2016 -2017,2016/17,county_executive,https://www.oagkenya.go.ke/wp-content/uploads/2022/09/County-Executive-of-Kericho-2016-2017.pdf#new_tab,C:\Users\user\Data_Science_Course\kenya_public_finance_intelligence\kenya_public_finance_intelligence\data\raw\oag\oag_2016-17_county-executive_county-executive-of-kericho-2016--2017.pdf,2026-06-12T11:28:06.278903
805,County Executive of Kericho 2016 -2017,2016/17,county_executive,https://www.oagkenya.go.ke/wp-content/uploads/2022/09/County-Executive-of-Kericho-2016-2017.pdf,C:\Users\user\Data_Science_Course\kenya_public_finance_intelligence\kenya_public_finance_intelligence\data\raw\oag\oag_2016-17_county-executive_county-executive-of-kericho-2016--2017.pdf,2026-06-12T11:28:06.279047
806,County Assembly of Kericho 2016 -2017,2016/17,county_assembly,https://www.oagkenya.go.ke/wp-content/uploads/2022/09/County-Assembly-of-Kericho-2016-2017.pdf#new_tab,C:\Users\user\Data_Science_Course\kenya_public_finance_intelligence\kenya_public_finance_intelligence\data\raw\oag\oag_2016-17_county-assembly_county-assembly-of-kericho-2016--2017.pdf,2026-06-12T11:28:06.280192
807,County Assembly of Kericho 2016 -2017,2016/17,county_assembly,https://www.oagkenya.go.ke/wp-content/uploads/2022/09/County-Assembly-of-Kericho-2016-2017.pdf,C:\Users\user\Data_Science_Course\kenya_public_finance_intelligence\kenya_public_finance_intelligence\data\raw\oag\oag_2016-17_county-assembly_county-assembly-of-kericho-2016--2017.pdf,2026-06-12T11:28:06.280264
808,County Executive of Baringo-2016-2017,2016/17,county_executive,https://www.oagkenya.go.ke/wp-content/uploads/2021/09/County-Executive-of-Baringo-2016-2017.pdf#new_tab,C:\Users\user\Data_Science_Course\kenya_public_finance_intelligence\kenya_public_finance_intelligence\data\raw\oag\oag_2016-17_county-executive_county-executive-of-baringo-2016-2017.pdf,2026-06-12T11:28:06.281169
809,County Executive of Baringo-2016-2017,2016/17,county_executive,https://www.oagkenya.go.ke/wp-content/uploads/2021/09/County-Executive-of-Baringo-2016-2017.pdf,C:\Users\user\Data_Science_Course\kenya_public_finance_intelligence\kenya_public_finance_intelligence\data\raw\oag\oag_2016-17_county-executive_county-executive-of-baringo-2016-2017.pdf,2026-06-12T11:28:06.281210
810,County Executive of Bomet-2016-2017,2016/17,county_executive,https://www.oagkenya.go.ke/wp-content/uploads/2021/09/County-Executive-of-Bomet-2016-2017.pdf#new_tab,C:\Users\user\Data_Science_Course\kenya_public_finance_intelligence\kenya_public_finance_intelligence\data\raw\oag\oag_2016-17_county-executive_county-executive-of-bomet-2016-2017.pdf,2026-06-12T11:28:06.281861
811,County Executive of Bomet-2016-2017,2016/17,county_executive,https://www.oagkenya.go.ke/wp-content/uploads/2021/09/County-Executive-of-Bomet-2016-2017.pdf,C:\Users\user\Data_Science_Course\kenya_public_finance_intelligence\kenya_public_finance_intelligence\data\raw\oag\oag_2016-17_county-executive_county-executive-of-bomet-2016-2017.pdf,2026-06-12T11:28:06.281902
812,County Executive of Bungoma-2016-2017,2016/17,county_executive,https://www.oagkenya.go.ke/wp-content/uploads/2021/09/County-Executive-of-Bungoma-2016-2017.pdf#new_tab,C:\Users\user\Data_Science_Course\kenya_public_finance_intelligence\kenya_public_finance_intelligence\data\raw\oag\oag_2016-17_county-executive_county-executive-of-bungoma-2016-2017.pdf,2026-06-12T11:28:06.282549
813,County Executive of Bungoma-2016-2017,2016/17,county_executive,https://www.oagkenya.go.ke/wp-content/uploads/2021/09/County-Executive-of-Bungoma-2016-2017.pdf,C:\Users\user\Data_Science_Course\kenya_public_finance_intelligence\kenya_public_finance_intelligence\data\raw\oag\oag_2016-17_county-executive_county-executive-of-bungoma-2016-2017.pdf,2026-06-12T11:28:06.282584
814,County Executive of Busia-2016-2017,2016/17,county_executive,https://www.oagkenya.go.ke/wp-content/uploads/2021/09/County-Executive-of-Busia-2016-2017.pdf#new_tab,C:\Users\user\Data_Science_Course\kenya_public_finance_intelligence\kenya_public_finance_intelligence\data\raw\oag\oag_2016-17_county-executive_county-executive-of-busia-2016-2017.pdf,2026-06-12T11:28:06.283161
815,County Executive of Busia-2016-2017,2016/17,county_executive,https://www.oagkenya.go.ke/wp-content/uploads/2021/09/County-Executive-of-Busia-2016-2017.pdf,C:\Users\user\Data_Science_Course\kenya_public_finance_intelligence\kenya_public_finance_intelligence\data\raw\oag\oag_2016-17_county-executive_county-executive-of-busia-2016-2017.pdf,2026-06-12T11:28:06.283198
816,County Executive of Elgeyo Marakwet-2016-2017,2016/17,county_executive,https://www.oagkenya.go.ke/wp-content/uploads/2021/09/County-Executive-of-Elgeyo-Marakwet-2016-2017.pdf#new_tab,C:\Users\user\Data_Science_Course\kenya_public_finance_intelligence\kenya_public_finance_intelligence\data\raw\oag\oag_2016-17_county-executive_county-executive-of-elgeyo-marakwet-2016.pdf,2026-06-12T11:28:06.283780
817,County Executive of Elgeyo Marakwet-2016-2017,2016/17,county_executive,https://www.oagkenya.go.ke/wp-content/uploads/2021/09/County-Executive-of-Elgeyo-Marakwet-2016-2017.pdf,C:\Users\user\Data_Science_Course\kenya_public_finance_intelligence\kenya_public_finance_intelligence\data\raw\oag\oag_2016-17_county-executive_county-executive-of-elgeyo-marakwet-2016.pdf,2026-06-12T11:28:06.283816
818,County Executive of Embu-2016-2017,2016/17,county_executive,https://www.oagkenya.go.ke/wp-content/uploads/2021/09/County-Executive-of-Embu-2016-2017.pdf#new_tab,C:\Users\user\Data_Science_Course\kenya_public_finance_intelligence\kenya_public_finance_intelligence\data\raw\oag\oag_2016-17_county-executive_county-executive-of-embu-2016-2017.pdf,2026-06-12T11:28:06.284351
819,County Executive of Embu-2016-2017,2016/17,county_executive,https://www.oagkenya.go.ke/wp-content/uploads/2021/09/County-Executive-of-Embu-2016-2017.pdf,C:\Users\user\Data_Science_Course\kenya_public_finance_intelligence\kenya_public_finance_intelligence\data\raw\oag\oag_2016-17_county-executive_county-executive-of-embu-2016-2017.pdf,2026-06-12T11:28:06.284396
820,County Executive of Garissa-2016-2017,2016/17,county_executive,https://www.oagkenya.go.ke/wp-content/uploads/2021/09/County-Executive-of-Garissa-2016-2017.pdf#new_tab,C:\Users\user\Data_Science_Course\kenya_public_finance_intelligence\kenya_public_finance_intelligence\data\raw\oag\oag_2016-17_county-executive_county-executive-of-garissa-2016-2017.pdf,2026-06-12T11:28:06.284981
821,County Executive of Garissa-2016-2017,2016/17,county_executive,https://www.oagkenya.go.ke/wp-content/uploads/2021/09/County-Executive-of-Garissa-2016-2017.pdf,C:\Users\user\Data_Science_Course\kenya_public_finance_intelligence\kenya_public_finance_intelligence\data\raw\oag\oag_2016-17_county-executive_county-executive-of-garissa-2016-2017.pdf,2026-06-12T11:28:06.285016
822,County Executive of Homa Bay-2016-2017,2016/17,county_executive,https://www.oagkenya.go.ke/wp-content/uploads/2021/09/County-Executive-of-Homa-Bay-2016-2017.pdf#new_tab,C:\Users\user\Data_Science_Course\kenya_public_finance_intelligence\kenya_public_finance_intelligence\data\raw\oag\oag_2016-17_county-executive_county-executive-of-homa-bay-2016-2017.pdf,2026-06-12T11:28:06.285585
823,County Executive of Homa Bay-2016-2017,2016/17,county_executive,https://www.oagkenya.go.ke/wp-content/uploads/2021/09/County-Executive-of-Homa-Bay-2016-2017.pdf,C:\Users\user\Data_Science_Course\kenya_public_finance_intelligence\kenya_public_finance_intelligence\data\raw\oag\oag_2016-17_county-executive_county-executive-of-homa-bay-2016-2017.pdf,2026-06-12T11:28:06.285620
824,County Executive of Isiolo-2016-2017,2016/17,county_executive,https://www.oagkenya.go.ke/wp-content/uploads/2021/09/County-Executive-of-Isiolo-2016-2017.pdf#new_tab,C:\Users\user\Data_Science_Course\kenya_public_finance_intelligence\kenya_public_finance_intelligence\data\raw\oag\oag_2016-17_county-executive_county-executive-of-isiolo-2016-2017.pdf,2026-06-12T11:28:06.286180
825,County Executive of Isiolo-2016-2017,2016/17,county_executive,https://www.oagkenya.go.ke/wp-content/uploads/2021/09/County-Executive-of-Isiolo-2016-2017.pdf,C:\Users\user\Data_Science_Course\kenya_public_finance_intelligence\kenya_public_finance_intelligence\data\raw\oag\oag_2016-17_county-executive_county-executive-of-isiolo-2016-2017.pdf,2026-06-12T11:28:06.286225
826,County Executive of Kajiado-2016-2017,2016/17,county_executive,https://www.oagkenya.go.ke/wp-content/uploads/2021/09/County-Executive-of-Kajiado-2016-2017.pdf#new_tab,C:\Users\user\Data_Science_Course\kenya_public_finance_intelligence\kenya_public_finance_intelligence\data\raw\oag\oag_2016-17_county-executive_county-executive-of-kajiado-2016-2017.pdf,2026-06-12T11:28:06.286797
827,County Executive of Kajiado-2016-2017,2016/17,county_executive,https://www.oagkenya.go.ke/wp-content/uploads/2021/09/County-Executive-of-Kajiado-2016-2017.pdf,C:\Users\user\Data_Science_Course\kenya_public_finance_intelligence\kenya_public_finance_intelligence\data\raw\oag\oag_2016-17_county-executive_county-executive-of-kajiado-2016-2017.pdf,2026-06-12T11:28:06.286836
828,County Executive of Kakamega-2016-2017,2016/17,county_executive,https://www.oagkenya.go.ke/wp-content/uploads/2021/09/County-Executive-of-Kakamega-2016-2017.pdf#new_tab,C:\Users\user\Data_Science_Course\kenya_public_finance_intelligence\kenya_public_finance_intelligence\data\raw\oag\oag_2016-17_county-executive_county-executive-of-kakamega-2016-2017.pdf,2026-06-12T11:28:06.287427
829,County Executive of Kakamega-2016-2017,2016/17,county_executive,https://www.oagkenya.go.ke/wp-content/uploads/2021/09/County-Executive-of-Kakamega-2016-2017.pdf,C:\Users\user\Data_Science_Course\kenya_public_finance_intelligence\kenya_public_finance_intelligence\data\raw\oag\oag_2016-17_county-executive_county-executive-of-kakamega-2016-2017.pdf,2026-06-12T11:28:06.287459
830,County Executive of Kiambu-2016-2017,2016/17,county_executive,https://www.oagkenya.go.ke/wp-content/uploads/2021/09/County-Executive-of-Kiambu-2016-2017.pdf#new_tab,C:\Users\user\Data_Science_Course\kenya_public_finance_intelligence\kenya_public_finance_intelligence\data\raw\oag\oag_2016-17_county-executive_county-executive-of-kiambu-2016-2017.pdf,2026-06-12T11:28:06.288052
831,County Executive of Kiambu-2016-2017,2016/17,county_executive,https://www.oagkenya.go.ke/wp-content/uploads/2021/09/County-Executive-of-Kiambu-2016-2017.pdf,C:\Users\user\Data_Science_Course\kenya_public_finance_intelligence\kenya_public_finance_intelligence\data\raw\oag\oag_2016-17_county-executive_county-executive-of-kiambu-2016-2017.pdf,2026-06-12T11:28:06.288095
832,County Executive of Kilifi-2016-2017,2016/17,county_executive,https://www.oagkenya.go.ke/wp-content/uploads/2021/09/County-Executive-of-Kilifi-2016-2017.pdf#new_tab,C:\Users\user\Data_Science_Course\kenya_public_finance_intelligence\kenya_public_finance_intelligence\data\raw\oag\oag_2016-17_county-executive_county-executive-of-kilifi-2016-2017.pdf,2026-06-12T11:28:06.288635
833,County Executive of Kilifi-2016-2017,2016/17,county_executive,https://www.oagkenya.go.ke/wp-content/uploads/2021/09/County-Executive-of-Kilifi-2016-2017.pdf,C:\Users\user\Data_Science_Course\kenya_public_finance_intelligence\kenya_public_finance_intelligence\data\raw\oag\oag_2016-17_county-executive_county-executive-of-kilifi-2016-2017.pdf,2026-06-12T11:28:06.288668
834,County Executive of Kirinyaga-2016-2017,2016/17,county_executive,https://www.oagkenya.go.ke/wp-content/uploads/2021/09/County-Executive-of-Kirinyaga-2016-2017.pdf#new_tab,C:\Users\user\Data_Science_Course\kenya_public_finance_intelligence\kenya_public_finance_intelligence\data\raw\oag\oag_2016-17_county-executive_county-executive-of-kirinyaga-2016-2017.pdf,2026-06-12T11:28:06.289283
835,County Executive of Kirinyaga-2016-2017,2016/17,county_executive,https://www.oagkenya.go.ke/wp-content/uploads/2021/09/County-Executive-of-Kirinyaga-2016-2017.pdf,C:\Users\user\Data_Science_Course\kenya_public_finance_intelligence\kenya_public_finance_intelligence\data\raw\oag\oag_2016-17_county-executive_county-executive-of-kirinyaga-2016-2017.pdf,2026-06-12T11:28:06.289325
836,County Executive of Kisii-2016-2017,2016/17,county_executive,https://www.oagkenya.go.ke/wp-content/uploads/2021/09/County-Executive-of-Kisii-2016-2017.pdf#new_tab,C:\Users\user\Data_Science_Course\kenya_public_finance_intelligence\kenya_public_finance_intelligence\data\raw\oag\oag_2016-17_county-executive_county-executive-of-kisii-2016-2017.pdf,2026-06-12T11:28:06.289947
837,County Executive of Kisii-2016-2017,2016/17,county_executive,https://www.oagkenya.go.ke/wp-content/uploads/2021/09/County-Executive-of-Kisii-2016-2017.pdf,C:\Users\user\Data_Science_Course\kenya_public_finance_intelligence\kenya_public_finance_intelligence\data\raw\oag\oag_2016-17_county-executive_county-executive-of-kisii-2016-2017.pdf,2026-06-12T11:28:06.289980
838,County Executive of Kisumu-2016-2017,2016/17,county_executive,https://www.oagkenya.go.ke/wp-content/uploads/2021/09/County-Executive-of-Kisumu-2016-2017.pdf#new_tab,C:\Users\user\Data_Science_Course\kenya_public_finance_intelligence\kenya_public_finance_intelligence\data\raw\oag\oag_2016-17_county-executive_county-executive-of-kisumu-2016-2017.pdf,2026-06-12T11:28:06.290528
839,County Executive of Kisumu-2016-2017,2016/17,county_executive,https://www.oagkenya.go.ke/wp-content/uploads/2021/09/County-Executive-of-Kisumu-2016-2017.pdf,C:\Users\user\Data_Science_Course\kenya_public_finance_intelligence\kenya_public_finance_intelligence\data\raw\oag\oag_2016-17_county-executive_county-executive-of-kisumu-2016-2017.pdf,2026-06-12T11:28:06.290562
840,County Executive of Kitui-2016-2017,2016/17,county_executive,https://www.oagkenya.go.ke/wp-content/uploads/2021/09/County-Executive-of-Kitui-2016-2017.pdf#new_tab,C:\Users\user\Data_Science_Course\kenya_public_finance_intelligence\kenya_public_finance_intelligence\data\raw\oag\oag_2016-17_county-executive_county-executive-of-kitui-2016-2017.pdf,2026-06-12T11:28:06.291121
841,County Executive of Kitui-2016-2017,2016/17,county_executive,https://www.oagkenya.go.ke/wp-content/uploads/2021/09/County-Executive-of-Kitui-2016-2017.pdf,C:\Users\user\Data_Science_Course\kenya_public_finance_intelligence\kenya_public_finance_intelligence\data\raw\oag\oag_2016-17_county-executive_county-executive-of-kitui-2016-2017.pdf,2026-06-12T11:28:06.291157
842,County Executive of Kwale-2016-2017,2016/17,county_executive,https://www.oagkenya.go.ke/wp-content/uploads/2021/09/County-Executive-of-Kwale-2016-2017.pdf#new_tab,C:\Users\user\Data_Science_Course\kenya_public_finance_intelligence\kenya_public_finance_intelligence\data\raw\oag\oag_2016-17_county-executive_county-executive-of-kwale-2016-2017.pdf,2026-06-12T11:28:06.291683
843,County Executive of Kwale-2016-2017,2016/17,county_executive,https://www.oagkenya.go.ke/wp-content/uploads/2021/09/County-Executive-of-Kwale-2016-2017.pdf,C:\Users\user\Data_Science_Course\kenya_public_finance_intelligence\kenya_public_finance_intelligence\data\raw\oag\oag_2016-17_county-executive_county-executive-of-kwale-2016-2017.pdf,2026-06-12T11:28:06.291733
844,County Executive of Laikipia-2016-2017,2016/17,county_executive,https://www.oagkenya.go.ke/wp-content/uploads/2021/09/County-Executive-of-Laikipia-2016-2017.pdf#new_tab,C:\Users\user\Data_Science_Course\kenya_public_finance_intelligence\kenya_public_finance_intelligence\data\raw\oag\oag_2016-17_county-executive_county-executive-of-laikipia-2016-2017.pdf,2026-06-12T11:28:06.292363
845,County Executive of Laikipia-2016-2017,2016/17,county_executive,https://www.oagkenya.go.ke/wp-content/uploads/2021/09/County-Executive-of-Laikipia-2016-2017.pdf,C:\Users\user\Data_Science_Course\kenya_public_finance_intelligence\kenya_public_finance_intelligence\data\raw\oag\oag_2016-17_county-executive_county-executive-of-laikipia-2016-2017.pdf,2026-06-12T11:28:06.292397
846,County Executive of Lamu-2016-2017,2016/17,county_executive,https://www.oagkenya.go.ke/wp-content/uploads/2021/09/County-Executive-of-Lamu-2016-2017.pdf#new_tab,C:\Users\user\Data_Science_Course\kenya_public_finance_intelligence\kenya_public_finance_intelligence\data\raw\oag\oag_2016-17_county-executive_county-executive-of-lamu-2016-2017.pdf,2026-06-12T11:28:06.293037
847,County Executive of Lamu-2016-2017,2016/17,county_executive,https://www.oagkenya.go.ke/wp-content/uploads/2021/09/County-Executive-of-Lamu-2016-2017.pdf,C:\Users\user\Data_Science_Course\kenya_public_finance_intelligence\kenya_public_finance_intelligence\data\raw\oag\oag_2016-17_county-executive_county-executive-of-lamu-2016-2017.pdf,2026-06-12T11:28:06.293073
848,County Executive of Machakos-2016-2017,2016/17,county_executive,https://www.oagkenya.go.ke/wp-content/uploads/2021/09/County-Executive-of-Machakos-2016-2017.pdf#new_tab,C:\Users\user\Data_Science_Course\kenya_public_finance_intelligence\kenya_public_finance_intelligence\data\raw\oag\oag_2016-17_county-executive_county-executive-of-machakos-2016-2017.pdf,2026-06-12T11:28:06.293952
849,County Executive of Machakos-2016-2017,2016/17,county_executive,https://www.oagkenya.go.ke/wp-content/uploads/2021/09/County-Executive-of-Machakos-2016-2017.pdf,C:\Users\user\Data_Science_Course\kenya_public_finance_intelligence\kenya_public_finance_intelligence\data\raw\oag\oag_2016-17_county-executive_county-executive-of-machakos-2016-2017.pdf,2026-06-12T11:28:06.293988
850,County Executive of Makueni-2016-2017,2016/17,county_executive,https://www.oagkenya.go.ke/wp-content/uploads/2021/09/County-Executive-of-Makueni-2016-2017.pdf#new_tab,C:\Users\user\Data_Science_Course\kenya_public_finance_intelligence\kenya_public_finance_intelligence\data\raw\oag\oag_2016-17_county-executive_county-executive-of-makueni-2016-2017.pdf,2026-06-12T11:28:06.294756
851,County Executive of Makueni-2016-2017,2016/17,county_executive,https://www.oagkenya.go.ke/wp-content/uploads/2021/09/County-Executive-of-Makueni-2016-2017.pdf,C:\Users\user\Data_Science_Course\kenya_public_finance_intelligence\kenya_public_finance_intelligence\data\raw\oag\oag_2016-17_county-executive_county-executive-of-makueni-2016-2017.pdf,2026-06-12T11:28:06.294809
852,County Executive of Mandera-2016-2017,2016/17,county_executive,https://www.oagkenya.go.ke/wp-content/uploads/2021/09/County-Executive-of-Mandera-2016-2017.pdf#new_tab,C:\Users\user\Data_Science_Course\kenya_public_finance_intelligence\kenya_public_finance_intelligence\data\raw\oag\oag_2016-17_county-executive_county-executive-of-mandera-2016-2017.pdf,2026-06-12T11:28:06.295458
853,County Executive of Mandera-2016-2017,2016/17,county_executive,https://www.oagkenya.go.ke/wp-content/uploads/2021/09/County-Executive-of-Mandera-2016-2017.pdf,C:\Users\user\Data_Science_Course\kenya_public_finance_intelligence\kenya_public_finance_intelligence\data\raw\oag\oag_2016-17_county-executive_county-executive-of-mandera-2016-2017.pdf,2026-06-12T11:28:06.295497
854,County Executive of Marsabit-2016-2017,2016/17,county_executive,https://www.oagkenya.go.ke/wp-content/uploads/2021/09/County-Executive-of-Marsabit-2016-2017.pdf#new_tab,C:\Users\user\Data_Science_Course\kenya_public_finance_intelligence\kenya_public_finance_intelligence\data\raw\oag\oag_2016-17_county-executive_county-executive-of-marsabit-2016-2017.pdf,2026-06-12T11:28:06.296118
855,County Executive of Marsabit-2016-2017,2016/17,county_executive,https://www.oagkenya.go.ke/wp-content/uploads/2021/09/County-Executive-of-Marsabit-2016-2017.pdf,C:\Users\user\Data_Science_Course\kenya_public_finance_intelligence\kenya_public_finance_intelligence\data\raw\oag\oag_2016-17_county-executive_county-executive-of-marsabit-2016-2017.pdf,2026-06-12T11:28:06.296164
856,County Executive of Meru-2016-2017,2016/17,county_executive,https://www.oagkenya.go.ke/wp-content/uploads/2021/09/County-Executive-of-Meru-2016-2017.pdf#new_tab,C:\Users\user\Data_Science_Course\kenya_public_finance_intelligence\kenya_public_finance_intelligence\data\raw\oag\oag_2016-17_county-executive_county-executive-of-meru-2016-2017.pdf,2026-06-12T11:28:06.296966
857,County Executive of Meru-2016-2017,2016/17,county_executive,https://www.oagkenya.go.ke/wp-content/uploads/2021/09/County-Executive-of-Meru-2016-2017.pdf,C:\Users\user\Data_Science_Course\kenya_public_finance_intelligence\kenya_public_finance_intelligence\data\raw\oag\oag_2016-17_county-executive_county-executive-of-meru-2016-2017.pdf,2026-06-12T11:28:06.297010
858,County Executive of Migori-2016-2017,2016/17,county_executive,https://www.oagkenya.go.ke/wp-content/uploads/2021/09/County-Executive-of-Migori-2016-2017.pdf#new_tab,C:\Users\user\Data_Science_Course\kenya_public_finance_intelligence\kenya_public_finance_intelligence\data\raw\oag\oag_2016-17_county-executive_county-executive-of-migori-2016-2017.pdf,2026-06-12T11:28:06.297690
859,County Executive of Migori-2016-2017,2016/17,county_executive,https://www.oagkenya.go.ke/wp-content/uploads/2021/09/County-Executive-of-Migori-2016-2017.pdf,C:\Users\user\Data_Science_Course\kenya_public_finance_intelligence\kenya_public_finance_intelligence\data\raw\oag\oag_2016-17_county-executive_county-executive-of-migori-2016-2017.pdf,2026-06-12T11:28:06.297751
860,County Executive of Mombasa-2016-2017,2016/17,county_executive,https://www.oagkenya.go.ke/wp-content/uploads/2021/09/County-Executive-of-Mombasa-2016-2017.pdf#new_tab,C:\Users\user\Data_Science_Course\kenya_public_finance_intelligence\kenya_public_finance_intelligence\data\raw\oag\oag_2016-17_county-executive_county-executive-of-mombasa-2016-2017.pdf,2026-06-12T11:28:06.298318
861,County Executive of Mombasa-2016-2017,2016/17,county_executive,https://www.oagkenya.go.ke/wp-content/uploads/2021/09/County-Executive-of-Mombasa-2016-2017.pdf,C:\Users\user\Data_Science_Course\kenya_public_finance_intelligence\kenya_public_finance_intelligence\data\raw\oag\oag_2016-17_county-executive_county-executive-of-mombasa-2016-2017.pdf,2026-06-12T11:28:06.298354
862,County Assembly of West Pokot-2016-2017,2016/17,county_assembly,https://www.oagkenya.go.ke/wp-content/uploads/2021/09/County-Assembly-of-West-Pokot-2016-2017.pdf#new_tab,C:\Users\user\Data_Science_Course\kenya_public_finance_intelligence\kenya_public_finance_intelligence\data\raw\oag\oag_2016-17_county-assembly_county-assembly-of-west-pokot-2016-2017.pdf,2026-06-12T11:28:06.299008
863,County Assembly of West Pokot-2016-2017,2016/17,county_assembly,https://www.oagkenya.go.ke/wp-content/uploads/2021/09/County-Assembly-of-West-Pokot-2016-2017.pdf,C:\Users\user\Data_Science_Course\kenya_public_finance_intelligence\kenya_public_finance_intelligence\data\raw\oag\oag_2016-17_county-assembly_county-assembly-of-west-pokot-2016-2017.pdf,2026-06-12T11:28:06.299047
864,County Executive of Murang’a-2016-2017,2016/17,county_executive,https://www.oagkenya.go.ke/wp-content/uploads/2021/09/County-Executive-of-Muranga-2016-2017.pdf#new_tab,C:\Users\user\Data_Science_Course\kenya_public_finance_intelligence\kenya_public_finance_intelligence\data\raw\oag\oag_2016-17_county-executive_county-executive-of-muranga-2016-2017.pdf,2026-06-12T11:28:06.299797
865,County Executive of Murang’a-2016-2017,2016/17,county_executive,https://www.oagkenya.go.ke/wp-content/uploads/2021/09/County-Executive-of-Muranga-2016-2017.pdf,C:\Users\user\Data_Science_Course\kenya_public_finance_intelligence\kenya_public_finance_intelligence\data\raw\oag\oag_2016-17_county-executive_county-executive-of-muranga-2016-2017.pdf,2026-06-12T11:28:06.299864
866,County Assembly of Wajir-2016-2017,2016/17,county_assembly,https://www.oagkenya.go.ke/wp-content/uploads/2021/09/County-Assembly-of-Wajir-2016-2017.pdf#new_tab,C:\Users\user\Data_Science_Course\kenya_public_finance_intelligence\kenya_public_finance_intelligence\data\raw\oag\oag_2016-17_county-assembly_county-assembly-of-wajir-2016-2017.pdf,2026-06-12T11:28:06.300502
867,County Assembly of Wajir-2016-2017,2016/17,county_assembly,https://www.oagkenya.go.ke/wp-content/uploads/2021/09/County-Assembly-of-Wajir-2016-2017.pdf,C:\Users\user\Data_Science_Course\kenya_public_finance_intelligence\kenya_public_finance_intelligence\data\raw\oag\oag_2016-17_county-assembly_county-assembly-of-wajir-2016-2017.pdf,2026-06-12T11:28:06.300550
868,County Executive of Nairobi-2016-2017,2016/17,county_executive,https://www.oagkenya.go.ke/wp-content/uploads/2021/09/County-Executive-of-Nairobi-2016-2017.pdf#new_tab,C:\Users\user\Data_Science_Course\kenya_public_finance_intelligence\kenya_public_finance_intelligence\data\raw\oag\oag_2016-17_county-executive_county-executive-of-nairobi-2016-2017.pdf,2026-06-12T11:28:06.301160
869,County Executive of Nairobi-2016-2017,2016/17,county_executive,https://www.oagkenya.go.ke/wp-content/uploads/2021/09/County-Executive-of-Nairobi-2016-2017.pdf,C:\Users\user\Data_Science_Course\kenya_public_finance_intelligence\kenya_public_finance_intelligence\data\raw\oag\oag_2016-17_county-executive_county-executive-of-nairobi-2016-2017.pdf,2026-06-12T11:28:06.301206
870,County Executive of Nakuru-2016-2017,2016/17,county_executive,https://www.oagkenya.go.ke/wp-content/uploads/2021/09/County-Executive-of-Nakuru-2016-2017.pdf#new_tab,C:\Users\user\Data_Science_Course\kenya_public_finance_intelligence\kenya_public_finance_intelligence\data\raw\oag\oag_2016-17_county-executive_county-executive-of-nakuru-2016-2017.pdf,2026-06-12T11:28:06.301830
871,County Executive of Nakuru-2016-2017,2016/17,county_executive,https://www.oagkenya.go.ke/wp-content/uploads/2021/09/County-Executive-of-Nakuru-2016-2017.pdf,C:\Users\user\Data_Science_Course\kenya_public_finance_intelligence\kenya_public_finance_intelligence\data\raw\oag\oag_2016-17_county-executive_county-executive-of-nakuru-2016-2017.pdf,2026-06-12T11:28:06.301864
872,County Assembly of Vihiga-2016-2017,2016/17,county_assembly,https://www.oagkenya.go.ke/wp-content/uploads/2021/09/County-Assembly-of-Vihiga-2016-2017.pdf#new_tab,C:\Users\user\Data_Science_Course\kenya_public_finance_intelligence\kenya_public_finance_intelligence\data\raw\oag\oag_2016-17_county-assembly_county-assembly-of-vihiga-2016-2017.pdf,2026-06-12T11:28:06.302407
873,County Assembly of Vihiga-2016-2017,2016/17,county_assembly,https://www.oagkenya.go.ke/wp-content/uploads/2021/09/County-Assembly-of-Vihiga-2016-2017.pdf,C:\Users\user\Data_Science_Course\kenya_public_finance_intelligence\kenya_public_finance_intelligence\data\raw\oag\oag_2016-17_county-assembly_county-assembly-of-vihiga-2016-2017.pdf,2026-06-12T11:28:06.302443
874,County Executive of Nandi-2016-2017,2016/17,county_executive,https://www.oagkenya.go.ke/wp-content/uploads/2021/09/County-Executive-of-Nandi-2016-2017.pdf#new_tab,C:\Users\user\Data_Science_Course\kenya_public_finance_intelligence\kenya_public_finance_intelligence\data\raw\oag\oag_2016-17_county-executive_county-executive-of-nandi-2016-2017.pdf,2026-06-12T11:28:06.303068
875,County Executive of Nandi-2016-2017,2016/17,county_executive,https://www.oagkenya.go.ke/wp-content/uploads/2021/09/County-Executive-of-Nandi-2016-2017.pdf,C:\Users\user\Data_Science_Course\kenya_public_finance_intelligence\kenya_public_finance_intelligence\data\raw\oag\oag_2016-17_county-executive_county-executive-of-nandi-2016-2017.pdf,2026-06-12T11:28:06.303103
876,County Executive of Narok-2016-2017,2016/17,county_executive,https://www.oagkenya.go.ke/wp-content/uploads/2021/09/County-Executive-of-Narok-2016-2017.pdf#new_tab,C:\Users\user\Data_Science_Course\kenya_public_finance_intelligence\kenya_public_finance_intelligence\data\raw\oag\oag_2016-17_county-executive_county-executive-of-narok-2016-2017.pdf,2026-06-12T11:28:06.303650
877,County Executive of Narok-2016-2017,2016/17,county_executive,https://www.oagkenya.go.ke/wp-content/uploads/2021/09/County-Executive-of-Narok-2016-2017.pdf,C:\Users\user\Data_Science_Course\kenya_public_finance_intelligence\kenya_public_finance_intelligence\data\raw\oag\oag_2016-17_county-executive_county-executive-of-narok-2016-2017.pdf,2026-06-12T11:28:06.303716
878,County Assembly of Uasin Gishu-2016-2017,2016/17,county_assembly,https://www.oagkenya.go.ke/wp-content/uploads/2021/09/County-Assembly-of-Uasin-Gishu-2016-2017.pdf#new_tab,C:\Users\user\Data_Science_Course\kenya_public_finance_intelligence\kenya_public_finance_intelligence\data\raw\oag\oag_2016-17_county-assembly_county-assembly-of-uasin-gishu-2016-2017.pdf,2026-06-12T11:28:06.304260
879,County Assembly of Uasin Gishu-2016-2017,2016/17,county_assembly,https://www.oagkenya.go.ke/wp-content/uploads/2021/09/County-Assembly-of-Uasin-Gishu-2016-2017.pdf,C:\Users\user\Data_Science_Course\kenya_public_finance_intelligence\kenya_public_finance_intelligence\data\raw\oag\oag_2016-17_county-assembly_county-assembly-of-uasin-gishu-2016-2017.pdf,2026-06-12T11:28:06.304306
880,County Assembly of Turkana-2016-2017,2016/17,county_assembly,https://www.oagkenya.go.ke/wp-content/uploads/2021/09/County-Assembly-of-Turkana-2016-2017.pdf#new_tab,C:\Users\user\Data_Science_Course\kenya_public_finance_intelligence\kenya_public_finance_intelligence\data\raw\oag\oag_2016-17_county-assembly_county-assembly-of-turkana-2016-2017.pdf,2026-06-12T11:28:06.304889
881,County Assembly of Turkana-2016-2017,2016/17,county_assembly,https://www.oagkenya.go.ke/wp-content/uploads/2021/09/County-Assembly-of-Turkana-2016-2017.pdf,C:\Users\user\Data_Science_Course\kenya_public_finance_intelligence\kenya_public_finance_intelligence\data\raw\oag\oag_2016-17_county-assembly_county-assembly-of-turkana-2016-2017.pdf,2026-06-12T11:28:06.304922
882,County Assembly of Trans Nzoia-2016-2017,2016/17,county_assembly,https://www.oagkenya.go.ke/wp-content/uploads/2021/09/County-Assembly-of-Trans-Nzoia-2016-2017.pdf#new_tab,C:\Users\user\Data_Science_Course\kenya_public_finance_intelligence\kenya_public_finance_intelligence\data\raw\oag\oag_2016-17_county-assembly_county-assembly-of-trans-nzoia-2016-2017.pdf,2026-06-12T11:28:06.305532
883,County Assembly of Trans Nzoia-2016-2017,2016/17,county_assembly,https://www.oagkenya.go.ke/wp-content/uploads/2021/09/County-Assembly-of-Trans-Nzoia-2016-2017.pdf,C:\Users\user\Data_Science_Course\kenya_public_finance_intelligence\kenya_public_finance_intelligence\data\raw\oag\oag_2016-17_county-assembly_county-assembly-of-trans-nzoia-2016-2017.pdf,2026-06-12T11:28:06.305565
884,County Assembly of Tharaka Nithi-2016-2017,2016/17,county_assembly,https://www.oagkenya.go.ke/wp-content/uploads/2021/09/County-Assembly-of-Tharaka-Nithi-2016-2017.pdf#new_tab,C:\Users\user\Data_Science_Course\kenya_public_finance_intelligence\kenya_public_finance_intelligence\data\raw\oag\oag_2016-17_county-assembly_county-assembly-of-tharaka-nithi-2016-20.pdf,2026-06-12T11:28:06.306087
885,County Assembly of Tharaka Nithi-2016-2017,2016/17,county_assembly,https://www.oagkenya.go.ke/wp-content/uploads/2021/09/County-Assembly-of-Tharaka-Nithi-2016-2017.pdf,C:\Users\user\Data_Science_Course\kenya_public_finance_intelligence\kenya_public_finance_intelligence\data\raw\oag\oag_2016-17_county-assembly_county-assembly-of-tharaka-nithi-2016-20.pdf,2026-06-12T11:28:06.306126
886,County Executive of Nyamira-2016-2017,2016/17,county_executive,https://www.oagkenya.go.ke/wp-content/uploads/2021/09/County-Executive-of-Nyamira-2016-2017.pdf#new_tab,C:\Users\user\Data_Science_Course\kenya_public_finance_intelligence\kenya_public_finance_intelligence\data\raw\oag\oag_2016-17_county-executive_county-executive-of-nyamira-2016-2017.pdf,2026-06-12T11:28:06.306755
887,County Executive of Nyamira-2016-2017,2016/17,county_executive,https://www.oagkenya.go.ke/wp-content/uploads/2021/09/County-Executive-of-Nyamira-2016-2017.pdf,C:\Users\user\Data_Science_Course\kenya_public_finance_intelligence\kenya_public_finance_intelligence\data\raw\oag\oag_2016-17_county-executive_county-executive-of-nyamira-2016-2017.pdf,2026-06-12T11:28:06.306789
888,County Executive of Nyandarua-2016-2017,2016/17,county_executive,https://www.oagkenya.go.ke/wp-content/uploads/2021/09/County-Executive-of-Nyandarua-2016-2017.pdf#new_tab,C:\Users\user\Data_Science_Course\kenya_public_finance_intelligence\kenya_public_finance_intelligence\data\raw\oag\oag_2016-17_county-executive_county-executive-of-nyandarua-2016-2017.pdf,2026-06-12T11:28:06.307373
889,County Executive of Nyandarua-2016-2017,2016/17,county_executive,https://www.oagkenya.go.ke/wp-content/uploads/2021/09/County-Executive-of-Nyandarua-2016-2017.pdf,C:\Users\user\Data_Science_Course\kenya_public_finance_intelligence\kenya_public_finance_intelligence\data\raw\oag\oag_2016-17_county-executive_county-executive-of-nyandarua-2016-2017.pdf,2026-06-12T11:28:06.307406
890,County Executive of Nyeri-2016-2017,2016/17,county_executive,https://www.oagkenya.go.ke/wp-content/uploads/2021/09/County-Executive-of-Nyeri-2016-2017.pdf#new_tab,C:\Users\user\Data_Science_Course\kenya_public_finance_intelligence\kenya_public_finance_intelligence\data\raw\oag\oag_2016-17_county-executive_county-executive-of-nyeri-2016-2017.pdf,2026-06-12T11:28:06.308267
891,County Executive of Nyeri-2016-2017,2016/17,county_executive,https://www.oagkenya.go.ke/wp-content/uploads/2021/09/County-Executive-of-Nyeri-2016-2017.pdf,C:\Users\user\Data_Science_Course\kenya_public_finance_intelligence\kenya_public_finance_intelligence\data\raw\oag\oag_2016-17_county-executive_county-executive-of-nyeri-2016-2017.pdf,2026-06-12T11:28:06.308304
892,County Executive of Samburu-2016-2017,2016/17,county_executive,https://www.oagkenya.go.ke/wp-content/uploads/2021/09/County-Executive-of-Samburu-2016-2017.pdf#new_tab,C:\Users\user\Data_Science_Course\kenya_public_finance_intelligence\kenya_public_finance_intelligence\data\raw\oag\oag_2016-17_county-executive_county-executive-of-samburu-2016-2017.pdf,2026-06-12T11:28:06.308909
893,County Executive of Samburu-2016-2017,2016/17,county_executive,https://www.oagkenya.go.ke/wp-content/uploads/2021/09/County-Executive-of-Samburu-2016-2017.pdf,C:\Users\user\Data_Science_Course\kenya_public_finance_intelligence\kenya_public_finance_intelligence\data\raw\oag\oag_2016-17_county-executive_county-executive-of-samburu-2016-2017.pdf,2026-06-12T11:28:06.308941
894,County Executive of Siaya-2016-2017,2016/17,county_executive,https://www.oagkenya.go.ke/wp-content/uploads/2021/09/County-Executive-of-Siaya-2016-2017.pdf#new_tab,C:\Users\user\Data_Science_Course\kenya_public_finance_intelligence\kenya_public_finance_intelligence\data\raw\oag\oag_2016-17_county-executive_county-executive-of-siaya-2016-2017.pdf,2026-06-12T11:28:06.309523
895,County Executive of Siaya-2016-2017,2016/17,county_executive,https://www.oagkenya.go.ke/wp-content/uploads/2021/09/County-Executive-of-Siaya-2016-2017.pdf,C:\Users\user\Data_Science_Course\kenya_public_finance_intelligence\kenya_public_finance_intelligence\data\raw\oag\oag_2016-17_county-executive_county-executive-of-siaya-2016-2017.pdf,2026-06-12T11:28:06.309557
896,County Executive of Taita Taveta-2016-2017,2016/17,county_executive,https://www.oagkenya.go.ke/wp-content/uploads/2021/09/County-Executive-of-Taita-Taveta-2016-2017.pdf#new_tab,C:\Users\user\Data_Science_Course\kenya_public_finance_intelligence\kenya_public_finance_intelligence\data\raw\oag\oag_2016-17_county-executive_county-executive-of-taita-taveta-2016-20.pdf,2026-06-12T11:28:06.310666
897,County Executive of Taita Taveta-2016-2017,2016/17,county_executive,https://www.oagkenya.go.ke/wp-content/uploads/2021/09/County-Executive-of-Taita-Taveta-2016-2017.pdf,C:\Users\user\Data_Science_Course\kenya_public_finance_intelligence\kenya_public_finance_intelligence\data\raw\oag\oag_2016-17_county-executive_county-executive-of-taita-taveta-2016-20.pdf,2026-06-12T11:28:06.310721
898,County Assembly of Tana River-2016-2017,2016/17,county_assembly,https://www.oagkenya.go.ke/wp-content/uploads/2021/09/County-Assembly-of-Tana-River-2016-2017.pdf#new_tab,C:\Users\user\Data_Science_Course\kenya_public_finance_intelligence\kenya_public_finance_intelligence\data\raw\oag\oag_2016-17_county-assembly_county-assembly-of-tana-river-2016-2017.pdf,2026-06-12T11:28:06.311371
899,County Assembly of Tana River-2016-2017,2016/17,county_assembly,https://www.oagkenya.go.ke/wp-content/uploads/2021/09/County-Assembly-of-Tana-River-2016-2017.pdf,C:\Users\user\Data_Science_Course\kenya_public_finance_intelligence\kenya_public_finance_intelligence\data\raw\oag\oag_2016-17_county-assembly_county-assembly-of-tana-river-2016-2017.pdf,2026-06-12T11:28:06.311418
900,County Executive of Tana River-2016-2017,2016/17,county_executive,https://www.oagkenya.go.ke/wp-content/uploads/2021/09/County-Executive-of-Tana-River-2016-2017.pdf#new_tab,C:\Users\user\Data_Science_Course\kenya_public_finance_intelligence\kenya_public_finance_intelligence\data\raw\oag\oag_2016-17_county-executive_county-executive-of-tana-river-2016-2017.pdf,2026-06-12T11:28:06.312348
901,County Executive of Tana River-2016-2017,2016/17,county_executive,https://www.oagkenya.go.ke/wp-content/uploads/2021/09/County-Executive-of-Tana-River-2016-2017.pdf,C:\Users\user\Data_Science_Course\kenya_public_finance_intelligence\kenya_public_finance_intelligence\data\raw\oag\oag_2016-17_county-executive_county-executive-of-tana-river-2016-2017.pdf,2026-06-12T11:28:06.312469
902,County Assembly of Taita Taveta-2016-2017,2016/17,county_assembly,https://www.oagkenya.go.ke/wp-content/uploads/2021/09/County-Assembly-of-Taita-Taveta-2016-2017.pdf#new_tab,C:\Users\user\Data_Science_Course\kenya_public_finance_intelligence\kenya_public_finance_intelligence\data\raw\oag\oag_2016-17_county-assembly_county-assembly-of-taita-taveta-2016-201.pdf,2026-06-12T11:28:06.314106
903,County Assembly of Taita Taveta-2016-2017,2016/17,county_assembly,https://www.oagkenya.go.ke/wp-content/uploads/2021/09/County-Assembly-of-Taita-Taveta-2016-2017.pdf,C:\Users\user\Data_Science_Course\kenya_public_finance_intelligence\kenya_public_finance_intelligence\data\raw\oag\oag_2016-17_county-assembly_county-assembly-of-taita-taveta-2016-201.pdf,2026-06-12T11:28:06.314150
904,County Assembly of Siaya-2016-2017,2016/17,county_assembly,https://www.oagkenya.go.ke/wp-content/uploads/2021/09/County-Assembly-of-Siaya-2016-2017.pdf#new_tab,C:\Users\user\Data_Science_Course\kenya_public_finance_intelligence\kenya_public_finance_intelligence\data\raw\oag\oag_2016-17_county-assembly_county-assembly-of-siaya-2016-2017.pdf,2026-06-12T11:28:06.314796
905,County Assembly of Siaya-2016-2017,2016/17,county_assembly,https://www.oagkenya.go.ke/wp-content/uploads/2021/09/County-Assembly-of-Siaya-2016-2017.pdf,C:\Users\user\Data_Science_Course\kenya_public_finance_intelligence\kenya_public_finance_intelligence\data\raw\oag\oag_2016-17_county-assembly_county-assembly-of-siaya-2016-2017.pdf,2026-06-12T11:28:06.314842
906,County Assembly of Samburu-2016-2017,2016/17,county_assembly,https://www.oagkenya.go.ke/wp-content/uploads/2021/09/County-Assembly-of-Samburu-2016-2017.pdf#new_tab,C:\Users\user\Data_Science_Course\kenya_public_finance_intelligence\kenya_public_finance_intelligence\data\raw\oag\oag_2016-17_county-assembly_county-assembly-of-samburu-2016-2017.pdf,2026-06-12T11:28:06.315442
907,County Assembly of Samburu-2016-2017,2016/17,county_assembly,https://www.oagkenya.go.ke/wp-content/uploads/2021/09/County-Assembly-of-Samburu-2016-2017.pdf,C:\Users\user\Data_Science_Course\kenya_public_finance_intelligence\kenya_public_finance_intelligence\data\raw\oag\oag_2016-17_county-assembly_county-assembly-of-samburu-2016-2017.pdf,2026-06-12T11:28:06.315477
908,County Executive of Tharaka Nithi-2016-2017,2016/17,county_executive,https://www.oagkenya.go.ke/wp-content/uploads/2021/09/County-Executive-of-Tharaka-Nithi-2016-2017.pdf#new_tab,C:\Users\user\Data_Science_Course\kenya_public_finance_intelligence\kenya_public_finance_intelligence\data\raw\oag\oag_2016-17_county-executive_county-executive-of-tharaka-nithi-2016-2.pdf,2026-06-12T11:28:06.316317
909,County Executive of Tharaka Nithi-2016-2017,2016/17,county_executive,https://www.oagkenya.go.ke/wp-content/uploads/2021/09/County-Executive-of-Tharaka-Nithi-2016-2017.pdf,C:\Users\user\Data_Science_Course\kenya_public_finance_intelligence\kenya_public_finance_intelligence\data\raw\oag\oag_2016-17_county-executive_county-executive-of-tharaka-nithi-2016-2.pdf,2026-06-12T11:28:06.316362
910,County Executive of Trans Nzoia-2016-2017,2016/17,county_executive,https://www.oagkenya.go.ke/wp-content/uploads/2021/09/County-Executive-of-Trans-Nzoia-2016-2017.pdf#new_tab,C:\Users\user\Data_Science_Course\kenya_public_finance_intelligence\kenya_public_finance_intelligence\data\raw\oag\oag_2016-17_county-executive_county-executive-of-trans-nzoia-2016-201.pdf,2026-06-12T11:28:06.316985
911,County Executive of Trans Nzoia-2016-2017,2016/17,county_executive,https://www.oagkenya.go.ke/wp-content/uploads/2021/09/County-Executive-of-Trans-Nzoia-2016-2017.pdf,C:\Users\user\Data_Science_Course\kenya_public_finance_intelligence\kenya_public_finance_intelligence\data\raw\oag\oag_2016-17_county-executive_county-executive-of-trans-nzoia-2016-201.pdf,2026-06-12T11:28:06.317033
912,County Assembly of Nyeri-2016-2017,2016/17,county_assembly,https://www.oagkenya.go.ke/wp-content/uploads/2021/09/County-Assembly-of-Nyeri-2016-2017.pdf#new_tab,C:\Users\user\Data_Science_Course\kenya_public_finance_intelligence\kenya_public_finance_intelligence\data\raw\oag\oag_2016-17_county-assembly_county-assembly-of-nyeri-2016-2017.pdf,2026-06-12T11:28:06.317615
913,County Assembly of Nyeri-2016-2017,2016/17,county_assembly,https://www.oagkenya.go.ke/wp-content/uploads/2021/09/County-Assembly-of-Nyeri-2016-2017.pdf,C:\Users\user\Data_Science_Course\kenya_public_finance_intelligence\kenya_public_finance_intelligence\data\raw\oag\oag_2016-17_county-assembly_county-assembly-of-nyeri-2016-2017.pdf,2026-06-12T11:28:06.317656
914,County Executive of Turkana-2016-2017,2016/17,county_executive,https://www.oagkenya.go.ke/wp-content/uploads/2021/09/County-Executive-of-Turkana-2016-2017.pdf#new_tab,C:\Users\user\Data_Science_Course\kenya_public_finance_intelligence\kenya_public_finance_intelligence\data\raw\oag\oag_2016-17_county-executive_county-executive-of-turkana-2016-2017.pdf,2026-06-12T11:28:06.318239
915,County Executive of Turkana-2016-2017,2016/17,county_executive,https://www.oagkenya.go.ke/wp-content/uploads/2021/09/County-Executive-of-Turkana-2016-2017.pdf,C:\Users\user\Data_Science_Course\kenya_public_finance_intelligence\kenya_public_finance_intelligence\data\raw\oag\oag_2016-17_county-executive_county-executive-of-turkana-2016-2017.pdf,2026-06-12T11:28:06.318284
916,County Assembly of Nyandarua-2016-2017,2016/17,county_assembly,https://www.oagkenya.go.ke/wp-content/uploads/2021/09/County-Assembly-of-Nyandarua-2016-2017.pdf#new_tab,C:\Users\user\Data_Science_Course\kenya_public_finance_intelligence\kenya_public_finance_intelligence\data\raw\oag\oag_2016-17_county-assembly_county-assembly-of-nyandarua-2016-2017.pdf,2026-06-12T11:28:06.318913
917,County Assembly of Nyandarua-2016-2017,2016/17,county_assembly,https://www.oagkenya.go.ke/wp-content/uploads/2021/09/County-Assembly-of-Nyandarua-2016-2017.pdf,C:\Users\user\Data_Science_Course\kenya_public_finance_intelligence\kenya_public_finance_intelligence\data\raw\oag\oag_2016-17_county-assembly_county-assembly-of-nyandarua-2016-2017.pdf,2026-06-12T11:28:06.318955
918,County Assembly of Nyamira-2016-2017,2016/17,county_assembly,https://www.oagkenya.go.ke/wp-content/uploads/2021/09/County-Assembly-of-Nyamira-2016-2017.pdf#new_tab,C:\Users\user\Data_Science_Course\kenya_public_finance_intelligence\kenya_public_finance_intelligence\data\raw\oag\oag_2016-17_county-assembly_county-assembly-of-nyamira-2016-2017.pdf,2026-06-12T11:28:06.319564
919,County Assembly of Nyamira-2016-2017,2016/17,county_assembly,https://www.oagkenya.go.ke/wp-content/uploads/2021/09/County-Assembly-of-Nyamira-2016-2017.pdf,C:\Users\user\Data_Science_Course\kenya_public_finance_intelligence\kenya_public_finance_intelligence\data\raw\oag\oag_2016-17_county-assembly_county-assembly-of-nyamira-2016-2017.pdf,2026-06-12T11:28:06.319600
920,County Executive of Vihiga-2016-2017,2016/17,county_executive,https://www.oagkenya.go.ke/wp-content/uploads/2021/09/County-Executive-of-Vihiga-2016-2017.pdf#new_tab,C:\Users\user\Data_Science_Course\kenya_public_finance_intelligence\kenya_public_finance_intelligence\data\raw\oag\oag_2016-17_county-executive_county-executive-of-vihiga-2016-2017.pdf,2026-06-12T11:28:06.320053
921,County Executive of Vihiga-2016-2017,2016/17,county_executive,https://www.oagkenya.go.ke/wp-content/uploads/2021/09/County-Executive-of-Vihiga-2016-2017.pdf,C:\Users\user\Data_Science_Course\kenya_public_finance_intelligence\kenya_public_finance_intelligence\data\raw\oag\oag_2016-17_county-executive_county-executive-of-vihiga-2016-2017.pdf,2026-06-12T11:28:06.320099
922,County Executive of Wajir-2016-2017,2016/17,county_executive,https://www.oagkenya.go.ke/wp-content/uploads/2021/09/County-Executive-of-Wajir-2016-2017.pdf#new_tab,C:\Users\user\Data_Science_Course\kenya_public_finance_intelligence\kenya_public_finance_intelligence\data\raw\oag\oag_2016-17_county-executive_county-executive-of-wajir-2016-2017.pdf,2026-06-12T11:28:06.320654
923,County Executive of Wajir-2016-2017,2016/17,county_executive,https://www.oagkenya.go.ke/wp-content/uploads/2021/09/County-Executive-of-Wajir-2016-2017.pdf,C:\Users\user\Data_Science_Course\kenya_public_finance_intelligence\kenya_public_finance_intelligence\data\raw\oag\oag_2016-17_county-executive_county-executive-of-wajir-2016-2017.pdf,2026-06-12T11:28:06.320704
924,County Assembly of Narok-2016-2017,2016/17,county_assembly,https://www.oagkenya.go.ke/wp-content/uploads/2021/09/County-Assembly-of-Narok-2016-2017.pdf#new_tab,C:\Users\user\Data_Science_Course\kenya_public_finance_intelligence\kenya_public_finance_intelligence\data\raw\oag\oag_2016-17_county-assembly_county-assembly-of-narok-2016-2017.pdf,2026-06-12T11:28:06.321279
925,County Assembly of Narok-2016-2017,2016/17,county_assembly,https://www.oagkenya.go.ke/wp-content/uploads/2021/09/County-Assembly-of-Narok-2016-2017.pdf,C:\Users\user\Data_Science_Course\kenya_public_finance_intelligence\kenya_public_finance_intelligence\data\raw\oag\oag_2016-17_county-assembly_county-assembly-of-narok-2016-2017.pdf,2026-06-12T11:28:06.321312
926,County Assembly of Nandi-2016-2017,2016/17,county_assembly,https://www.oagkenya.go.ke/wp-content/uploads/2021/09/County-Assembly-of-Nandi-2016-2017.pdf#new_tab,C:\Users\user\Data_Science_Course\kenya_public_finance_intelligence\kenya_public_finance_intelligence\data\raw\oag\oag_2016-17_county-assembly_county-assembly-of-nandi-2016-2017.pdf,2026-06-12T11:28:06.321907
927,County Assembly of Nandi-2016-2017,2016/17,county_assembly,https://www.oagkenya.go.ke/wp-content/uploads/2021/09/County-Assembly-of-Nandi-2016-2017.pdf,C:\Users\user\Data_Science_Course\kenya_public_finance_intelligence\kenya_public_finance_intelligence\data\raw\oag\oag_2016-17_county-assembly_county-assembly-of-nandi-2016-2017.pdf,2026-06-12T11:28:06.321949
928,County Assembly of Nakuru-2016-2017,2016/17,county_assembly,https://www.oagkenya.go.ke/wp-content/uploads/2021/09/County-Assembly-of-Nakuru-2016-2017.pdf#new_tab,C:\Users\user\Data_Science_Course\kenya_public_finance_intelligence\kenya_public_finance_intelligence\data\raw\oag\oag_2016-17_county-assembly_county-assembly-of-nakuru-2016-2017.pdf,2026-06-12T11:28:06.322517
929,County Assembly of Nakuru-2016-2017,2016/17,county_assembly,https://www.oagkenya.go.ke/wp-content/uploads/2021/09/County-Assembly-of-Nakuru-2016-2017.pdf,C:\Users\user\Data_Science_Course\kenya_public_finance_intelligence\kenya_public_finance_intelligence\data\raw\oag\oag_2016-17_county-assembly_county-assembly-of-nakuru-2016-2017.pdf,2026-06-12T11:28:06.322550
930,County Assembly of Nairobi-2016-2017,2016/17,county_assembly,https://www.oagkenya.go.ke/wp-content/uploads/2021/09/County-Assembly-of-Nairobi-2016-2017.pdf#new_tab,C:\Users\user\Data_Science_Course\kenya_public_finance_intelligence\kenya_public_finance_intelligence\data\raw\oag\oag_2016-17_county-assembly_county-assembly-of-nairobi-2016-2017.pdf,2026-06-12T11:28:06.323091
931,County Assembly of Nairobi-2016-2017,2016/17,county_assembly,https://www.oagkenya.go.ke/wp-content/uploads/2021/09/County-Assembly-of-Nairobi-2016-2017.pdf,C:\Users\user\Data_Science_Course\kenya_public_finance_intelligence\kenya_public_finance_intelligence\data\raw\oag\oag_2016-17_county-assembly_county-assembly-of-nairobi-2016-2017.pdf,2026-06-12T11:28:06.323127
932,County Executive of West Pokot-2016-2017,2016/17,county_executive,https://www.oagkenya.go.ke/wp-content/uploads/2021/09/County-Executive-of-West-Pokot-2016-2017.pdf#new_tab,C:\Users\user\Data_Science_Course\kenya_public_finance_intelligence\kenya_public_finance_intelligence\data\raw\oag\oag_2016-17_county-executive_county-executive-of-west-pokot-2016-2017.pdf,2026-06-12T11:28:06.323782
933,County Executive of West Pokot-2016-2017,2016/17,county_executive,https://www.oagkenya.go.ke/wp-content/uploads/2021/09/County-Executive-of-West-Pokot-2016-2017.pdf,C:\Users\user\Data_Science_Course\kenya_public_finance_intelligence\kenya_public_finance_intelligence\data\raw\oag\oag_2016-17_county-executive_county-executive-of-west-pokot-2016-2017.pdf,2026-06-12T11:28:06.323817
934,County Assembly of Murang’a-2016-2017,2016/17,county_assembly,https://www.oagkenya.go.ke/wp-content/uploads/2021/09/County-Assembly-of-Muranga-2016-2017.pdf#new_tab,C:\Users\user\Data_Science_Course\kenya_public_finance_intelligence\kenya_public_finance_intelligence\data\raw\oag\oag_2016-17_county-assembly_county-assembly-of-muranga-2016-2017.pdf,2026-06-12T11:28:06.324462
935,County Assembly of Murang’a-2016-2017,2016/17,county_assembly,https://www.oagkenya.go.ke/wp-content/uploads/2021/09/County-Assembly-of-Muranga-2016-2017.pdf,C:\Users\user\Data_Science_Course\kenya_public_finance_intelligence\kenya_public_finance_intelligence\data\raw\oag\oag_2016-17_county-assembly_county-assembly-of-muranga-2016-2017.pdf,2026-06-12T11:28:06.324499
936,County Assembly of Mombasa-2016-2017,2016/17,county_assembly,https://www.oagkenya.go.ke/wp-content/uploads/2021/09/County-Assembly-of-Mombasa-2016-2017.pdf#new_tab,C:\Users\user\Data_Science_Course\kenya_public_finance_intelligence\kenya_public_finance_intelligence\data\raw\oag\oag_2016-17_county-assembly_county-assembly-of-mombasa-2016-2017.pdf,2026-06-12T11:28:06.325047
937,County Assembly of Mombasa-2016-2017,2016/17,county_assembly,https://www.oagkenya.go.ke/wp-content/uploads/2021/09/County-Assembly-of-Mombasa-2016-2017.pdf,C:\Users\user\Data_Science_Course\kenya_public_finance_intelligence\kenya_public_finance_intelligence\data\raw\oag\oag_2016-17_county-assembly_county-assembly-of-mombasa-2016-2017.pdf,2026-06-12T11:28:06.325083
938,County Assembly of Migori-2016-2017,2016/17,county_assembly,https://www.oagkenya.go.ke/wp-content/uploads/2021/09/County-Assembly-of-Migori-2016-2017.pdf#new_tab,C:\Users\user\Data_Science_Course\kenya_public_finance_intelligence\kenya_public_finance_intelligence\data\raw\oag\oag_2016-17_county-assembly_county-assembly-of-migori-2016-2017.pdf,2026-06-12T11:28:06.325663
939,County Assembly of Migori-2016-2017,2016/17,county_assembly,https://www.oagkenya.go.ke/wp-content/uploads/2021/09/County-Assembly-of-Migori-2016-2017.pdf,C:\Users\user\Data_Science_Course\kenya_public_finance_intelligence\kenya_public_finance_intelligence\data\raw\oag\oag_2016-17_county-assembly_county-assembly-of-migori-2016-2017.pdf,2026-06-12T11:28:06.325709
940,County Assembly of Meru-2016-2017,2016/17,county_assembly,https://www.oagkenya.go.ke/wp-content/uploads/2021/09/County-Assembly-of-Meru-2016-2017.pdf#new_tab,C:\Users\user\Data_Science_Course\kenya_public_finance_intelligence\kenya_public_finance_intelligence\data\raw\oag\oag_2016-17_county-assembly_county-assembly-of-meru-2016-2017.pdf,2026-06-12T11:28:06.326409
941,County Assembly of Meru-2016-2017,2016/17,county_assembly,https://www.oagkenya.go.ke/wp-content/uploads/2021/09/County-Assembly-of-Meru-2016-2017.pdf,C:\Users\user\Data_Science_Course\kenya_public_finance_intelligence\kenya_public_finance_intelligence\data\raw\oag\oag_2016-17_county-assembly_county-assembly-of-meru-2016-2017.pdf,2026-06-12T11:28:06.326457
942,County Assembly of Marsabit-2016-2017,2016/17,county_assembly,https://www.oagkenya.go.ke/wp-content/uploads/2021/09/County-Assembly-of-Marsabit-2016-2017.pdf#new_tab,C:\Users\user\Data_Science_Course\kenya_public_finance_intelligence\kenya_public_finance_intelligence\data\raw\oag\oag_2016-17_county-assembly_county-assembly-of-marsabit-2016-2017.pdf,2026-06-12T11:28:06.327866
943,County Assembly of Marsabit-2016-2017,2016/17,county_assembly,https://www.oagkenya.go.ke/wp-content/uploads/2021/09/County-Assembly-of-Marsabit-2016-2017.pdf,C:\Users\user\Data_Science_Course\kenya_public_finance_intelligence\kenya_public_finance_intelligence\data\raw\oag\oag_2016-17_county-assembly_county-assembly-of-marsabit-2016-2017.pdf,2026-06-12T11:28:06.327908
944,County Assembly of Mandera-2016-2017,2016/17,county_assembly,https://www.oagkenya.go.ke/wp-content/uploads/2021/09/County-Assembly-of-Mandera-2016-2017.pdf#new_tab,C:\Users\user\Data_Science_Course\kenya_public_finance_intelligence\kenya_public_finance_intelligence\data\raw\oag\oag_2016-17_county-assembly_county-assembly-of-mandera-2016-2017.pdf,2026-06-12T11:28:06.328493
945,County Assembly of Mandera-2016-2017,2016/17,county_assembly,https://www.oagkenya.go.ke/wp-content/uploads/2021/09/County-Assembly-of-Mandera-2016-2017.pdf,C:\Users\user\Data_Science_Course\kenya_public_finance_intelligence\kenya_public_finance_intelligence\data\raw\oag\oag_2016-17_county-assembly_county-assembly-of-mandera-2016-2017.pdf,2026-06-12T11:28:06.328539
946,County Assembly of Makueni-2016-2017,2016/17,county_assembly,https://www.oagkenya.go.ke/wp-content/uploads/2021/09/County-Assembly-of-Makueni-2016-2017.pdf#new_tab,C:\Users\user\Data_Science_Course\kenya_public_finance_intelligence\kenya_public_finance_intelligence\data\raw\oag\oag_2016-17_county-assembly_county-assembly-of-makueni-2016-2017.pdf,2026-06-12T11:28:06.329300
947,County Assembly of Makueni-2016-2017,2016/17,county_assembly,https://www.oagkenya.go.ke/wp-content/uploads/2021/09/County-Assembly-of-Makueni-2016-2017.pdf,C:\Users\user\Data_Science_Course\kenya_public_finance_intelligence\kenya_public_finance_intelligence\data\raw\oag\oag_2016-17_county-assembly_county-assembly-of-makueni-2016-2017.pdf,2026-06-12T11:28:06.329351
948,County Assembly of Machakos-2016-2017,2016/17,county_assembly,https://www.oagkenya.go.ke/wp-content/uploads/2021/09/County-Assembly-of-Machakos-2016-2017.pdf#new_tab,C:\Users\user\Data_Science_Course\kenya_public_finance_intelligence\kenya_public_finance_intelligence\data\raw\oag\oag_2016-17_county-assembly_county-assembly-of-machakos-2016-2017.pdf,2026-06-12T11:28:06.330004
949,County Assembly of Machakos-2016-2017,2016/17,county_assembly,https://www.oagkenya.go.ke/wp-content/uploads/2021/09/County-Assembly-of-Machakos-2016-2017.pdf,C:\Users\user\Data_Science_Course\kenya_public_finance_intelligence\kenya_public_finance_intelligence\data\raw\oag\oag_2016-17_county-assembly_county-assembly-of-machakos-2016-2017.pdf,2026-06-12T11:28:06.330041
950,County Assembly of Lamu-2016-2017,2016/17,county_assembly,https://www.oagkenya.go.ke/wp-content/uploads/2021/09/County-Assembly-of-Lamu-2016-2017.pdf#new_tab,C:\Users\user\Data_Science_Course\kenya_public_finance_intelligence\kenya_public_finance_intelligence\data\raw\oag\oag_2016-17_county-assembly_county-assembly-of-lamu-2016-2017.pdf,2026-06-12T11:28:06.330608
951,County Assembly of Lamu-2016-2017,2016/17,county_assembly,https://www.oagkenya.go.ke/wp-content/uploads/2021/09/County-Assembly-of-Lamu-2016-2017.pdf,C:\Users\user\Data_Science_Course\kenya_public_finance_intelligence\kenya_public_finance_intelligence\data\raw\oag\oag_2016-17_county-assembly_county-assembly-of-lamu-2016-2017.pdf,2026-06-12T11:28:06.330639
952,County Assembly of Laikipia-2016-2017,2016/17,county_assembly,https://www.oagkenya.go.ke/wp-content/uploads/2021/09/County-Assembly-of-Laikipia-2016-2017.pdf#new_tab,C:\Users\user\Data_Science_Course\kenya_public_finance_intelligence\kenya_public_finance_intelligence\data\raw\oag\oag_2016-17_county-assembly_county-assembly-of-laikipia-2016-2017.pdf,2026-06-12T11:28:06.330954
953,County Assembly of Laikipia-2016-2017,2016/17,county_assembly,https://www.oagkenya.go.ke/wp-content/uploads/2021/09/County-Assembly-of-Laikipia-2016-2017.pdf,C:\Users\user\Data_Science_Course\kenya_public_finance_intelligence\kenya_public_finance_intelligence\data\raw\oag\oag_2016-17_county-assembly_county-assembly-of-laikipia-2016-2017.pdf,2026-06-12T11:28:06.330970
954,County Assembly of Kwale-2016-2017,2016/17,county_assembly,https://www.oagkenya.go.ke/wp-content/uploads/2021/09/County-Assembly-of-Kwale-2016-2017.pdf#new_tab,C:\Users\user\Data_Science_Course\kenya_public_finance_intelligence\kenya_public_finance_intelligence\data\raw\oag\oag_2016-17_county-assembly_county-assembly-of-kwale-2016-2017.pdf,2026-06-12T11:28:06.331204
955,County Assembly of Kwale-2016-2017,2016/17,county_assembly,https://www.oagkenya.go.ke/wp-content/uploads/2021/09/County-Assembly-of-Kwale-2016-2017.pdf,C:\Users\user\Data_Science_Course\kenya_public_finance_intelligence\kenya_public_finance_intelligence\data\raw\oag\oag_2016-17_county-assembly_county-assembly-of-kwale-2016-2017.pdf,2026-06-12T11:28:06.331218
956,County Assembly of Kitui-2016-2017,2016/17,county_assembly,https://www.oagkenya.go.ke/wp-content/uploads/2021/09/County-Assembly-of-Kitui-2016-2017.pdf#new_tab,C:\Users\user\Data_Science_Course\kenya_public_finance_intelligence\kenya_public_finance_intelligence\data\raw\oag\oag_2016-17_county-assembly_county-assembly-of-kitui-2016-2017.pdf,2026-06-12T11:28:06.331441
957,County Assembly of Kitui-2016-2017,2016/17,county_assembly,https://www.oagkenya.go.ke/wp-content/uploads/2021/09/County-Assembly-of-Kitui-2016-2017.pdf,C:\Users\user\Data_Science_Course\kenya_public_finance_intelligence\kenya_public_finance_intelligence\data\raw\oag\oag_2016-17_county-assembly_county-assembly-of-kitui-2016-2017.pdf,2026-06-12T11:28:06.331454
958,County Assembly of Kisumu-2016-2017,2016/17,county_assembly,https://www.oagkenya.go.ke/wp-content/uploads/2021/09/County-Assembly-of-Kisumu-2016-2017.pdf#new_tab,C:\Users\user\Data_Science_Course\kenya_public_finance_intelligence\kenya_public_finance_intelligence\data\raw\oag\oag_2016-17_county-assembly_county-assembly-of-kisumu-2016-2017.pdf,2026-06-12T11:28:06.331671
959,County Assembly of Kisumu-2016-2017,2016/17,county_assembly,https://www.oagkenya.go.ke/wp-content/uploads/2021/09/County-Assembly-of-Kisumu-2016-2017.pdf,C:\Users\user\Data_Science_Course\kenya_public_finance_intelligence\kenya_public_finance_intelligence\data\raw\oag\oag_2016-17_county-assembly_county-assembly-of-kisumu-2016-2017.pdf,2026-06-12T11:28:06.331701
960,County Assembly of Kisii-2016-2017,2016/17,county_assembly,https://www.oagkenya.go.ke/wp-content/uploads/2021/09/County-Assembly-of-Kisii-2016-2017.pdf#new_tab,C:\Users\user\Data_Science_Course\kenya_public_finance_intelligence\kenya_public_finance_intelligence\data\raw\oag\oag_2016-17_county-assembly_county-assembly-of-kisii-2016-2017.pdf,2026-06-12T11:28:06.331928
961,County Assembly of Kisii-2016-2017,2016/17,county_assembly,https://www.oagkenya.go.ke/wp-content/uploads/2021/09/County-Assembly-of-Kisii-2016-2017.pdf,C:\Users\user\Data_Science_Course\kenya_public_finance_intelligence\kenya_public_finance_intelligence\data\raw\oag\oag_2016-17_county-assembly_county-assembly-of-kisii-2016-2017.pdf,2026-06-12T11:28:06.331940
962,County Assembly of Kirinyaga-2016-2017,2016/17,county_assembly,https://www.oagkenya.go.ke/wp-content/uploads/2021/09/County-Assembly-of-Kirinyaga-2016-2017.pdf#new_tab,C:\Users\user\Data_Science_Course\kenya_public_finance_intelligence\kenya_public_finance_intelligence\data\raw\oag\oag_2016-17_county-assembly_county-assembly-of-kirinyaga-2016-2017.pdf,2026-06-12T11:28:06.332157
963,County Assembly of Kirinyaga-2016-2017,2016/17,county_assembly,https://www.oagkenya.go.ke/wp-content/uploads/2021/09/County-Assembly-of-Kirinyaga-2016-2017.pdf,C:\Users\user\Data_Science_Course\kenya_public_finance_intelligence\kenya_public_finance_intelligence\data\raw\oag\oag_2016-17_county-assembly_county-assembly-of-kirinyaga-2016-2017.pdf,2026-06-12T11:28:06.332169
964,County Assembly of Kilifi-2016-2017,2016/17,county_assembly,https://www.oagkenya.go.ke/wp-content/uploads/2021/09/County-Assembly-of-Kilifi-2016-2017.pdf#new_tab,C:\Users\user\Data_Science_Course\kenya_public_finance_intelligence\kenya_public_finance_intelligence\data\raw\oag\oag_2016-17_county-assembly_county-assembly-of-kilifi-2016-2017.pdf,2026-06-12T11:28:06.332384
965,County Assembly of Kilifi-2016-2017,2016/17,county_assembly,https://www.oagkenya.go.ke/wp-content/uploads/2021/09/County-Assembly-of-Kilifi-2016-2017.pdf,C:\Users\user\Data_Science_Course\kenya_public_finance_intelligence\kenya_public_finance_intelligence\data\raw\oag\oag_2016-17_county-assembly_county-assembly-of-kilifi-2016-2017.pdf,2026-06-12T11:28:06.332396
966,County Assembly of Kiambu-2016-2017,2016/17,county_assembly,https://www.oagkenya.go.ke/wp-content/uploads/2021/09/County-Assembly-of-Kiambu-2016-2017.pdf#new_tab,C:\Users\user\Data_Science_Course\kenya_public_finance_intelligence\kenya_public_finance_intelligence\data\raw\oag\oag_2016-17_county-assembly_county-assembly-of-kiambu-2016-2017.pdf,2026-06-12T11:28:06.332610
967,County Assembly of Kiambu-2016-2017,2016/17,county_assembly,https://www.oagkenya.go.ke/wp-content/uploads/2021/09/County-Assembly-of-Kiambu-2016-2017.pdf,C:\Users\user\Data_Science_Course\kenya_public_finance_intelligence\kenya_public_finance_intelligence\data\raw\oag\oag_2016-17_county-assembly_county-assembly-of-kiambu-2016-2017.pdf,2026-06-12T11:28:06.332622
968,County Assembly of Kakamega-2016-2017,2016/17,county_assembly,https://www.oagkenya.go.ke/wp-content/uploads/2021/09/County-Assembly-of-Kakamega-2016-2017.pdf#new_tab,C:\Users\user\Data_Science_Course\kenya_public_finance_intelligence\kenya_public_finance_intelligence\data\raw\oag\oag_2016-17_county-assembly_county-assembly-of-kakamega-2016-2017.pdf,2026-06-12T11:28:06.332944
969,County Assembly of Kakamega-2016-2017,2016/17,county_assembly,https://www.oagkenya.go.ke/wp-content/uploads/2021/09/County-Assembly-of-Kakamega-2016-2017.pdf,C:\Users\user\Data_Science_Course\kenya_public_finance_intelligence\kenya_public_finance_intelligence\data\raw\oag\oag_2016-17_county-assembly_county-assembly-of-kakamega-2016-2017.pdf,2026-06-12T11:28:06.332960
970,County Assembly of Kajiado-2016-2017,2016/17,county_assembly,https://www.oagkenya.go.ke/wp-content/uploads/2021/09/County-Assembly-of-Kajiado-2016-2017.pdf#new_tab,C:\Users\user\Data_Science_Course\kenya_public_finance_intelligence\kenya_public_finance_intelligence\data\raw\oag\oag_2016-17_county-assembly_county-assembly-of-kajiado-2016-2017.pdf,2026-06-12T11:28:06.333180
971,County Assembly of Kajiado-2016-2017,2016/17,county_assembly,https://www.oagkenya.go.ke/wp-content/uploads/2021/09/County-Assembly-of-Kajiado-2016-2017.pdf,C:\Users\user\Data_Science_Course\kenya_public_finance_intelligence\kenya_public_finance_intelligence\data\raw\oag\oag_2016-17_county-assembly_county-assembly-of-kajiado-2016-2017.pdf,2026-06-12T11:28:06.333192
972,County Assembly of Isiolo-2016-2017,2016/17,county_assembly,https://www.oagkenya.go.ke/wp-content/uploads/2021/09/County-Assembly-of-Isiolo-2016-2017.pdf#new_tab,C:\Users\user\Data_Science_Course\kenya_public_finance_intelligence\kenya_public_finance_intelligence\data\raw\oag\oag_2016-17_county-assembly_county-assembly-of-isiolo-2016-2017.pdf,2026-06-12T11:28:06.333404
973,County Assembly of Isiolo-2016-2017,2016/17,county_assembly,https://www.oagkenya.go.ke/wp-content/uploads/2021/09/County-Assembly-of-Isiolo-2016-2017.pdf,C:\Users\user\Data_Science_Course\kenya_public_finance_intelligence\kenya_public_finance_intelligence\data\raw\oag\oag_2016-17_county-assembly_county-assembly-of-isiolo-2016-2017.pdf,2026-06-12T11:28:06.333416
974,County Assembly of Homa Bay-2016-2017,2016/17,county_assembly,https://www.oagkenya.go.ke/wp-content/uploads/2021/09/County-Assembly-of-Homa-Bay-2016-2017.pdf#new_tab,C:\Users\user\Data_Science_Course\kenya_public_finance_intelligence\kenya_public_finance_intelligence\data\raw\oag\oag_2016-17_county-assembly_county-assembly-of-homa-bay-2016-2017.pdf,2026-06-12T11:28:06.333625
975,County Assembly of Homa Bay-2016-2017,2016/17,county_assembly,https://www.oagkenya.go.ke/wp-content/uploads/2021/09/County-Assembly-of-Homa-Bay-2016-2017.pdf,C:\Users\user\Data_Science_Course\kenya_public_finance_intelligence\kenya_public_finance_intelligence\data\raw\oag\oag_2016-17_county-assembly_county-assembly-of-homa-bay-2016-2017.pdf,2026-06-12T11:28:06.333638
976,County Assembly of Garissa-2016-2017,2016/17,county_assembly,https://www.oagkenya.go.ke/wp-content/uploads/2021/09/County-Assembly-of-Garissa-2016-2017.pdf#new_tab,C:\Users\user\Data_Science_Course\kenya_public_finance_intelligence\kenya_public_finance_intelligence\data\raw\oag\oag_2016-17_county-assembly_county-assembly-of-garissa-2016-2017.pdf,2026-06-12T11:28:06.333879
977,County Assembly of Garissa-2016-2017,2016/17,county_assembly,https://www.oagkenya.go.ke/wp-content/uploads/2021/09/County-Assembly-of-Garissa-2016-2017.pdf,C:\Users\user\Data_Science_Course\kenya_public_finance_intelligence\kenya_public_finance_intelligence\data\raw\oag\oag_2016-17_county-assembly_county-assembly-of-garissa-2016-2017.pdf,2026-06-12T11:28:06.333892
978,County Assembly of Embu-2016-2017,2016/17,county_assembly,https://www.oagkenya.go.ke/wp-content/uploads/2021/09/County-Assembly-of-Embu-2016-2017.pdf#new_tab,C:\Users\user\Data_Science_Course\kenya_public_finance_intelligence\kenya_public_finance_intelligence\data\raw\oag\oag_2016-17_county-assembly_county-assembly-of-embu-2016-2017.pdf,2026-06-12T11:28:06.334101
979,County Assembly of Embu-2016-2017,2016/17,county_assembly,https://www.oagkenya.go.ke/wp-content/uploads/2021/09/County-Assembly-of-Embu-2016-2017.pdf,C:\Users\user\Data_Science_Course\kenya_public_finance_intelligence\kenya_public_finance_intelligence\data\raw\oag\oag_2016-17_county-assembly_county-assembly-of-embu-2016-2017.pdf,2026-06-12T11:28:06.334113
980,County Assembly of Elgeyo Marakwet-2016-2017,2016/17,county_assembly,https://www.oagkenya.go.ke/wp-content/uploads/2021/09/County-Assembly-of-Elgeyo-Marakwet-2016-2017.pdf#new_tab,C:\Users\user\Data_Science_Course\kenya_public_finance_intelligence\kenya_public_finance_intelligence\data\raw\oag\oag_2016-17_county-assembly_county-assembly-of-elgeyo-marakwet-2016-.pdf,2026-06-12T11:28:06.334323
981,County Assembly of Elgeyo Marakwet-2016-2017,2016/17,county_assembly,https://www.oagkenya.go.ke/wp-content/uploads/2021/09/County-Assembly-of-Elgeyo-Marakwet-2016-2017.pdf,C:\Users\user\Data_Science_Course\kenya_public_finance_intelligence\kenya_public_finance_intelligence\data\raw\oag\oag_2016-17_county-assembly_county-assembly-of-elgeyo-marakwet-2016-.pdf,2026-06-12T11:28:06.334335
982,County Assembly of Busia-2016-2017,2016/17,county_assembly,https://www.oagkenya.go.ke/wp-content/uploads/2021/09/County-Assembly-of-Busia-2016-2017.pdf#new_tab,C:\Users\user\Data_Science_Course\kenya_public_finance_intelligence\kenya_public_finance_intelligence\data\raw\oag\oag_2016-17_county-assembly_county-assembly-of-busia-2016-2017.pdf,2026-06-12T11:28:06.334544
983,County Assembly of Busia-2016-2017,2016/17,county_assembly,https://www.oagkenya.go.ke/wp-content/uploads/2021/09/County-Assembly-of-Busia-2016-2017.pdf,C:\Users\user\Data_Science_Course\kenya_public_finance_intelligence\kenya_public_finance_intelligence\data\raw\oag\oag_2016-17_county-assembly_county-assembly-of-busia-2016-2017.pdf,2026-06-12T11:28:06.334556
984,County Assembly of Bungoma-2016-2017,2016/17,county_assembly,https://www.oagkenya.go.ke/wp-content/uploads/2021/09/County-Assembly-of-Bungoma-2016-2017.pdf#new_tab,C:\Users\user\Data_Science_Course\kenya_public_finance_intelligence\kenya_public_finance_intelligence\data\raw\oag\oag_2016-17_county-assembly_county-assembly-of-bungoma-2016-2017.pdf,2026-06-12T11:28:06.334788
985,County Assembly of Bungoma-2016-2017,2016/17,county_assembly,https://www.oagkenya.go.ke/wp-content/uploads/2021/09/County-Assembly-of-Bungoma-2016-2017.pdf,C:\Users\user\Data_Science_Course\kenya_public_finance_intelligence\kenya_public_finance_intelligence\data\raw\oag\oag_2016-17_county-assembly_county-assembly-of-bungoma-2016-2017.pdf,2026-06-12T11:28:06.334801
986,County Assembly of Bomet-2016-2017,2016/17,county_assembly,https://www.oagkenya.go.ke/wp-content/uploads/2021/09/County-Assembly-of-Bomet-2016-2017.pdf#new_tab,C:\Users\user\Data_Science_Course\kenya_public_finance_intelligence\kenya_public_finance_intelligence\data\raw\oag\oag_2016-17_county-assembly_county-assembly-of-bomet-2016-2017.pdf,2026-06-12T11:28:06.335010
987,County Assembly of Bomet-2016-2017,2016/17,county_assembly,https://www.oagkenya.go.ke/wp-content/uploads/2021/09/County-Assembly-of-Bomet-2016-2017.pdf,C:\Users\user\Data_Science_Course\kenya_public_finance_intelligence\kenya_public_finance_intelligence\data\raw\oag\oag_2016-17_county-assembly_county-assembly-of-bomet-2016-2017.pdf,2026-06-12T11:28:06.335021
988,County Assembly of Baringo-2016-2017,2016/17,county_assembly,https://www.oagkenya.go.ke/wp-content/uploads/2021/09/County-Assembly-of-Baringo-2016-2017.pdf#new_tab,C:\Users\user\Data_Science_Course\kenya_public_finance_intelligence\kenya_public_finance_intelligence\data\raw\oag\oag_2016-17_county-assembly_county-assembly-of-baringo-2016-2017.pdf,2026-06-12T11:28:06.335230
989,County Assembly of Baringo-2016-2017,2016/17,county_assembly,https://www.oagkenya.go.ke/wp-content/uploads/2021/09/County-Assembly-of-Baringo-2016-2017.pdf,C:\Users\user\Data_Science_Course\kenya_public_finance_intelligence\kenya_public_finance_intelligence\data\raw\oag\oag_2016-17_county-assembly_county-assembly-of-baringo-2016-2017.pdf,2026-06-12T11:28:06.335242
990,"Summary Report on Level 4,Level 5 and Level 6 Hospitals in Kenya 2023-2024",2023/24,hospital,https://www.oagkenya.go.ke/wp-content/uploads/2025/08/Auditor-Generals-Summary-Report-on-Level-456-Hospitals-In-Kenya-2023-2024.pdf#new_tab,C:\Users\user\Data_Science_Course\kenya_public_finance_intelligence\kenya_public_finance_intelligence\data\raw\oag\oag_2023-24_hospital_summary-report-on-level-4level-5-and-lev.pdf,2026-06-12T11:28:26.149435
991,"Summary Report on Level 4,Level 5 and Level 6 Hospitals in Kenya 2023-2024",2023/24,hospital,https://www.oagkenya.go.ke/wp-content/uploads/2025/08/Auditor-Generals-Summary-Report-on-Level-456-Hospitals-In-Kenya-2023-2024.pdf,C:\Users\user\Data_Science_Course\kenya_public_finance_intelligence\kenya_public_finance_intelligence\data\raw\oag\oag_2023-24_hospital_summary-report-on-level-4level-5-and-lev.pdf,2026-06-12T11:28:26.149472
992,Auditor-General’s Report on Level 4 and Level 5 Hospitals,2021/22,hospital,https://www.oagkenya.go.ke/wp-content/uploads/2024/03/Auditor-Generals-Report-on-Level-4-and-Level-5-Hospitals.pdf#new_tab,C:\Users\user\Data_Science_Course\kenya_public_finance_intelligence\kenya_public_finance_intelligence\data\raw\oag\oag_2021-22_hospital_auditor-generals-report-on-level-4-and-l.pdf,2026-06-12T11:28:35.948191
993,Auditor-General’s Report on Level 4 and Level 5 Hospitals,2021/22,hospital,https://www.oagkenya.go.ke/wp-content/uploads/2024/03/Auditor-Generals-Report-on-Level-4-and-Level-5-Hospitals.pdf,C:\Users\user\Data_Science_Course\kenya_public_finance_intelligence\kenya_public_finance_intelligence\data\raw\oag\oag_2021-22_hospital_auditor-generals-report-on-level-4-and-l.pdf,2026-06-12T11:28:35.948218
994,Summary of the Auditor-General’s for Level 4 and Level 5 Hospitals,2021/22,hospital,https://www.oagkenya.go.ke/wp-content/uploads/2024/03/Summary-Book-for-Level-4-and-Level-5-Hospitals.pdf#new_tab,C:\Users\user\Data_Science_Course\kenya_public_finance_intelligence\kenya_public_finance_intelligence\data\raw\oag\oag_2021-22_hospital_summary-of-the-auditor-generals-for-leve.pdf,2026-06-12T11:28:35.948708
995,Summary of the Auditor-General’s for Level 4 and Level 5 Hospitals,2021/22,hospital,https://www.oagkenya.go.ke/wp-content/uploads/2024/03/Summary-Book-for-Level-4-and-Level-5-Hospitals.pdf,C:\Users\user\Data_Science_Course\kenya_public_finance_intelligence\kenya_public_finance_intelligence\data\raw\oag\oag_2021-22_hospital_summary-of-the-auditor-generals-for-leve.pdf,2026-06-12T11:28:35.948729
996,Summary Report on Water Companies 2023-2024,2023/24,water_company,https://www.oagkenya.go.ke/wp-content/uploads/2025/08/Auditor-Generals-Summary-Report-on-Water-Companies-2023-2024.pdf,C:\Users\user\Data_Science_Course\kenya_public_finance_intelligence\kenya_public_finance_intelligence\data\raw\oag\oag_2023-24_water-company_summary-report-on-water-companies-2023-2.pdf,2026-06-12T11:28:49.704637
997,Tetu Aberdare Water and Sanitation Company,2022/23,water_company,https://www.oagkenya.go.ke/wp-content/uploads/2024/07/TETU-ABERDARE-WATER-AND-SANITATION-COMPANY-.pdf#new_tab,C:\Users\user\Data_Science_Course\kenya_public_finance_intelligence\kenya_public_finance_intelligence\data\raw\oag\oag_2022-23_water-company_tetu-aberdare-water-and-sanitation-compa.pdf,2026-06-12T11:28:54.576972
998,Tetu Aberdare Water and Sanitation Company,2022/23,water_company,https://www.oagkenya.go.ke/wp-content/uploads/2024/07/TETU-ABERDARE-WATER-AND-SANITATION-COMPANY-.pdf,C:\Users\user\Data_Science_Course\kenya_public_finance_intelligence\kenya_public_finance_intelligence\data\raw\oag\oag_2022-23_water-company_tetu-aberdare-water-and-sanitation-compa.pdf,2026-06-12T11:28:54.576995
999,Nyahururu Water and Sanitation Company Limited,2022/23,water_company,https://www.oagkenya.go.ke/wp-content/uploads/2024/07/NYAHURURU-WATER-AND-SANITATION-COMPANY-LIMITED.pdf#new_tab,C:\Users\user\Data_Science_Course\kenya_public_finance_intelligence\kenya_public_finance_intelligence\data\raw\oag\oag_2022-23_water-company_nyahururu-water-and-sanitation-company-l.pdf,2026-06-12T11:28:54.577229
1000,Nyahururu Water and Sanitation Company Limited,2022/23,water_company,https://www.oagkenya.go.ke/wp-content/uploads/2024/07/NYAHURURU-WATER-AND-SANITATION-COMPANY-LIMITED.pdf,C:\Users\user\Data_Science_Course\kenya_public_finance_intelligence\kenya_public_finance_intelligence\data\raw\oag\oag_2022-23_water-company_nyahururu-water-and-sanitation-company-l.pdf,2026-06-12T11:28:54.577244
1001,Mandera Water and Sewerage Company,2022/23,water_company,https://www.oagkenya.go.ke/wp-content/uploads/2024/07/MANDERA-WATER-AND-SEWERAGE-COMPANY.pdf#new_tab,C:\Users\user\Data_Science_Course\kenya_public_finance_intelligence\kenya_public_finance_intelligence\data\raw\oag\oag_2022-23_water-company_mandera-water-and-sewerage-company.pdf,2026-06-12T11:28:54.577515
1002,Mandera Water and Sewerage Company,2022/23,water_company,https://www.oagkenya.go.ke/wp-content/uploads/2024/07/MANDERA-WATER-AND-SEWERAGE-COMPANY.pdf,C:\Users\user\Data_Science_Course\kenya_public_finance_intelligence\kenya_public_finance_intelligence\data\raw\oag\oag_2022-23_water-company_mandera-water-and-sewerage-company.pdf,2026-06-12T11:28:54.577554
1003,Iten Tambach Water and Sewerage Company Limited,2022/23,water_company,https://www.oagkenya.go.ke/wp-content/uploads/2024/07/ITEN-TAMBACH-WATER-AND-SEWERAGE-COMPANY-LIMITED-.pdf#new_tab,C:\Users\user\Data_Science_Course\kenya_public_finance_intelligence\kenya_public_finance_intelligence\data\raw\oag\oag_2022-23_water-company_iten-tambach-water-and-sewerage-company-.pdf,2026-06-12T11:28:54.578059
1004,Iten Tambach Water and Sewerage Company Limited,2022/23,water_company,https://www.oagkenya.go.ke/wp-content/uploads/2024/07/ITEN-TAMBACH-WATER-AND-SEWERAGE-COMPANY-LIMITED-.pdf,C:\Users\user\Data_Science_Course\kenya_public_finance_intelligence\kenya_public_finance_intelligence\data\raw\oag\oag_2022-23_water-company_iten-tambach-water-and-sewerage-company-.pdf,2026-06-12T11:28:54.578080
1005,Gulf Water Services Company,2022/23,water_company,https://www.oagkenya.go.ke/wp-content/uploads/2024/07/GULF-WATER-SERVICES-COMPANY.pdf#new_tab,C:\Users\user\Data_Science_Course\kenya_public_finance_intelligence\kenya_public_finance_intelligence\data\raw\oag\oag_2022-23_water-company_gulf-water-services-company.pdf,2026-06-12T11:28:54.578387
1006,Gulf Water Services Company,2022/23,water_company,https://www.oagkenya.go.ke/wp-content/uploads/2024/07/GULF-WATER-SERVICES-COMPANY.pdf,C:\Users\user\Data_Science_Course\kenya_public_finance_intelligence\kenya_public_finance_intelligence\data\raw\oag\oag_2022-23_water-company_gulf-water-services-company.pdf,2026-06-12T11:28:54.578416
1007,Garissa Water and Sewerage Company Ltd,2022/23,water_company,https://www.oagkenya.go.ke/wp-content/uploads/2024/07/GARISSA-WATER-AND-SEWERAGE-COMPANY-LTD-.pdf#new_tab,C:\Users\user\Data_Science_Course\kenya_public_finance_intelligence\kenya_public_finance_intelligence\data\raw\oag\oag_2022-23_water-company_garissa-water-and-sewerage-company-ltd.pdf,2026-06-12T11:28:54.578715
1008,Garissa Water and Sewerage Company Ltd,2022/23,water_company,https://www.oagkenya.go.ke/wp-content/uploads/2024/07/GARISSA-WATER-AND-SEWERAGE-COMPANY-LTD-.pdf,C:\Users\user\Data_Science_Course\kenya_public_finance_intelligence\kenya_public_finance_intelligence\data\raw\oag\oag_2022-23_water-company_garissa-water-and-sewerage-company-ltd.pdf,2026-06-12T11:28:54.578730
1009,Ruiru-Juja Water and Sewerage Company Limited,2022/23,water_company,https://www.oagkenya.go.ke/wp-content/uploads/2024/06/Ruiru-Juja-Water-and-Sewerage-Company-Limited-.pdf#new_tab,C:\Users\user\Data_Science_Course\kenya_public_finance_intelligence\kenya_public_finance_intelligence\data\raw\oag\oag_2022-23_water-company_ruiru-juja-water-and-sewerage-company-li.pdf,2026-06-12T11:28:54.579028
1010,Ruiru-Juja Water and Sewerage Company Limited,2022/23,water_company,https://www.oagkenya.go.ke/wp-content/uploads/2024/06/Ruiru-Juja-Water-and-Sewerage-Company-Limited-.pdf,C:\Users\user\Data_Science_Course\kenya_public_finance_intelligence\kenya_public_finance_intelligence\data\raw\oag\oag_2022-23_water-company_ruiru-juja-water-and-sewerage-company-li.pdf,2026-06-12T11:28:54.579044
1011,Malindi Water and Sewerage Company Limited,2022/23,water_company,https://www.oagkenya.go.ke/wp-content/uploads/2024/06/Malindi-Water-and-Sewerage-Company-Limited-.pdf#new_tab,C:\Users\user\Data_Science_Course\kenya_public_finance_intelligence\kenya_public_finance_intelligence\data\raw\oag\oag_2022-23_water-company_malindi-water-and-sewerage-company-limit.pdf,2026-06-12T11:28:54.579354
1012,Malindi Water and Sewerage Company Limited,2022/23,water_company,https://www.oagkenya.go.ke/wp-content/uploads/2024/06/Malindi-Water-and-Sewerage-Company-Limited-.pdf,C:\Users\user\Data_Science_Course\kenya_public_finance_intelligence\kenya_public_finance_intelligence\data\raw\oag\oag_2022-23_water-company_malindi-water-and-sewerage-company-limit.pdf,2026-06-12T11:28:54.579369
1013,Limuru Water and Sewerage Company Limited,2022/23,water_company,https://www.oagkenya.go.ke/wp-content/uploads/2024/06/Limuru-Water-and-Sewerage-Company-Limited.pdf#new_tab,C:\Users\user\Data_Science_Course\kenya_public_finance_intelligence\kenya_public_finance_intelligence\data\raw\oag\oag_2022-23_water-company_limuru-water-and-sewerage-company-limite.pdf,2026-06-12T11:28:54.579608
1014,Limuru Water and Sewerage Company Limited,2022/23,water_company,https://www.oagkenya.go.ke/wp-content/uploads/2024/06/Limuru-Water-and-Sewerage-Company-Limited.pdf,C:\Users\user\Data_Science_Course\kenya_public_finance_intelligence\kenya_public_finance_intelligence\data\raw\oag\oag_2022-23_water-company_limuru-water-and-sewerage-company-limite.pdf,2026-06-12T11:28:54.579622
1015,Kilifi Mariakani Water and Sewerage limited,2022/23,water_company,https://www.oagkenya.go.ke/wp-content/uploads/2024/06/Kilifi-Mariakani-Water-and-Sewerage-limited-.pdf#new_tab,C:\Users\user\Data_Science_Course\kenya_public_finance_intelligence\kenya_public_finance_intelligence\data\raw\oag\oag_2022-23_water-company_kilifi-mariakani-water-and-sewerage-limi.pdf,2026-06-12T11:28:54.579839
1016,Kilifi Mariakani Water and Sewerage limited,2022/23,water_company,https://www.oagkenya.go.ke/wp-content/uploads/2024/06/Kilifi-Mariakani-Water-and-Sewerage-limited-.pdf,C:\Users\user\Data_Science_Course\kenya_public_finance_intelligence\kenya_public_finance_intelligence\data\raw\oag\oag_2022-23_water-company_kilifi-mariakani-water-and-sewerage-limi.pdf,2026-06-12T11:28:54.579853
1017,Karuri Water and Sanitation Company Limited,2022/23,water_company,https://www.oagkenya.go.ke/wp-content/uploads/2024/06/Karuri-Water-and-Sanitation-Company-Limited-.pdf#new_tab,C:\Users\user\Data_Science_Course\kenya_public_finance_intelligence\kenya_public_finance_intelligence\data\raw\oag\oag_2022-23_water-company_karuri-water-and-sanitation-company-limi.pdf,2026-06-12T11:28:54.580069
1018,Karuri Water and Sanitation Company Limited,2022/23,water_company,https://www.oagkenya.go.ke/wp-content/uploads/2024/06/Karuri-Water-and-Sanitation-Company-Limited-.pdf,C:\Users\user\Data_Science_Course\kenya_public_finance_intelligence\kenya_public_finance_intelligence\data\raw\oag\oag_2022-23_water-company_karuri-water-and-sanitation-company-limi.pdf,2026-06-12T11:28:54.580082
1019,Juja Water and Sewerage Company Limited,2022/23,water_company,https://www.oagkenya.go.ke/wp-content/uploads/2024/06/Juja-Water-and-Sewerage-Company-Limited.pdf#new_tab,C:\Users\user\Data_Science_Course\kenya_public_finance_intelligence\kenya_public_finance_intelligence\data\raw\oag\oag_2022-23_water-company_juja-water-and-sewerage-company-limited.pdf,2026-06-12T11:28:54.580294
1020,Juja Water and Sewerage Company Limited,2022/23,water_company,https://www.oagkenya.go.ke/wp-content/uploads/2024/06/Juja-Water-and-Sewerage-Company-Limited.pdf,C:\Users\user\Data_Science_Course\kenya_public_finance_intelligence\kenya_public_finance_intelligence\data\raw\oag\oag_2022-23_water-company_juja-water-and-sewerage-company-limited.pdf,2026-06-12T11:28:54.580307
1021,Githunguru Water and Sanitation Company Limited,2022/23,water_company,https://www.oagkenya.go.ke/wp-content/uploads/2024/06/Githunguru-Water-and-Sanitation-Company-Limited.pdf#new_tab,C:\Users\user\Data_Science_Course\kenya_public_finance_intelligence\kenya_public_finance_intelligence\data\raw\oag\oag_2022-23_water-company_githunguru-water-and-sanitation-company-.pdf,2026-06-12T11:28:54.580535
1022,Githunguru Water and Sanitation Company Limited,2022/23,water_company,https://www.oagkenya.go.ke/wp-content/uploads/2024/06/Githunguru-Water-and-Sanitation-Company-Limited.pdf,C:\Users\user\Data_Science_Course\kenya_public_finance_intelligence\kenya_public_finance_intelligence\data\raw\oag\oag_2022-23_water-company_githunguru-water-and-sanitation-company-.pdf,2026-06-12T11:28:54.580550
1023,Eldama Ravine Water and Sewerage Company Limited,2022/23,water_company,https://www.oagkenya.go.ke/wp-content/uploads/2024/06/Eldama-Ravine-Water-and-Sewerage-Company-Limited-.pdf#new_tab,C:\Users\user\Data_Science_Course\kenya_public_finance_intelligence\kenya_public_finance_intelligence\data\raw\oag\oag_2022-23_water-company_eldama-ravine-water-and-sewerage-company.pdf,2026-06-12T11:28:54.580764
1024,Eldama Ravine Water and Sewerage Company Limited,2022/23,water_company,https://www.oagkenya.go.ke/wp-content/uploads/2024/06/Eldama-Ravine-Water-and-Sewerage-Company-Limited-.pdf,C:\Users\user\Data_Science_Course\kenya_public_finance_intelligence\kenya_public_finance_intelligence\data\raw\oag\oag_2022-23_water-company_eldama-ravine-water-and-sewerage-company.pdf,2026-06-12T11:28:54.580778
1025,Cherangany Marakwet Water and Sanitation,2022/23,water_company,https://www.oagkenya.go.ke/wp-content/uploads/2024/06/Cherangany-Marakwet-Water-and-Sanitation-.pdf#new_tab,C:\Users\user\Data_Science_Course\kenya_public_finance_intelligence\kenya_public_finance_intelligence\data\raw\oag\oag_2022-23_water-company_cherangany-marakwet-water-and-sanitation.pdf,2026-06-12T11:28:54.580990
1026,Cherangany Marakwet Water and Sanitation,2022/23,water_company,https://www.oagkenya.go.ke/wp-content/uploads/2024/06/Cherangany-Marakwet-Water-and-Sanitation-.pdf,C:\Users\user\Data_Science_Course\kenya_public_finance_intelligence\kenya_public_finance_intelligence\data\raw\oag\oag_2022-23_water-company_cherangany-marakwet-water-and-sanitation.pdf,2026-06-12T11:28:54.581003
1027,Athi Water Works Development Agency,2022/23,water_company,https://www.oagkenya.go.ke/wp-content/uploads/2024/06/Athi-Water-Works-Development-Agency.pdf#new_tab,C:\Users\user\Data_Science_Course\kenya_public_finance_intelligence\kenya_public_finance_intelligence\data\raw\oag\oag_2022-23_water-company_athi-water-works-development-agency.pdf,2026-06-12T11:28:54.581218
1028,Athi Water Works Development Agency,2022/23,water_company,https://www.oagkenya.go.ke/wp-content/uploads/2024/06/Athi-Water-Works-Development-Agency.pdf,C:\Users\user\Data_Science_Course\kenya_public_finance_intelligence\kenya_public_finance_intelligence\data\raw\oag\oag_2022-23_water-company_athi-water-works-development-agency.pdf,2026-06-12T11:28:54.581232
1029,Amatsi Water,2022/23,water_company,https://www.oagkenya.go.ke/wp-content/uploads/2024/06/Amatsi-Water-.pdf#new_tab,C:\Users\user\Data_Science_Course\kenya_public_finance_intelligence\kenya_public_finance_intelligence\data\raw\oag\oag_2022-23_water-company_amatsi-water.pdf,2026-06-12T11:28:54.581455
1030,Amatsi Water,2022/23,water_company,https://www.oagkenya.go.ke/wp-content/uploads/2024/06/Amatsi-Water-.pdf,C:\Users\user\Data_Science_Course\kenya_public_finance_intelligence\kenya_public_finance_intelligence\data\raw\oag\oag_2022-23_water-company_amatsi-water.pdf,2026-06-12T11:28:54.581469
1031,Auditor-General’s Report on Water Companies,2021/22,water_company,https://www.oagkenya.go.ke/wp-content/uploads/2024/03/Auditor-Generals-Report-on-Water-Companies.pdf#new_tab,C:\Users\user\Data_Science_Course\kenya_public_finance_intelligence\kenya_public_finance_intelligence\data\raw\oag\oag_2021-22_water-company_auditor-generals-report-on-water-compani.pdf,2026-06-12T11:28:59.524686
1032,Auditor-General’s Report on Water Companies,2021/22,water_company,https://www.oagkenya.go.ke/wp-content/uploads/2024/03/Auditor-Generals-Report-on-Water-Companies.pdf,C:\Users\user\Data_Science_Course\kenya_public_finance_intelligence\kenya_public_finance_intelligence\data\raw\oag\oag_2021-22_water-company_auditor-generals-report-on-water-compani.pdf,2026-06-12T11:28:59.524715
1033,Summary of Auditor-General’s Report on Water Companies,2021/22,water_company,https://www.oagkenya.go.ke/wp-content/uploads/2024/03/Summary-of-Auditor-Generals-Report-on-Water-Companies.pdf#new_tab,C:\Users\user\Data_Science_Course\kenya_public_finance_intelligence\kenya_public_finance_intelligence\data\raw\oag\oag_2021-22_water-company_summary-of-auditor-generals-report-on-wa.pdf,2026-06-12T11:28:59.524969
1034,Summary of Auditor-General’s Report on Water Companies,2021/22,water_company,https://www.oagkenya.go.ke/wp-content/uploads/2024/03/Summary-of-Auditor-Generals-Report-on-Water-Companies.pdf,C:\Users\user\Data_Science_Course\kenya_public_finance_intelligence\kenya_public_finance_intelligence\data\raw\oag\oag_2021-22_water-company_summary-of-auditor-generals-report-on-wa.pdf,2026-06-12T11:28:59.524989
1035,Homa Bay County Education Bursary Fund,2021/22,county_fund,https://www.oagkenya.go.ke/wp-content/uploads/2023/01/Homa-Bay-County-Education-Bursary-Fund-2020-2021.pdf#new_tab,C:\Users\user\Data_Science_Course\kenya_public_finance_intelligence\kenya_public_finance_intelligence\data\raw\oag\oag_2021-22_county-fund_homa-bay-county-education-bursary-fund.pdf,2026-06-12T11:29:26.421801
1036,Homa Bay County Education Bursary Fund,2021/22,county_fund,https://www.oagkenya.go.ke/wp-content/uploads/2023/01/Homa-Bay-County-Education-Bursary-Fund-2020-2021.pdf,C:\Users\user\Data_Science_Course\kenya_public_finance_intelligence\kenya_public_finance_intelligence\data\raw\oag\oag_2021-22_county-fund_homa-bay-county-education-bursary-fund.pdf,2026-06-12T11:29:26.421832
1037,Meru Youth Service Board,2020/21,county_fund,https://www.oagkenya.go.ke/wp-content/uploads/2023/02/Meru-Youth-Service-Board-20202-2021.pdf#new_tab,C:\Users\user\Data_Science_Course\kenya_public_finance_intelligence\kenya_public_finance_intelligence\data\raw\oag\oag_2020-21_county-fund_meru-youth-service-board.pdf,2026-06-12T11:29:31.575873
1038,Meru Youth Service Board,2020/21,county_fund,https://www.oagkenya.go.ke/wp-content/uploads/2023/02/Meru-Youth-Service-Board-20202-2021.pdf,C:\Users\user\Data_Science_Course\kenya_public_finance_intelligence\kenya_public_finance_intelligence\data\raw\oag\oag_2020-21_county-fund_meru-youth-service-board.pdf,2026-06-12T11:29:31.575899
1039,Marsabit County Education Fund,2020/21,county_fund,https://www.oagkenya.go.ke/wp-content/uploads/2023/02/Marsabit-County-Education-Fund-2020_2021.pdf#new_tab,C:\Users\user\Data_Science_Course\kenya_public_finance_intelligence\kenya_public_finance_intelligence\data\raw\oag\oag_2020-21_county-fund_marsabit-county-education-fund.pdf,2026-06-12T11:29:31.576151
1040,Marsabit County Education Fund,2020/21,county_fund,https://www.oagkenya.go.ke/wp-content/uploads/2023/02/Marsabit-County-Education-Fund-2020_2021.pdf,C:\Users\user\Data_Science_Course\kenya_public_finance_intelligence\kenya_public_finance_intelligence\data\raw\oag\oag_2020-21_county-fund_marsabit-county-education-fund.pdf,2026-06-12T11:29:31.576167
1041,Nairobi City County Alcoholic Drinks Control and Lisensing Board,2020/21,county_fund,https://www.oagkenya.go.ke/wp-content/uploads/2023/02/Nairobi-City-County-Alcoholic-Drinks-Control-and-Lisensing-Board-2020-2021.pdf#new_tab,C:\Users\user\Data_Science_Course\kenya_public_finance_intelligence\kenya_public_finance_intelligence\data\raw\oag\oag_2020-21_county-fund_nairobi-city-county-alcoholic-drinks-con.pdf,2026-06-12T11:29:31.576394
1042,Nairobi City County Alcoholic Drinks Control and Lisensing Board,2020/21,county_fund,https://www.oagkenya.go.ke/wp-content/uploads/2023/02/Nairobi-City-County-Alcoholic-Drinks-Control-and-Lisensing-Board-2020-2021.pdf,C:\Users\user\Data_Science_Course\kenya_public_finance_intelligence\kenya_public_finance_intelligence\data\raw\oag\oag_2020-21_county-fund_nairobi-city-county-alcoholic-drinks-con.pdf,2026-06-12T11:29:31.576410
1043,Kisumu County Education,2020/21,county_fund,https://www.oagkenya.go.ke/wp-content/uploads/2023/02/Kisumu-County-Education-2020_2021.pdf#new_tab,C:\Users\user\Data_Science_Course\kenya_public_finance_intelligence\kenya_public_finance_intelligence\data\raw\oag\oag_2020-21_county-fund_kisumu-county-education.pdf,2026-06-12T11:29:31.576630
1044,Kisumu County Education,2020/21,county_fund,https://www.oagkenya.go.ke/wp-content/uploads/2023/02/Kisumu-County-Education-2020_2021.pdf,C:\Users\user\Data_Science_Course\kenya_public_finance_intelligence\kenya_public_finance_intelligence\data\raw\oag\oag_2020-21_county-fund_kisumu-county-education.pdf,2026-06-12T11:29:31.576644
1045,Migori County Executive Car Loan and Mortgage Fund,2020/21,county_executive,https://www.oagkenya.go.ke/wp-content/uploads/2023/02/Migori-County-Executive-Car-Loan-and-Mortgage-Fund-2020-2021.pdf#new_tab,C:\Users\user\Data_Science_Course\kenya_public_finance_intelligence\kenya_public_finance_intelligence\data\raw\oag\oag_2020-21_county-executive_migori-county-executive-car-loan-and-mor.pdf,2026-06-12T11:29:31.576861
1046,Migori County Executive Car Loan and Mortgage Fund,2020/21,county_executive,https://www.oagkenya.go.ke/wp-content/uploads/2023/02/Migori-County-Executive-Car-Loan-and-Mortgage-Fund-2020-2021.pdf,C:\Users\user\Data_Science_Course\kenya_public_finance_intelligence\kenya_public_finance_intelligence\data\raw\oag\oag_2020-21_county-executive_migori-county-executive-car-loan-and-mor.pdf,2026-06-12T11:29:31.576873
1047,Kericho Enterprise Fund,2020/21,county_fund,https://www.oagkenya.go.ke/wp-content/uploads/2023/02/Kericho-Enterprise-Fund-2020-2021.pdf#new_tab,C:\Users\user\Data_Science_Course\kenya_public_finance_intelligence\kenya_public_finance_intelligence\data\raw\oag\oag_2020-21_county-fund_kericho-enterprise-fund.pdf,2026-06-12T11:29:31.577105
1048,Kericho Enterprise Fund,2020/21,county_fund,https://www.oagkenya.go.ke/wp-content/uploads/2023/02/Kericho-Enterprise-Fund-2020-2021.pdf,C:\Users\user\Data_Science_Course\kenya_public_finance_intelligence\kenya_public_finance_intelligence\data\raw\oag\oag_2020-21_county-fund_kericho-enterprise-fund.pdf,2026-06-12T11:29:31.577120
1049,Masaai Mara Community Support Fund,2020/21,county_fund,https://www.oagkenya.go.ke/wp-content/uploads/2023/02/Masaai-Mara-Community-Support-Fund-2020-2021.pdf#new_tab,C:\Users\user\Data_Science_Course\kenya_public_finance_intelligence\kenya_public_finance_intelligence\data\raw\oag\oag_2020-21_county-fund_masaai-mara-community-support-fund.pdf,2026-06-12T11:29:31.577338
1050,Masaai Mara Community Support Fund,2020/21,county_fund,https://www.oagkenya.go.ke/wp-content/uploads/2023/02/Masaai-Mara-Community-Support-Fund-2020-2021.pdf,C:\Users\user\Data_Science_Course\kenya_public_finance_intelligence\kenya_public_finance_intelligence\data\raw\oag\oag_2020-21_county-fund_masaai-mara-community-support-fund.pdf,2026-06-12T11:29:31.577352
1051,Machakos County Executive Committee & Chief Officers’ Car & Mortgage,2020/21,county_executive,https://www.oagkenya.go.ke/wp-content/uploads/2023/02/Machakos-County-Executive-Committee-Chief-Officers-Car-Mortgage-2020-2021.pdf#new_tab,C:\Users\user\Data_Science_Course\kenya_public_finance_intelligence\kenya_public_finance_intelligence\data\raw\oag\oag_2020-21_county-executive_machakos-county-executive-committee-chie.pdf,2026-06-12T11:29:31.577578
1052,Machakos County Executive Committee & Chief Officers’ Car & Mortgage,2020/21,county_executive,https://www.oagkenya.go.ke/wp-content/uploads/2023/02/Machakos-County-Executive-Committee-Chief-Officers-Car-Mortgage-2020-2021.pdf,C:\Users\user\Data_Science_Course\kenya_public_finance_intelligence\kenya_public_finance_intelligence\data\raw\oag\oag_2020-21_county-executive_machakos-county-executive-committee-chie.pdf,2026-06-12T11:29:31.577596
1053,Uasin Gishu County Bursary and Skills Development Support Fund,2020/21,county_fund,https://www.oagkenya.go.ke/wp-content/uploads/2023/02/Uasin-Gishu-County-Bursary-and-Skills-Development-Support-Fund-2020-2021.pdf#new_tab,C:\Users\user\Data_Science_Course\kenya_public_finance_intelligence\kenya_public_finance_intelligence\data\raw\oag\oag_2020-21_county-fund_uasin-gishu-county-bursary-and-skills-de.pdf,2026-06-12T11:29:31.577818
1054,Uasin Gishu County Bursary and Skills Development Support Fund,2020/21,county_fund,https://www.oagkenya.go.ke/wp-content/uploads/2023/02/Uasin-Gishu-County-Bursary-and-Skills-Development-Support-Fund-2020-2021.pdf,C:\Users\user\Data_Science_Course\kenya_public_finance_intelligence\kenya_public_finance_intelligence\data\raw\oag\oag_2020-21_county-fund_uasin-gishu-county-bursary-and-skills-de.pdf,2026-06-12T11:29:31.577833
1055,Kericho County Agricultural Development Fund,2020/21,county_fund,https://www.oagkenya.go.ke/wp-content/uploads/2023/02/Kericho-County-Agricultural-Development-2020-2021.pdf#new_tab,C:\Users\user\Data_Science_Course\kenya_public_finance_intelligence\kenya_public_finance_intelligence\data\raw\oag\oag_2020-21_county-fund_kericho-county-agricultural-development-.pdf,2026-06-12T11:29:31.578067
1056,Kericho County Agricultural Development Fund,2020/21,county_fund,https://www.oagkenya.go.ke/wp-content/uploads/2023/02/Kericho-County-Agricultural-Development-2020-2021.pdf,C:\Users\user\Data_Science_Course\kenya_public_finance_intelligence\kenya_public_finance_intelligence\data\raw\oag\oag_2020-21_county-fund_kericho-county-agricultural-development-.pdf,2026-06-12T11:29:31.578082
1057,Kericho County Alcoholic Drinks Fund,2020/21,county_fund,https://www.oagkenya.go.ke/wp-content/uploads/2023/02/Kericho-County-Alcoholic-Drinks-Fund-2020-2021.pdf#new_tab,C:\Users\user\Data_Science_Course\kenya_public_finance_intelligence\kenya_public_finance_intelligence\data\raw\oag\oag_2020-21_county-fund_kericho-county-alcoholic-drinks-fund.pdf,2026-06-12T11:29:31.578301
1058,Kericho County Alcoholic Drinks Fund,2020/21,county_fund,https://www.oagkenya.go.ke/wp-content/uploads/2023/02/Kericho-County-Alcoholic-Drinks-Fund-2020-2021.pdf,C:\Users\user\Data_Science_Course\kenya_public_finance_intelligence\kenya_public_finance_intelligence\data\raw\oag\oag_2020-21_county-fund_kericho-county-alcoholic-drinks-fund.pdf,2026-06-12T11:29:31.578315
1059,Kericho County Executive Staff Mortgage Scheme Fund,2020/21,county_executive,https://www.oagkenya.go.ke/wp-content/uploads/2023/02/Kericho-County-Executive-Staff-Mortgage-Scheme-Fund-2020-2021.pdf#new_tab,C:\Users\user\Data_Science_Course\kenya_public_finance_intelligence\kenya_public_finance_intelligence\data\raw\oag\oag_2020-21_county-executive_kericho-county-executive-staff-mortgage-.pdf,2026-06-12T11:29:31.578528
1060,Kericho County Executive Staff Mortgage Scheme Fund,2020/21,county_executive,https://www.oagkenya.go.ke/wp-content/uploads/2023/02/Kericho-County-Executive-Staff-Mortgage-Scheme-Fund-2020-2021.pdf,C:\Users\user\Data_Science_Course\kenya_public_finance_intelligence\kenya_public_finance_intelligence\data\raw\oag\oag_2020-21_county-executive_kericho-county-executive-staff-mortgage-.pdf,2026-06-12T11:29:31.578540
1061,Kiambu County Education Bursary Fund,2020/21,county_fund,https://www.oagkenya.go.ke/wp-content/uploads/2023/02/Kiambu-County-Education-Bursary-Fund-2020-2021-1.pdf#new_tab,C:\Users\user\Data_Science_Course\kenya_public_finance_intelligence\kenya_public_finance_intelligence\data\raw\oag\oag_2020-21_county-fund_kiambu-county-education-bursary-fund.pdf,2026-06-12T11:29:31.578751
1062,Kiambu County Education Bursary Fund,2020/21,county_fund,https://www.oagkenya.go.ke/wp-content/uploads/2023/02/Kiambu-County-Education-Bursary-Fund-2020-2021-1.pdf,C:\Users\user\Data_Science_Course\kenya_public_finance_intelligence\kenya_public_finance_intelligence\data\raw\oag\oag_2020-21_county-fund_kiambu-county-education-bursary-fund.pdf,2026-06-12T11:29:31.578764
1063,Laikipia County Assets Leasing Fund,2020/21,county_fund,https://www.oagkenya.go.ke/wp-content/uploads/2023/02/Laikipia-County-Assets-Leasing-Fund-2020-2021.pdf#new_tab,C:\Users\user\Data_Science_Course\kenya_public_finance_intelligence\kenya_public_finance_intelligence\data\raw\oag\oag_2020-21_county-fund_laikipia-county-assets-leasing-fund.pdf,2026-06-12T11:29:31.578973
1064,Laikipia County Assets Leasing Fund,2020/21,county_fund,https://www.oagkenya.go.ke/wp-content/uploads/2023/02/Laikipia-County-Assets-Leasing-Fund-2020-2021.pdf,C:\Users\user\Data_Science_Course\kenya_public_finance_intelligence\kenya_public_finance_intelligence\data\raw\oag\oag_2020-21_county-fund_laikipia-county-assets-leasing-fund.pdf,2026-06-12T11:29:31.578987
1065,Nakuru County Persons With Disabilities Fund,2020/21,county_fund,https://www.oagkenya.go.ke/wp-content/uploads/2023/02/NAKURU-COUNTY-PERSONS-WITH-DISABILITIES-FUND-2020-2021-.pdf#new_tab,C:\Users\user\Data_Science_Course\kenya_public_finance_intelligence\kenya_public_finance_intelligence\data\raw\oag\oag_2020-21_county-fund_nakuru-county-persons-with-disabilities-.pdf,2026-06-12T11:29:31.579213
1066,Nakuru County Persons With Disabilities Fund,2020/21,county_fund,https://www.oagkenya.go.ke/wp-content/uploads/2023/02/NAKURU-COUNTY-PERSONS-WITH-DISABILITIES-FUND-2020-2021-.pdf,C:\Users\user\Data_Science_Course\kenya_public_finance_intelligence\kenya_public_finance_intelligence\data\raw\oag\oag_2020-21_county-fund_nakuru-county-persons-with-disabilities-.pdf,2026-06-12T11:29:31.579228
1067,Samburu County Bursary Fund,2020/21,county_fund,https://www.oagkenya.go.ke/wp-content/uploads/2023/02/Samburu-County-Bursary-Fund-2020-2021.pdf#new_tab,C:\Users\user\Data_Science_Course\kenya_public_finance_intelligence\kenya_public_finance_intelligence\data\raw\oag\oag_2020-21_county-fund_samburu-county-bursary-fund.pdf,2026-06-12T11:29:31.579439
1068,Samburu County Bursary Fund,2020/21,county_fund,https://www.oagkenya.go.ke/wp-content/uploads/2023/02/Samburu-County-Bursary-Fund-2020-2021.pdf,C:\Users\user\Data_Science_Course\kenya_public_finance_intelligence\kenya_public_finance_intelligence\data\raw\oag\oag_2020-21_county-fund_samburu-county-bursary-fund.pdf,2026-06-12T11:29:31.579453
1069,Nyeri County Executive Car Loan and Mortgage,2020/21,county_executive,https://www.oagkenya.go.ke/wp-content/uploads/2023/02/Nyeri-County-Executive-Car-Loan-and-Mortgage-2020-2021.pdf#new_tab,C:\Users\user\Data_Science_Course\kenya_public_finance_intelligence\kenya_public_finance_intelligence\data\raw\oag\oag_2020-21_county-executive_nyeri-county-executive-car-loan-and-mort.pdf,2026-06-12T11:29:31.579659
1070,Nyeri County Executive Car Loan and Mortgage,2020/21,county_executive,https://www.oagkenya.go.ke/wp-content/uploads/2023/02/Nyeri-County-Executive-Car-Loan-and-Mortgage-2020-2021.pdf,C:\Users\user\Data_Science_Course\kenya_public_finance_intelligence\kenya_public_finance_intelligence\data\raw\oag\oag_2020-21_county-executive_nyeri-county-executive-car-loan-and-mort.pdf,2026-06-12T11:29:31.579671
1071,Kirinyaga County Emergency Fund,2020/21,county_fund,https://www.oagkenya.go.ke/wp-content/uploads/2023/02/Kirinyaga-County-Emergency-Fund-2020-2021.pdf#new_tab,C:\Users\user\Data_Science_Course\kenya_public_finance_intelligence\kenya_public_finance_intelligence\data\raw\oag\oag_2020-21_county-fund_kirinyaga-county-emergency-fund.pdf,2026-06-12T11:29:31.579880
1072,Kirinyaga County Emergency Fund,2020/21,county_fund,https://www.oagkenya.go.ke/wp-content/uploads/2023/02/Kirinyaga-County-Emergency-Fund-2020-2021.pdf,C:\Users\user\Data_Science_Course\kenya_public_finance_intelligence\kenya_public_finance_intelligence\data\raw\oag\oag_2020-21_county-fund_kirinyaga-county-emergency-fund.pdf,2026-06-12T11:29:31.579894
1073,Samburu County Executive Staff Mortgage (Members) Scheme Fund,2020/21,county_executive,https://www.oagkenya.go.ke/wp-content/uploads/2023/02/Samburu-County-Executive-Staff-Mortgage-Members-Scheme-Fund-2020-2021.pdf#new_tab,C:\Users\user\Data_Science_Course\kenya_public_finance_intelligence\kenya_public_finance_intelligence\data\raw\oag\oag_2020-21_county-executive_samburu-county-executive-staff-mortgage-.pdf,2026-06-12T11:29:31.580293
1074,Samburu County Executive Staff Mortgage (Members) Scheme Fund,2020/21,county_executive,https://www.oagkenya.go.ke/wp-content/uploads/2023/02/Samburu-County-Executive-Staff-Mortgage-Members-Scheme-Fund-2020-2021.pdf,C:\Users\user\Data_Science_Course\kenya_public_finance_intelligence\kenya_public_finance_intelligence\data\raw\oag\oag_2020-21_county-executive_samburu-county-executive-staff-mortgage-.pdf,2026-06-12T11:29:31.580310
1075,Kajiado County Alcoholic Drinks Control Fund,2020/21,county_fund,https://www.oagkenya.go.ke/wp-content/uploads/2023/02/Kajiado-County-Alcoholic-Drinks-Control-Fund-2020-2021.pdf#new_tab,C:\Users\user\Data_Science_Course\kenya_public_finance_intelligence\kenya_public_finance_intelligence\data\raw\oag\oag_2020-21_county-fund_kajiado-county-alcoholic-drinks-control-.pdf,2026-06-12T11:29:31.580541
1076,Kajiado County Alcoholic Drinks Control Fund,2020/21,county_fund,https://www.oagkenya.go.ke/wp-content/uploads/2023/02/Kajiado-County-Alcoholic-Drinks-Control-Fund-2020-2021.pdf,C:\Users\user\Data_Science_Course\kenya_public_finance_intelligence\kenya_public_finance_intelligence\data\raw\oag\oag_2020-21_county-fund_kajiado-county-alcoholic-drinks-control-.pdf,2026-06-12T11:29:31.580556
1077,Kajiado County Disability Mainstreaming Fund,2020/21,county_fund,https://www.oagkenya.go.ke/wp-content/uploads/2023/02/Kajiado-County-Disability-Mainstreaming-Fund-2020-2021-.pdf#new_tab,C:\Users\user\Data_Science_Course\kenya_public_finance_intelligence\kenya_public_finance_intelligence\data\raw\oag\oag_2020-21_county-fund_kajiado-county-disability-mainstreaming-.pdf,2026-06-12T11:29:31.580775
1078,Kajiado County Disability Mainstreaming Fund,2020/21,county_fund,https://www.oagkenya.go.ke/wp-content/uploads/2023/02/Kajiado-County-Disability-Mainstreaming-Fund-2020-2021-.pdf,C:\Users\user\Data_Science_Course\kenya_public_finance_intelligence\kenya_public_finance_intelligence\data\raw\oag\oag_2020-21_county-fund_kajiado-county-disability-mainstreaming-.pdf,2026-06-12T11:29:31.580789
1079,Marsabit County Executive Emergency Fund,2020/21,county_executive,https://www.oagkenya.go.ke/wp-content/uploads/2023/02/Marsabit-Couny-Executive-Emergency-Fund-2020_2021.pdf#new_tab,C:\Users\user\Data_Science_Course\kenya_public_finance_intelligence\kenya_public_finance_intelligence\data\raw\oag\oag_2020-21_county-executive_marsabit-county-executive-emergency-fund.pdf,2026-06-12T11:29:31.581003
1080,Marsabit County Executive Emergency Fund,2020/21,county_executive,https://www.oagkenya.go.ke/wp-content/uploads/2023/02/Marsabit-Couny-Executive-Emergency-Fund-2020_2021.pdf,C:\Users\user\Data_Science_Course\kenya_public_finance_intelligence\kenya_public_finance_intelligence\data\raw\oag\oag_2020-21_county-executive_marsabit-county-executive-emergency-fund.pdf,2026-06-12T11:29:31.581027
1081,Kiambu County Alcoholic Drinks Control Fund,2020/21,county_fund,https://www.oagkenya.go.ke/wp-content/uploads/2023/02/Kiambu-County-Alcoholic-Drinks-Control-Fund-2020-2021.pdf#new_tab,C:\Users\user\Data_Science_Course\kenya_public_finance_intelligence\kenya_public_finance_intelligence\data\raw\oag\oag_2020-21_county-fund_kiambu-county-alcoholic-drinks-control-f.pdf,2026-06-12T11:29:31.581247
1082,Kiambu County Alcoholic Drinks Control Fund,2020/21,county_fund,https://www.oagkenya.go.ke/wp-content/uploads/2023/02/Kiambu-County-Alcoholic-Drinks-Control-Fund-2020-2021.pdf,C:\Users\user\Data_Science_Course\kenya_public_finance_intelligence\kenya_public_finance_intelligence\data\raw\oag\oag_2020-21_county-fund_kiambu-county-alcoholic-drinks-control-f.pdf,2026-06-12T11:29:31.581261
1083,Kakamega County Maternal Child Health and Family Planning Fund,2020/21,county_fund,https://www.oagkenya.go.ke/wp-content/uploads/2023/02/Kakamega-County-Maternal-Child-Health-and-Family-Planning-Fund-2020-2021.pdf#new_tab,C:\Users\user\Data_Science_Course\kenya_public_finance_intelligence\kenya_public_finance_intelligence\data\raw\oag\oag_2020-21_county-fund_kakamega-county-maternal-child-health-an.pdf,2026-06-12T11:29:31.581479
1084,Kakamega County Maternal Child Health and Family Planning Fund,2020/21,county_fund,https://www.oagkenya.go.ke/wp-content/uploads/2023/02/Kakamega-County-Maternal-Child-Health-and-Family-Planning-Fund-2020-2021.pdf,C:\Users\user\Data_Science_Course\kenya_public_finance_intelligence\kenya_public_finance_intelligence\data\raw\oag\oag_2020-21_county-fund_kakamega-county-maternal-child-health-an.pdf,2026-06-12T11:29:31.581493
1085,Kakamega Alcoholic Drinks Fund,2020/21,county_fund,https://www.oagkenya.go.ke/wp-content/uploads/2023/02/Kakamega-Alcoholic-Drinks-Fund-2020-2021.pdf#new_tab,C:\Users\user\Data_Science_Course\kenya_public_finance_intelligence\kenya_public_finance_intelligence\data\raw\oag\oag_2020-21_county-fund_kakamega-alcoholic-drinks-fund.pdf,2026-06-12T11:29:31.581709
1086,Kakamega Alcoholic Drinks Fund,2020/21,county_fund,https://www.oagkenya.go.ke/wp-content/uploads/2023/02/Kakamega-Alcoholic-Drinks-Fund-2020-2021.pdf,C:\Users\user\Data_Science_Course\kenya_public_finance_intelligence\kenya_public_finance_intelligence\data\raw\oag\oag_2020-21_county-fund_kakamega-alcoholic-drinks-fund.pdf,2026-06-12T11:29:31.581722
1087,Uasin Gishu County Inua Biashara Fund,2020/21,county_fund,https://www.oagkenya.go.ke/wp-content/uploads/2023/02/Uasin-Gishu-County-Inua-Biashara-Fund-2020-2021.pdf#new_tab,C:\Users\user\Data_Science_Course\kenya_public_finance_intelligence\kenya_public_finance_intelligence\data\raw\oag\oag_2020-21_county-fund_uasin-gishu-county-inua-biashara-fund.pdf,2026-06-12T11:29:31.581941
1088,Uasin Gishu County Inua Biashara Fund,2020/21,county_fund,https://www.oagkenya.go.ke/wp-content/uploads/2023/02/Uasin-Gishu-County-Inua-Biashara-Fund-2020-2021.pdf,C:\Users\user\Data_Science_Course\kenya_public_finance_intelligence\kenya_public_finance_intelligence\data\raw\oag\oag_2020-21_county-fund_uasin-gishu-county-inua-biashara-fund.pdf,2026-06-12T11:29:31.581955
1089,Taita Taveta County Executive Staff Car Loan and Mortgage Revolving Fund,2020/21,county_executive,https://www.oagkenya.go.ke/wp-content/uploads/2023/02/Taita-Taveta-County-Executive-Staff-Car-Loan-and-Mortgage-Revolving-Fund-2020-2021.pdf#new_tab,C:\Users\user\Data_Science_Course\kenya_public_finance_intelligence\kenya_public_finance_intelligence\data\raw\oag\oag_2020-21_county-executive_taita-taveta-county-executive-staff-car-.pdf,2026-06-12T11:29:31.582187
1090,Taita Taveta County Executive Staff Car Loan and Mortgage Revolving Fund,2020/21,county_executive,https://www.oagkenya.go.ke/wp-content/uploads/2023/02/Taita-Taveta-County-Executive-Staff-Car-Loan-and-Mortgage-Revolving-Fund-2020-2021.pdf,C:\Users\user\Data_Science_Course\kenya_public_finance_intelligence\kenya_public_finance_intelligence\data\raw\oag\oag_2020-21_county-executive_taita-taveta-county-executive-staff-car-.pdf,2026-06-12T11:29:31.582201
1091,Kwale County Disaster Management Fund,2020/21,county_fund,https://www.oagkenya.go.ke/wp-content/uploads/2023/02/Kwale-County-Disaster-Management-Fund-2020-2021.pdf#new_tab,C:\Users\user\Data_Science_Course\kenya_public_finance_intelligence\kenya_public_finance_intelligence\data\raw\oag\oag_2020-21_county-fund_kwale-county-disaster-management-fund.pdf,2026-06-12T11:29:31.582416
1092,Kwale County Disaster Management Fund,2020/21,county_fund,https://www.oagkenya.go.ke/wp-content/uploads/2023/02/Kwale-County-Disaster-Management-Fund-2020-2021.pdf,C:\Users\user\Data_Science_Course\kenya_public_finance_intelligence\kenya_public_finance_intelligence\data\raw\oag\oag_2020-21_county-fund_kwale-county-disaster-management-fund.pdf,2026-06-12T11:29:31.582430
1093,Kisii County Veterinary Services Development Fund,2020/21,county_fund,https://www.oagkenya.go.ke/wp-content/uploads/2023/02/Kisii-County-Veterinary-Services-Development-Fund-2020-2021.pdf#new_tab,C:\Users\user\Data_Science_Course\kenya_public_finance_intelligence\kenya_public_finance_intelligence\data\raw\oag\oag_2020-21_county-fund_kisii-county-veterinary-services-develop.pdf,2026-06-12T11:29:31.582643
1094,Kisii County Veterinary Services Development Fund,2020/21,county_fund,https://www.oagkenya.go.ke/wp-content/uploads/2023/02/Kisii-County-Veterinary-Services-Development-Fund-2020-2021.pdf,C:\Users\user\Data_Science_Course\kenya_public_finance_intelligence\kenya_public_finance_intelligence\data\raw\oag\oag_2020-21_county-fund_kisii-county-veterinary-services-develop.pdf,2026-06-12T11:29:31.582657
1095,Nandi County Executive Committe Car Loan & Mortgage Scheme Fund,2020/21,county_executive,https://www.oagkenya.go.ke/wp-content/uploads/2023/02/Nandi-County-Executive-Committe-Car-Loan-Mortgage-Scheme-Fund-2020-2021.pdf#new_tab,C:\Users\user\Data_Science_Course\kenya_public_finance_intelligence\kenya_public_finance_intelligence\data\raw\oag\oag_2020-21_county-executive_nandi-county-executive-committe-car-loan.pdf,2026-06-12T11:29:31.582869
1096,Nandi County Executive Committe Car Loan & Mortgage Scheme Fund,2020/21,county_executive,https://www.oagkenya.go.ke/wp-content/uploads/2023/02/Nandi-County-Executive-Committe-Car-Loan-Mortgage-Scheme-Fund-2020-2021.pdf,C:\Users\user\Data_Science_Course\kenya_public_finance_intelligence\kenya_public_finance_intelligence\data\raw\oag\oag_2020-21_county-executive_nandi-county-executive-committe-car-loan.pdf,2026-06-12T11:29:31.582881
1097,"West Pokot County Bursary, Educational, Development and Infrastructure Fund",2020/21,county_fund,https://www.oagkenya.go.ke/wp-content/uploads/2023/02/WEST-POKOT-COUNTY-BURSARY-EDUCATIONAL-DEVELOPMENT-AND-INFRASTRUCTURE-FUND-2020-2021.pdf#new_tab,C:\Users\user\Data_Science_Course\kenya_public_finance_intelligence\kenya_public_finance_intelligence\data\raw\oag\oag_2020-21_county-fund_west-pokot-county-bursary-educational-de.pdf,2026-06-12T11:29:31.583120
1098,"West Pokot County Bursary, Educational, Development and Infrastructure Fund",2020/21,county_fund,https://www.oagkenya.go.ke/wp-content/uploads/2023/02/WEST-POKOT-COUNTY-BURSARY-EDUCATIONAL-DEVELOPMENT-AND-INFRASTRUCTURE-FUND-2020-2021.pdf,C:\Users\user\Data_Science_Course\kenya_public_finance_intelligence\kenya_public_finance_intelligence\data\raw\oag\oag_2020-21_county-fund_west-pokot-county-bursary-educational-de.pdf,2026-06-12T11:29:31.583136
1099,Turkana County Biashara Fund,2020/21,county_fund,https://www.oagkenya.go.ke/wp-content/uploads/2023/02/Turkana-County-Biashara-Fund-2020-2021.pdf#new_tab,C:\Users\user\Data_Science_Course\kenya_public_finance_intelligence\kenya_public_finance_intelligence\data\raw\oag\oag_2020-21_county-fund_turkana-county-biashara-fund.pdf,2026-06-12T11:29:31.583351
1100,Turkana County Biashara Fund,2020/21,county_fund,https://www.oagkenya.go.ke/wp-content/uploads/2023/02/Turkana-County-Biashara-Fund-2020-2021.pdf,C:\Users\user\Data_Science_Course\kenya_public_finance_intelligence\kenya_public_finance_intelligence\data\raw\oag\oag_2020-21_county-fund_turkana-county-biashara-fund.pdf,2026-06-12T11:29:31.583365
1101,Bomet County Executive Car Loan and Mortage Scheme Fund,2020/21,county_executive,https://www.oagkenya.go.ke/wp-content/uploads/2023/02/Bomet-County-Executive-Car-Loan-and-Mortage-Scheme-Fund-2020-2021.pdf#new_tab,C:\Users\user\Data_Science_Course\kenya_public_finance_intelligence\kenya_public_finance_intelligence\data\raw\oag\oag_2020-21_county-executive_bomet-county-executive-car-loan-and-mort.pdf,2026-06-12T11:29:31.583576
1102,Bomet County Executive Car Loan and Mortage Scheme Fund,2020/21,county_executive,https://www.oagkenya.go.ke/wp-content/uploads/2023/02/Bomet-County-Executive-Car-Loan-and-Mortage-Scheme-Fund-2020-2021.pdf,C:\Users\user\Data_Science_Course\kenya_public_finance_intelligence\kenya_public_finance_intelligence\data\raw\oag\oag_2020-21_county-executive_bomet-county-executive-car-loan-and-mort.pdf,2026-06-12T11:29:31.583588
1103,Nandi County Executive Education Fund,2020/21,county_executive,https://www.oagkenya.go.ke/wp-content/uploads/2023/02/NANDI-COUNTY-EXECUTIVE-EDUCATION-FUND-2020-2021.pdf#new_tab,C:\Users\user\Data_Science_Course\kenya_public_finance_intelligence\kenya_public_finance_intelligence\data\raw\oag\oag_2020-21_county-executive_nandi-county-executive-education-fund.pdf,2026-06-12T11:29:31.583800
1104,Nandi County Executive Education Fund,2020/21,county_executive,https://www.oagkenya.go.ke/wp-content/uploads/2023/02/NANDI-COUNTY-EXECUTIVE-EDUCATION-FUND-2020-2021.pdf,C:\Users\user\Data_Science_Course\kenya_public_finance_intelligence\kenya_public_finance_intelligence\data\raw\oag\oag_2020-21_county-executive_nandi-county-executive-education-fund.pdf,2026-06-12T11:29:31.583811
1105,Turkana County Covid-19 Emergency Response Fund,2020/21,county_fund,https://www.oagkenya.go.ke/wp-content/uploads/2023/02/Turkana-County-Covid-19-Emergency-Response-Fund-2020-2021.pdf#new_tab,C:\Users\user\Data_Science_Course\kenya_public_finance_intelligence\kenya_public_finance_intelligence\data\raw\oag\oag_2020-21_county-fund_turkana-county-covid-19-emergency-respon.pdf,2026-06-12T11:29:31.584053
1106,Turkana County Covid-19 Emergency Response Fund,2020/21,county_fund,https://www.oagkenya.go.ke/wp-content/uploads/2023/02/Turkana-County-Covid-19-Emergency-Response-Fund-2020-2021.pdf,C:\Users\user\Data_Science_Course\kenya_public_finance_intelligence\kenya_public_finance_intelligence\data\raw\oag\oag_2020-21_county-fund_turkana-county-covid-19-emergency-respon.pdf,2026-06-12T11:29:31.584069
1107,Turkana County Youth and Women Empowerment Fund,2020/21,county_fund,https://www.oagkenya.go.ke/wp-content/uploads/2023/02/TURKANA-COUNTY-YOUTH-AND-WOMEN-EMPOWERMENT-FUND-2020-2021.pdf#new_tab,C:\Users\user\Data_Science_Course\kenya_public_finance_intelligence\kenya_public_finance_intelligence\data\raw\oag\oag_2020-21_county-fund_turkana-county-youth-and-women-empowerme.pdf,2026-06-12T11:29:31.584289
1108,Turkana County Youth and Women Empowerment Fund,2020/21,county_fund,https://www.oagkenya.go.ke/wp-content/uploads/2023/02/TURKANA-COUNTY-YOUTH-AND-WOMEN-EMPOWERMENT-FUND-2020-2021.pdf,C:\Users\user\Data_Science_Course\kenya_public_finance_intelligence\kenya_public_finance_intelligence\data\raw\oag\oag_2020-21_county-fund_turkana-county-youth-and-women-empowerme.pdf,2026-06-12T11:29:31.584303
1109,Kericho County Emergency Fund,2020/21,county_fund,https://www.oagkenya.go.ke/wp-content/uploads/2023/02/Kericho-County-Emergency-Fund-2020-2021.pdf#new_tab,C:\Users\user\Data_Science_Course\kenya_public_finance_intelligence\kenya_public_finance_intelligence\data\raw\oag\oag_2020-21_county-fund_kericho-county-emergency-fund.pdf,2026-06-12T11:29:31.584516
1110,Kericho County Emergency Fund,2020/21,county_fund,https://www.oagkenya.go.ke/wp-content/uploads/2023/02/Kericho-County-Emergency-Fund-2020-2021.pdf,C:\Users\user\Data_Science_Course\kenya_public_finance_intelligence\kenya_public_finance_intelligence\data\raw\oag\oag_2020-21_county-fund_kericho-county-emergency-fund.pdf,2026-06-12T11:29:31.584529
1111,Siaya Alcoholic Drinks Control Fund,2020/21,county_fund,https://www.oagkenya.go.ke/wp-content/uploads/2023/02/SIAYA-ALCOHOLIC-DRINKS-FUND-2020-2021.pdf#new_tab,C:\Users\user\Data_Science_Course\kenya_public_finance_intelligence\kenya_public_finance_intelligence\data\raw\oag\oag_2020-21_county-fund_siaya-alcoholic-drinks-control-fund.pdf,2026-06-12T11:29:31.584741
1112,Siaya Alcoholic Drinks Control Fund,2020/21,county_fund,https://www.oagkenya.go.ke/wp-content/uploads/2023/02/SIAYA-ALCOHOLIC-DRINKS-FUND-2020-2021.pdf,C:\Users\user\Data_Science_Course\kenya_public_finance_intelligence\kenya_public_finance_intelligence\data\raw\oag\oag_2020-21_county-fund_siaya-alcoholic-drinks-control-fund.pdf,2026-06-12T11:29:31.584755
1113,Kericho County Bursary Fund,2020/21,county_fund,https://www.oagkenya.go.ke/wp-content/uploads/2023/02/Kericho-County-Bursary-Fund-2020-2021.pdf#new_tab,C:\Users\user\Data_Science_Course\kenya_public_finance_intelligence\kenya_public_finance_intelligence\data\raw\oag\oag_2020-21_county-fund_kericho-county-bursary-fund.pdf,2026-06-12T11:29:31.584969
1114,Kericho County Bursary Fund,2020/21,county_fund,https://www.oagkenya.go.ke/wp-content/uploads/2023/02/Kericho-County-Bursary-Fund-2020-2021.pdf,C:\Users\user\Data_Science_Course\kenya_public_finance_intelligence\kenya_public_finance_intelligence\data\raw\oag\oag_2020-21_county-fund_kericho-county-bursary-fund.pdf,2026-06-12T11:29:31.584984
1115,Kericho County Executive Staff Car Loan Fund,2020/21,county_executive,https://www.oagkenya.go.ke/wp-content/uploads/2023/02/Kericho-County-Executive-Staff-Car-Loan-Fund-2020-2021-.pdf#new_tab,C:\Users\user\Data_Science_Course\kenya_public_finance_intelligence\kenya_public_finance_intelligence\data\raw\oag\oag_2020-21_county-executive_kericho-county-executive-staff-car-loan-.pdf,2026-06-12T11:29:31.585211
1116,Kericho County Executive Staff Car Loan Fund,2020/21,county_executive,https://www.oagkenya.go.ke/wp-content/uploads/2023/02/Kericho-County-Executive-Staff-Car-Loan-Fund-2020-2021-.pdf,C:\Users\user\Data_Science_Course\kenya_public_finance_intelligence\kenya_public_finance_intelligence\data\raw\oag\oag_2020-21_county-executive_kericho-county-executive-staff-car-loan-.pdf,2026-06-12T11:29:31.585223
1117,Laikipia County Education Bursary Fund,2020/21,county_fund,https://www.oagkenya.go.ke/wp-content/uploads/2023/02/Laikipia-county-education-Bursary-Fund-2020-2021.pdf#new_tab,C:\Users\user\Data_Science_Course\kenya_public_finance_intelligence\kenya_public_finance_intelligence\data\raw\oag\oag_2020-21_county-fund_laikipia-county-education-bursary-fund.pdf,2026-06-12T11:29:31.585434
1118,Laikipia County Education Bursary Fund,2020/21,county_fund,https://www.oagkenya.go.ke/wp-content/uploads/2023/02/Laikipia-county-education-Bursary-Fund-2020-2021.pdf,C:\Users\user\Data_Science_Course\kenya_public_finance_intelligence\kenya_public_finance_intelligence\data\raw\oag\oag_2020-21_county-fund_laikipia-county-education-bursary-fund.pdf,2026-06-12T11:29:31.585448
1119,Baringo Community Wildlife Fund 2020- 2021,2020/21,county_fund,https://www.oagkenya.go.ke/wp-content/uploads/2023/02/Baringo-Community-Wildlife-Fund-2020-2021.pdf#new_tab,C:\Users\user\Data_Science_Course\kenya_public_finance_intelligence\kenya_public_finance_intelligence\data\raw\oag\oag_2020-21_county-fund_baringo-community-wildlife-fund-2020--20.pdf,2026-06-12T11:29:31.585659
1120,Baringo Community Wildlife Fund 2020- 2021,2020/21,county_fund,https://www.oagkenya.go.ke/wp-content/uploads/2023/02/Baringo-Community-Wildlife-Fund-2020-2021.pdf,C:\Users\user\Data_Science_Course\kenya_public_finance_intelligence\kenya_public_finance_intelligence\data\raw\oag\oag_2020-21_county-fund_baringo-community-wildlife-fund-2020--20.pdf,2026-06-12T11:29:31.585672
1121,Embu County Emergency Fund,2020/21,county_fund,https://www.oagkenya.go.ke/wp-content/uploads/2023/02/Embu-County-Emergency-Fund-2020-2021.pdf#new_tab,C:\Users\user\Data_Science_Course\kenya_public_finance_intelligence\kenya_public_finance_intelligence\data\raw\oag\oag_2020-21_county-fund_embu-county-emergency-fund.pdf,2026-06-12T11:29:31.585881
1122,Embu County Emergency Fund,2020/21,county_fund,https://www.oagkenya.go.ke/wp-content/uploads/2023/02/Embu-County-Emergency-Fund-2020-2021.pdf,C:\Users\user\Data_Science_Course\kenya_public_finance_intelligence\kenya_public_finance_intelligence\data\raw\oag\oag_2020-21_county-fund_embu-county-emergency-fund.pdf,2026-06-12T11:29:31.585895
1123,West Pokot County Car Loan and Mortgage Scheme Fund,2020/21,county_fund,https://www.oagkenya.go.ke/wp-content/uploads/2023/02/WEST-POKOT-COUNTY-CAR-LOAN-AND-MORTGAGE-SCHEME-FUND-2020-2021.pdf#new_tab,C:\Users\user\Data_Science_Course\kenya_public_finance_intelligence\kenya_public_finance_intelligence\data\raw\oag\oag_2020-21_county-fund_west-pokot-county-car-loan-and-mortgage-.pdf,2026-06-12T11:29:31.586124
1124,West Pokot County Car Loan and Mortgage Scheme Fund,2020/21,county_fund,https://www.oagkenya.go.ke/wp-content/uploads/2023/02/WEST-POKOT-COUNTY-CAR-LOAN-AND-MORTGAGE-SCHEME-FUND-2020-2021.pdf,C:\Users\user\Data_Science_Course\kenya_public_finance_intelligence\kenya_public_finance_intelligence\data\raw\oag\oag_2020-21_county-fund_west-pokot-county-car-loan-and-mortgage-.pdf,2026-06-12T11:29:31.586139
1125,Baringo County Bursary & Scholarship,2020/21,county_fund,https://www.oagkenya.go.ke/wp-content/uploads/2023/02/Baringo-County-Bursary-Scholarship-Fund-2020-2021-.pdf#new_tab,C:\Users\user\Data_Science_Course\kenya_public_finance_intelligence\kenya_public_finance_intelligence\data\raw\oag\oag_2020-21_county-fund_baringo-county-bursary-scholarship.pdf,2026-06-12T11:29:31.586352
1126,Baringo County Bursary & Scholarship,2020/21,county_fund,https://www.oagkenya.go.ke/wp-content/uploads/2023/02/Baringo-County-Bursary-Scholarship-Fund-2020-2021-.pdf,C:\Users\user\Data_Science_Course\kenya_public_finance_intelligence\kenya_public_finance_intelligence\data\raw\oag\oag_2020-21_county-fund_baringo-county-bursary-scholarship.pdf,2026-06-12T11:29:31.586366
1127,Nakuru Car Loan & Morgage Scheme Fund,2020/21,county_fund,https://www.oagkenya.go.ke/wp-content/uploads/2023/02/NAKURU-CAR-LOAN-MORTGAGE-SCHEME-FUND-2020-2021.pdf#new_tab,C:\Users\user\Data_Science_Course\kenya_public_finance_intelligence\kenya_public_finance_intelligence\data\raw\oag\oag_2020-21_county-fund_nakuru-car-loan-morgage-scheme-fund.pdf,2026-06-12T11:29:31.586577
1128,Nakuru Car Loan & Morgage Scheme Fund,2020/21,county_fund,https://www.oagkenya.go.ke/wp-content/uploads/2023/02/NAKURU-CAR-LOAN-MORTGAGE-SCHEME-FUND-2020-2021.pdf,C:\Users\user\Data_Science_Course\kenya_public_finance_intelligence\kenya_public_finance_intelligence\data\raw\oag\oag_2020-21_county-fund_nakuru-car-loan-morgage-scheme-fund.pdf,2026-06-12T11:29:31.586591
1129,Lamu County Bursary and Scholarship Fund,2020/21,county_fund,https://www.oagkenya.go.ke/wp-content/uploads/2023/02/Lamu-County-Bursary-and-Scholarship-Fund-2020-2021.pdf#new_tab,C:\Users\user\Data_Science_Course\kenya_public_finance_intelligence\kenya_public_finance_intelligence\data\raw\oag\oag_2020-21_county-fund_lamu-county-bursary-and-scholarship-fund.pdf,2026-06-12T11:29:31.586801
1130,Lamu County Bursary and Scholarship Fund,2020/21,county_fund,https://www.oagkenya.go.ke/wp-content/uploads/2023/02/Lamu-County-Bursary-and-Scholarship-Fund-2020-2021.pdf,C:\Users\user\Data_Science_Course\kenya_public_finance_intelligence\kenya_public_finance_intelligence\data\raw\oag\oag_2020-21_county-fund_lamu-county-bursary-and-scholarship-fund.pdf,2026-06-12T11:29:31.586816
1131,Laikipia County Emergency Fund,2020/21,county_fund,https://www.oagkenya.go.ke/wp-content/uploads/2023/02/LAIKIPIA-COUNTY-EMERGENCY-FUND-2020-2021-.pdf#new_tab,C:\Users\user\Data_Science_Course\kenya_public_finance_intelligence\kenya_public_finance_intelligence\data\raw\oag\oag_2020-21_county-fund_laikipia-county-emergency-fund.pdf,2026-06-12T11:29:31.587037
1132,Laikipia County Emergency Fund,2020/21,county_fund,https://www.oagkenya.go.ke/wp-content/uploads/2023/02/LAIKIPIA-COUNTY-EMERGENCY-FUND-2020-2021-.pdf,C:\Users\user\Data_Science_Course\kenya_public_finance_intelligence\kenya_public_finance_intelligence\data\raw\oag\oag_2020-21_county-fund_laikipia-county-emergency-fund.pdf,2026-06-12T11:29:31.587052
1133,Lamu County Disability Development Fund,2020/21,county_fund,https://www.oagkenya.go.ke/wp-content/uploads/2023/02/LAMU-COUNTY-DISABILITY-DEVELOPMENT-FUND-2020-2021.pdf#new_tab,C:\Users\user\Data_Science_Course\kenya_public_finance_intelligence\kenya_public_finance_intelligence\data\raw\oag\oag_2020-21_county-fund_lamu-county-disability-development-fund.pdf,2026-06-12T11:29:31.587267
1134,Lamu County Disability Development Fund,2020/21,county_fund,https://www.oagkenya.go.ke/wp-content/uploads/2023/02/LAMU-COUNTY-DISABILITY-DEVELOPMENT-FUND-2020-2021.pdf,C:\Users\user\Data_Science_Course\kenya_public_finance_intelligence\kenya_public_finance_intelligence\data\raw\oag\oag_2020-21_county-fund_lamu-county-disability-development-fund.pdf,2026-06-12T11:29:31.587280
1135,Tana River County Ward Bursary Fund,2020/21,county_fund,https://www.oagkenya.go.ke/wp-content/uploads/2023/02/TANA-RIVER-COUNTY-WARD-BURSARY-FUND-2020-2021.pdf#new_tab,C:\Users\user\Data_Science_Course\kenya_public_finance_intelligence\kenya_public_finance_intelligence\data\raw\oag\oag_2020-21_county-fund_tana-river-county-ward-bursary-fund.pdf,2026-06-12T11:29:31.587491
1136,Tana River County Ward Bursary Fund,2020/21,county_fund,https://www.oagkenya.go.ke/wp-content/uploads/2023/02/TANA-RIVER-COUNTY-WARD-BURSARY-FUND-2020-2021.pdf,C:\Users\user\Data_Science_Course\kenya_public_finance_intelligence\kenya_public_finance_intelligence\data\raw\oag\oag_2020-21_county-fund_tana-river-county-ward-bursary-fund.pdf,2026-06-12T11:29:31.587504
1137,Nairobi County Assembly Car and Mortgage Scheme Fund,2020/21,county_assembly,https://www.oagkenya.go.ke/wp-content/uploads/2023/02/Nairobi-City-County-Assembly-Car-Loan-and-Mortgage-Scheme-Fund-.pdf#new_tab,C:\Users\user\Data_Science_Course\kenya_public_finance_intelligence\kenya_public_finance_intelligence\data\raw\oag\oag_2020-21_county-assembly_nairobi-county-assembly-car-and-mortgage.pdf,2026-06-12T11:29:31.587713
1138,Nairobi County Assembly Car and Mortgage Scheme Fund,2020/21,county_assembly,https://www.oagkenya.go.ke/wp-content/uploads/2023/02/Nairobi-City-County-Assembly-Car-Loan-and-Mortgage-Scheme-Fund-.pdf,C:\Users\user\Data_Science_Course\kenya_public_finance_intelligence\kenya_public_finance_intelligence\data\raw\oag\oag_2020-21_county-assembly_nairobi-county-assembly-car-and-mortgage.pdf,2026-06-12T11:29:31.587724
1139,West Pokot County Cooperative Development Fund,2020/21,county_fund,https://www.oagkenya.go.ke/wp-content/uploads/2023/01/West-Pokot-County-Co-operative-Development-Fund-2021.pdf#new_tab,C:\Users\user\Data_Science_Course\kenya_public_finance_intelligence\kenya_public_finance_intelligence\data\raw\oag\oag_2020-21_county-fund_west-pokot-county-cooperative-developmen.pdf,2026-06-12T11:29:31.587936
1140,West Pokot County Cooperative Development Fund,2020/21,county_fund,https://www.oagkenya.go.ke/wp-content/uploads/2023/01/West-Pokot-County-Co-operative-Development-Fund-2021.pdf,C:\Users\user\Data_Science_Course\kenya_public_finance_intelligence\kenya_public_finance_intelligence\data\raw\oag\oag_2020-21_county-fund_west-pokot-county-cooperative-developmen.pdf,2026-06-12T11:29:31.587950
1141,Vihiga Executive Car Loan and Mortgage Scheme Fund,2020/21,county_executive,https://www.oagkenya.go.ke/wp-content/uploads/2023/01/Vihiga-Executive-Car-Loan-and-Mortgage-Scheme-Fund-2021.pdf#new_tab,C:\Users\user\Data_Science_Course\kenya_public_finance_intelligence\kenya_public_finance_intelligence\data\raw\oag\oag_2020-21_county-executive_vihiga-executive-car-loan-and-mortgage-s.pdf,2026-06-12T11:29:31.588171
1142,Vihiga Executive Car Loan and Mortgage Scheme Fund,2020/21,county_executive,https://www.oagkenya.go.ke/wp-content/uploads/2023/01/Vihiga-Executive-Car-Loan-and-Mortgage-Scheme-Fund-2021.pdf,C:\Users\user\Data_Science_Course\kenya_public_finance_intelligence\kenya_public_finance_intelligence\data\raw\oag\oag_2020-21_county-executive_vihiga-executive-car-loan-and-mortgage-s.pdf,2026-06-12T11:29:31.588184
1143,Vihiga County Sports Fund,2020/21,county_fund,https://www.oagkenya.go.ke/wp-content/uploads/2023/01/Vihiga-County-Sports-Fund-2021.pdf#new_tab,C:\Users\user\Data_Science_Course\kenya_public_finance_intelligence\kenya_public_finance_intelligence\data\raw\oag\oag_2020-21_county-fund_vihiga-county-sports-fund.pdf,2026-06-12T11:29:31.588392
1144,Vihiga County Sports Fund,2020/21,county_fund,https://www.oagkenya.go.ke/wp-content/uploads/2023/01/Vihiga-County-Sports-Fund-2021.pdf,C:\Users\user\Data_Science_Course\kenya_public_finance_intelligence\kenya_public_finance_intelligence\data\raw\oag\oag_2020-21_county-fund_vihiga-county-sports-fund.pdf,2026-06-12T11:29:31.588405
1145,Uasin Gishu County Alcoholic Drinks Control Fund,2020/21,county_fund,https://www.oagkenya.go.ke/wp-content/uploads/2023/01/Uasin-Gishu-County-Alcoholic-Drinks-Control-Fund-2021.pdf#new_tab,C:\Users\user\Data_Science_Course\kenya_public_finance_intelligence\kenya_public_finance_intelligence\data\raw\oag\oag_2020-21_county-fund_uasin-gishu-county-alcoholic-drinks-cont.pdf,2026-06-12T11:29:31.588616
1146,Uasin Gishu County Alcoholic Drinks Control Fund,2020/21,county_fund,https://www.oagkenya.go.ke/wp-content/uploads/2023/01/Uasin-Gishu-County-Alcoholic-Drinks-Control-Fund-2021.pdf,C:\Users\user\Data_Science_Course\kenya_public_finance_intelligence\kenya_public_finance_intelligence\data\raw\oag\oag_2020-21_county-fund_uasin-gishu-county-alcoholic-drinks-cont.pdf,2026-06-12T11:29:31.588631
1147,Turkana County Executive State and Public Officers Car Loan and Mortgage Fund,2020/21,county_executive,https://www.oagkenya.go.ke/wp-content/uploads/2023/01/Turkana-County-Executive-State-and-Public-Officers-Car-Loan-and-Mortgage-Fund-2021.pdf#new_tab,C:\Users\user\Data_Science_Course\kenya_public_finance_intelligence\kenya_public_finance_intelligence\data\raw\oag\oag_2020-21_county-executive_turkana-county-executive-state-and-publi.pdf,2026-06-12T11:29:31.588842
1148,Turkana County Executive State and Public Officers Car Loan and Mortgage Fund,2020/21,county_executive,https://www.oagkenya.go.ke/wp-content/uploads/2023/01/Turkana-County-Executive-State-and-Public-Officers-Car-Loan-and-Mortgage-Fund-2021.pdf,C:\Users\user\Data_Science_Course\kenya_public_finance_intelligence\kenya_public_finance_intelligence\data\raw\oag\oag_2020-21_county-executive_turkana-county-executive-state-and-publi.pdf,2026-06-12T11:29:31.588854
1149,Turkana County Education and Skills Development Fund,2020/21,county_fund,https://www.oagkenya.go.ke/wp-content/uploads/2023/01/Turkana-County-Education-and-Skills-Development-Fund-2021.pdf#new_tab,C:\Users\user\Data_Science_Course\kenya_public_finance_intelligence\kenya_public_finance_intelligence\data\raw\oag\oag_2020-21_county-fund_turkana-county-education-and-skills-deve.pdf,2026-06-12T11:29:31.589081
1150,Turkana County Education and Skills Development Fund,2020/21,county_fund,https://www.oagkenya.go.ke/wp-content/uploads/2023/01/Turkana-County-Education-and-Skills-Development-Fund-2021.pdf,C:\Users\user\Data_Science_Course\kenya_public_finance_intelligence\kenya_public_finance_intelligence\data\raw\oag\oag_2020-21_county-fund_turkana-county-education-and-skills-deve.pdf,2026-06-12T11:29:31.589096
1151,Tharaka Nithi County Emergency Fund,2020/21,county_fund,https://www.oagkenya.go.ke/wp-content/uploads/2023/01/Tharaka-Nithi-County-Emergency-Fund-2021.pdf#new_tab,C:\Users\user\Data_Science_Course\kenya_public_finance_intelligence\kenya_public_finance_intelligence\data\raw\oag\oag_2020-21_county-fund_tharaka-nithi-county-emergency-fund.pdf,2026-06-12T11:29:31.589310
1152,Tharaka Nithi County Emergency Fund,2020/21,county_fund,https://www.oagkenya.go.ke/wp-content/uploads/2023/01/Tharaka-Nithi-County-Emergency-Fund-2021.pdf,C:\Users\user\Data_Science_Course\kenya_public_finance_intelligence\kenya_public_finance_intelligence\data\raw\oag\oag_2020-21_county-fund_tharaka-nithi-county-emergency-fund.pdf,2026-06-12T11:29:31.589324
1153,Taita Taveta County Datu Sawazisha Fund,2020/21,county_fund,https://www.oagkenya.go.ke/wp-content/uploads/2023/01/Taita-Taveta-County-Datu-Sawazisha-Fund-2021.pdf#new_tab,C:\Users\user\Data_Science_Course\kenya_public_finance_intelligence\kenya_public_finance_intelligence\data\raw\oag\oag_2020-21_county-fund_taita-taveta-county-datu-sawazisha-fund.pdf,2026-06-12T11:29:31.589534
1154,Taita Taveta County Datu Sawazisha Fund,2020/21,county_fund,https://www.oagkenya.go.ke/wp-content/uploads/2023/01/Taita-Taveta-County-Datu-Sawazisha-Fund-2021.pdf,C:\Users\user\Data_Science_Course\kenya_public_finance_intelligence\kenya_public_finance_intelligence\data\raw\oag\oag_2020-21_county-fund_taita-taveta-county-datu-sawazisha-fund.pdf,2026-06-12T11:29:31.589548
1155,Samburu County Youth and Women Enterprise Development Fund,2020/21,county_fund,https://www.oagkenya.go.ke/wp-content/uploads/2023/01/Samburu-County-Youth-and-Women-Enterprise-Development-Fund-2021-1.pdf#new_tab,C:\Users\user\Data_Science_Course\kenya_public_finance_intelligence\kenya_public_finance_intelligence\data\raw\oag\oag_2020-21_county-fund_samburu-county-youth-and-women-enterpris.pdf,2026-06-12T11:29:31.589762
1156,Samburu County Youth and Women Enterprise Development Fund,2020/21,county_fund,https://www.oagkenya.go.ke/wp-content/uploads/2023/01/Samburu-County-Youth-and-Women-Enterprise-Development-Fund-2021-1.pdf,C:\Users\user\Data_Science_Course\kenya_public_finance_intelligence\kenya_public_finance_intelligence\data\raw\oag\oag_2020-21_county-fund_samburu-county-youth-and-women-enterpris.pdf,2026-06-12T11:29:31.589776
1157,Samburu County Community Conservancies Fund,2020/21,county_fund,https://www.oagkenya.go.ke/wp-content/uploads/2023/01/Samburu-County-Community-Conservancies-Fund-2021.pdf#new_tab,C:\Users\user\Data_Science_Course\kenya_public_finance_intelligence\kenya_public_finance_intelligence\data\raw\oag\oag_2020-21_county-fund_samburu-county-community-conservancies-f.pdf,2026-06-12T11:29:31.590079
1158,Samburu County Community Conservancies Fund,2020/21,county_fund,https://www.oagkenya.go.ke/wp-content/uploads/2023/01/Samburu-County-Community-Conservancies-Fund-2021.pdf,C:\Users\user\Data_Science_Course\kenya_public_finance_intelligence\kenya_public_finance_intelligence\data\raw\oag\oag_2020-21_county-fund_samburu-county-community-conservancies-f.pdf,2026-06-12T11:29:31.590118
1159,Nyeri County Enterprise Fund,2020/21,county_fund,https://www.oagkenya.go.ke/wp-content/uploads/2023/01/Nyeri-County-Enterprise-Fund-2021.pdf#new_tab,C:\Users\user\Data_Science_Course\kenya_public_finance_intelligence\kenya_public_finance_intelligence\data\raw\oag\oag_2020-21_county-fund_nyeri-county-enterprise-fund.pdf,2026-06-12T11:29:31.590413
1160,Nyeri County Enterprise Fund,2020/21,county_fund,https://www.oagkenya.go.ke/wp-content/uploads/2023/01/Nyeri-County-Enterprise-Fund-2021.pdf,C:\Users\user\Data_Science_Course\kenya_public_finance_intelligence\kenya_public_finance_intelligence\data\raw\oag\oag_2020-21_county-fund_nyeri-county-enterprise-fund.pdf,2026-06-12T11:29:31.590430
1161,Nyandarua County Civil Servants Car Loan and Mortgage Scheme Fund,2020/21,county_fund,https://www.oagkenya.go.ke/wp-content/uploads/2023/01/Nyandarua-County-Civil-Servants-Car-Loan-and-Mortgage-Scheme-Fund-2021.pdf#new_tab,C:\Users\user\Data_Science_Course\kenya_public_finance_intelligence\kenya_public_finance_intelligence\data\raw\oag\oag_2020-21_county-fund_nyandarua-county-civil-servants-car-loan.pdf,2026-06-12T11:29:31.590976
1162,Nyandarua County Civil Servants Car Loan and Mortgage Scheme Fund,2020/21,county_fund,https://www.oagkenya.go.ke/wp-content/uploads/2023/01/Nyandarua-County-Civil-Servants-Car-Loan-and-Mortgage-Scheme-Fund-2021.pdf,C:\Users\user\Data_Science_Course\kenya_public_finance_intelligence\kenya_public_finance_intelligence\data\raw\oag\oag_2020-21_county-fund_nyandarua-county-civil-servants-car-loan.pdf,2026-06-12T11:29:31.591007
1163,Nyandarua County Bursary Fund,2020/21,county_fund,https://www.oagkenya.go.ke/wp-content/uploads/2023/01/Nyandarua-County-Bursary-Fund-2021.pdf#new_tab,C:\Users\user\Data_Science_Course\kenya_public_finance_intelligence\kenya_public_finance_intelligence\data\raw\oag\oag_2020-21_county-fund_nyandarua-county-bursary-fund.pdf,2026-06-12T11:29:31.591435
1164,Nyandarua County Bursary Fund,2020/21,county_fund,https://www.oagkenya.go.ke/wp-content/uploads/2023/01/Nyandarua-County-Bursary-Fund-2021.pdf,C:\Users\user\Data_Science_Course\kenya_public_finance_intelligence\kenya_public_finance_intelligence\data\raw\oag\oag_2020-21_county-fund_nyandarua-county-bursary-fund.pdf,2026-06-12T11:29:31.591454
1165,Nyamira County Executive Mortgage and Car Loan Fund,2020/21,county_executive,https://www.oagkenya.go.ke/wp-content/uploads/2023/01/Nyamira-County-Executive-Mortgage-and-Car-Loan-Fund_2021.pdf#new_tab,C:\Users\user\Data_Science_Course\kenya_public_finance_intelligence\kenya_public_finance_intelligence\data\raw\oag\oag_2020-21_county-executive_nyamira-county-executive-mortgage-and-ca.pdf,2026-06-12T11:29:31.591860
1166,Nyamira County Executive Mortgage and Car Loan Fund,2020/21,county_executive,https://www.oagkenya.go.ke/wp-content/uploads/2023/01/Nyamira-County-Executive-Mortgage-and-Car-Loan-Fund_2021.pdf,C:\Users\user\Data_Science_Course\kenya_public_finance_intelligence\kenya_public_finance_intelligence\data\raw\oag\oag_2020-21_county-executive_nyamira-county-executive-mortgage-and-ca.pdf,2026-06-12T11:29:31.591910
1167,Nyamira County Education Bursary Fund,2020/21,county_fund,https://www.oagkenya.go.ke/wp-content/uploads/2023/01/Nyamira-County-Education-Bursary-Fund-2021.pdf#new_tab,C:\Users\user\Data_Science_Course\kenya_public_finance_intelligence\kenya_public_finance_intelligence\data\raw\oag\oag_2020-21_county-fund_nyamira-county-education-bursary-fund.pdf,2026-06-12T11:29:31.592580
1168,Nyamira County Education Bursary Fund,2020/21,county_fund,https://www.oagkenya.go.ke/wp-content/uploads/2023/01/Nyamira-County-Education-Bursary-Fund-2021.pdf,C:\Users\user\Data_Science_Course\kenya_public_finance_intelligence\kenya_public_finance_intelligence\data\raw\oag\oag_2020-21_county-fund_nyamira-county-education-bursary-fund.pdf,2026-06-12T11:29:31.592603
1169,Mombasa County Consolidated Revolving Fund,2020/21,county_fund,https://www.oagkenya.go.ke/wp-content/uploads/2023/01/Mombasa-County-Consolidated-Revolving-Fund-2021.pdf#new_tab,C:\Users\user\Data_Science_Course\kenya_public_finance_intelligence\kenya_public_finance_intelligence\data\raw\oag\oag_2020-21_county-fund_mombasa-county-consolidated-revolving-fu.pdf,2026-06-12T11:29:31.592898
1170,Mombasa County Consolidated Revolving Fund,2020/21,county_fund,https://www.oagkenya.go.ke/wp-content/uploads/2023/01/Mombasa-County-Consolidated-Revolving-Fund-2021.pdf,C:\Users\user\Data_Science_Course\kenya_public_finance_intelligence\kenya_public_finance_intelligence\data\raw\oag\oag_2020-21_county-fund_mombasa-county-consolidated-revolving-fu.pdf,2026-06-12T11:29:31.592914
1171,Meru County Executive Staff Housing Fund,2020/21,county_executive,https://www.oagkenya.go.ke/wp-content/uploads/2023/01/Meru-County-Executive-Staff-Housing-Fund-2021.pdf#new_tab,C:\Users\user\Data_Science_Course\kenya_public_finance_intelligence\kenya_public_finance_intelligence\data\raw\oag\oag_2020-21_county-executive_meru-county-executive-staff-housing-fund.pdf,2026-06-12T11:29:31.593229
1172,Meru County Executive Staff Housing Fund,2020/21,county_executive,https://www.oagkenya.go.ke/wp-content/uploads/2023/01/Meru-County-Executive-Staff-Housing-Fund-2021.pdf,C:\Users\user\Data_Science_Course\kenya_public_finance_intelligence\kenya_public_finance_intelligence\data\raw\oag\oag_2020-21_county-executive_meru-county-executive-staff-housing-fund.pdf,2026-06-12T11:29:31.593243
1173,"Makueni County Youth, Men, Women, Persons with Disabilities and Table-Banking Groups Empowerment Fund",2020/21,county_fund,https://www.oagkenya.go.ke/wp-content/uploads/2023/01/Makueni-County-Youth-Men-Women-Persons-with-Disabilities-and-Table-Banking-Groups-Empowerment-Fund-2021.pdf#new_tab,C:\Users\user\Data_Science_Course\kenya_public_finance_intelligence\kenya_public_finance_intelligence\data\raw\oag\oag_2020-21_county-fund_makueni-county-youth-men-women-persons-w.pdf,2026-06-12T11:29:31.593464
1174,"Makueni County Youth, Men, Women, Persons with Disabilities and Table-Banking Groups Empowerment Fund",2020/21,county_fund,https://www.oagkenya.go.ke/wp-content/uploads/2023/01/Makueni-County-Youth-Men-Women-Persons-with-Disabilities-and-Table-Banking-Groups-Empowerment-Fund-2021.pdf,C:\Users\user\Data_Science_Course\kenya_public_finance_intelligence\kenya_public_finance_intelligence\data\raw\oag\oag_2020-21_county-fund_makueni-county-youth-men-women-persons-w.pdf,2026-06-12T11:29:31.593479
1175,Makueni County Emergency Fund,2020/21,county_fund,https://www.oagkenya.go.ke/wp-content/uploads/2023/01/Makueni-County-Emergency-Fund-2021.pdf#new_tab,C:\Users\user\Data_Science_Course\kenya_public_finance_intelligence\kenya_public_finance_intelligence\data\raw\oag\oag_2020-21_county-fund_makueni-county-emergency-fund.pdf,2026-06-12T11:29:31.593695
1176,Makueni County Emergency Fund,2020/21,county_fund,https://www.oagkenya.go.ke/wp-content/uploads/2023/01/Makueni-County-Emergency-Fund-2021.pdf,C:\Users\user\Data_Science_Course\kenya_public_finance_intelligence\kenya_public_finance_intelligence\data\raw\oag\oag_2020-21_county-fund_makueni-county-emergency-fund.pdf,2026-06-12T11:29:31.593709
1177,Lamu County Emergency Fund,2020/21,county_fund,https://www.oagkenya.go.ke/wp-content/uploads/2023/01/Lamu-County-Emergency-Fund-2021.pdf#new_tab,C:\Users\user\Data_Science_Course\kenya_public_finance_intelligence\kenya_public_finance_intelligence\data\raw\oag\oag_2020-21_county-fund_lamu-county-emergency-fund.pdf,2026-06-12T11:29:31.593925
1178,Lamu County Emergency Fund,2020/21,county_fund,https://www.oagkenya.go.ke/wp-content/uploads/2023/01/Lamu-County-Emergency-Fund-2021.pdf,C:\Users\user\Data_Science_Course\kenya_public_finance_intelligence\kenya_public_finance_intelligence\data\raw\oag\oag_2020-21_county-fund_lamu-county-emergency-fund.pdf,2026-06-12T11:29:31.593938
1179,Lake Bogoria Community Grant,2020/21,county_fund,https://www.oagkenya.go.ke/wp-content/uploads/2023/01/Lake-Bogoria-Community-Grant-2021.pdf#new_tab,C:\Users\user\Data_Science_Course\kenya_public_finance_intelligence\kenya_public_finance_intelligence\data\raw\oag\oag_2020-21_county-fund_lake-bogoria-community-grant.pdf,2026-06-12T11:29:31.594168
1180,Lake Bogoria Community Grant,2020/21,county_fund,https://www.oagkenya.go.ke/wp-content/uploads/2023/01/Lake-Bogoria-Community-Grant-2021.pdf,C:\Users\user\Data_Science_Course\kenya_public_finance_intelligence\kenya_public_finance_intelligence\data\raw\oag\oag_2020-21_county-fund_lake-bogoria-community-grant.pdf,2026-06-12T11:29:31.594182
1181,Laikipia County Executive Members Car Loan and Mortgage Scheme Fund,2020/21,county_executive,https://www.oagkenya.go.ke/wp-content/uploads/2023/01/Laikipia-County-Executive-Members-Car-Loan-and-Mortgage-Scheme-Fund-2021.pdf#new_tab,C:\Users\user\Data_Science_Course\kenya_public_finance_intelligence\kenya_public_finance_intelligence\data\raw\oag\oag_2020-21_county-executive_laikipia-county-executive-members-car-lo.pdf,2026-06-12T11:29:31.594394
1182,Laikipia County Executive Members Car Loan and Mortgage Scheme Fund,2020/21,county_executive,https://www.oagkenya.go.ke/wp-content/uploads/2023/01/Laikipia-County-Executive-Members-Car-Loan-and-Mortgage-Scheme-Fund-2021.pdf,C:\Users\user\Data_Science_Course\kenya_public_finance_intelligence\kenya_public_finance_intelligence\data\raw\oag\oag_2020-21_county-executive_laikipia-county-executive-members-car-lo.pdf,2026-06-12T11:29:31.594407
1183,Laikipia County Enterprise Fund,2020/21,county_fund,https://www.oagkenya.go.ke/wp-content/uploads/2023/01/Laikipia-County-Enterprise-Fund-2021.pdf#new_tab,C:\Users\user\Data_Science_Course\kenya_public_finance_intelligence\kenya_public_finance_intelligence\data\raw\oag\oag_2020-21_county-fund_laikipia-county-enterprise-fund.pdf,2026-06-12T11:29:31.594617
1184,Laikipia County Enterprise Fund,2020/21,county_fund,https://www.oagkenya.go.ke/wp-content/uploads/2023/01/Laikipia-County-Enterprise-Fund-2021.pdf,C:\Users\user\Data_Science_Course\kenya_public_finance_intelligence\kenya_public_finance_intelligence\data\raw\oag\oag_2020-21_county-fund_laikipia-county-enterprise-fund.pdf,2026-06-12T11:29:31.594630
1185,Laikipia County Cooperative Development Fund,2020/21,county_fund,https://www.oagkenya.go.ke/wp-content/uploads/2023/01/Laikipia-County-Co-operative-Development-Fund-2021-.pdf#new_tab,C:\Users\user\Data_Science_Course\kenya_public_finance_intelligence\kenya_public_finance_intelligence\data\raw\oag\oag_2020-21_county-fund_laikipia-county-cooperative-development-.pdf,2026-06-12T11:29:31.594841
1186,Laikipia County Cooperative Development Fund,2020/21,county_fund,https://www.oagkenya.go.ke/wp-content/uploads/2023/01/Laikipia-County-Co-operative-Development-Fund-2021-.pdf,C:\Users\user\Data_Science_Course\kenya_public_finance_intelligence\kenya_public_finance_intelligence\data\raw\oag\oag_2020-21_county-fund_laikipia-county-cooperative-development-.pdf,2026-06-12T11:29:31.594858
1187,Kwale County Trade Revolving Fund,2020/21,county_fund,https://www.oagkenya.go.ke/wp-content/uploads/2023/01/Kwale-County-Trade-Revolving-Fund-2021.pdf#new_tab,C:\Users\user\Data_Science_Course\kenya_public_finance_intelligence\kenya_public_finance_intelligence\data\raw\oag\oag_2020-21_county-fund_kwale-county-trade-revolving-fund.pdf,2026-06-12T11:29:31.595084
1188,Kwale County Trade Revolving Fund,2020/21,county_fund,https://www.oagkenya.go.ke/wp-content/uploads/2023/01/Kwale-County-Trade-Revolving-Fund-2021.pdf,C:\Users\user\Data_Science_Course\kenya_public_finance_intelligence\kenya_public_finance_intelligence\data\raw\oag\oag_2020-21_county-fund_kwale-county-trade-revolving-fund.pdf,2026-06-12T11:29:31.595098
1189,Kwale County Bursary Fund,2020/21,county_fund,https://www.oagkenya.go.ke/wp-content/uploads/2023/01/Kwale-County-Bursary-Fund-2021.pdf#new_tab,C:\Users\user\Data_Science_Course\kenya_public_finance_intelligence\kenya_public_finance_intelligence\data\raw\oag\oag_2020-21_county-fund_kwale-county-bursary-fund.pdf,2026-06-12T11:29:31.595306
1190,Kwale County Bursary Fund,2020/21,county_fund,https://www.oagkenya.go.ke/wp-content/uploads/2023/01/Kwale-County-Bursary-Fund-2021.pdf,C:\Users\user\Data_Science_Course\kenya_public_finance_intelligence\kenya_public_finance_intelligence\data\raw\oag\oag_2020-21_county-fund_kwale-county-bursary-fund.pdf,2026-06-12T11:29:31.595319
1191,Kisumu County Trade Fund,2020/21,county_fund,https://www.oagkenya.go.ke/wp-content/uploads/2023/01/Kisumu-County-Trade-Fund-2021.pdf#new_tab,C:\Users\user\Data_Science_Course\kenya_public_finance_intelligence\kenya_public_finance_intelligence\data\raw\oag\oag_2020-21_county-fund_kisumu-county-trade-fund.pdf,2026-06-12T11:29:31.595536
1192,Kisumu County Trade Fund,2020/21,county_fund,https://www.oagkenya.go.ke/wp-content/uploads/2023/01/Kisumu-County-Trade-Fund-2021.pdf,C:\Users\user\Data_Science_Course\kenya_public_finance_intelligence\kenya_public_finance_intelligence\data\raw\oag\oag_2020-21_county-fund_kisumu-county-trade-fund.pdf,2026-06-12T11:29:31.595550
1193,Kisumu County Car and Mortgage Scheme Fund,2020/21,county_executive,https://www.oagkenya.go.ke/wp-content/uploads/2023/01/Kisumu-County-Mortgage-and-Car-Loan-Executive-2021-.pdf#new_tab,C:\Users\user\Data_Science_Course\kenya_public_finance_intelligence\kenya_public_finance_intelligence\data\raw\oag\oag_2020-21_county-executive_kisumu-county-car-and-mortgage-scheme-fu.pdf,2026-06-12T11:29:31.595761
1194,Kisumu County Car and Mortgage Scheme Fund,2020/21,county_executive,https://www.oagkenya.go.ke/wp-content/uploads/2023/01/Kisumu-County-Mortgage-and-Car-Loan-Executive-2021-.pdf,C:\Users\user\Data_Science_Course\kenya_public_finance_intelligence\kenya_public_finance_intelligence\data\raw\oag\oag_2020-21_county-executive_kisumu-county-car-and-mortgage-scheme-fu.pdf,2026-06-12T11:29:31.595773
1195,Kirinyaga County Executive Car Loan and Mortgage Scheme Fund,2020/21,county_executive,https://www.oagkenya.go.ke/wp-content/uploads/2023/01/Kirinyaga-County-Executive-Car-Loan-and-Mortgage-Scheme-Fund-2021.pdf#new_tab,C:\Users\user\Data_Science_Course\kenya_public_finance_intelligence\kenya_public_finance_intelligence\data\raw\oag\oag_2020-21_county-executive_kirinyaga-county-executive-car-loan-and-.pdf,2026-06-12T11:29:31.595982
1196,Kirinyaga County Executive Car Loan and Mortgage Scheme Fund,2020/21,county_executive,https://www.oagkenya.go.ke/wp-content/uploads/2023/01/Kirinyaga-County-Executive-Car-Loan-and-Mortgage-Scheme-Fund-2021.pdf,C:\Users\user\Data_Science_Course\kenya_public_finance_intelligence\kenya_public_finance_intelligence\data\raw\oag\oag_2020-21_county-executive_kirinyaga-county-executive-car-loan-and-.pdf,2026-06-12T11:29:31.595994
1197,Kirinyaga County Executive Bursary Fund,2020/21,county_executive,https://www.oagkenya.go.ke/wp-content/uploads/2023/01/Kirinyaga-County-Executive-Bursary-Fund-2021.pdf#new_tab,C:\Users\user\Data_Science_Course\kenya_public_finance_intelligence\kenya_public_finance_intelligence\data\raw\oag\oag_2020-21_county-executive_kirinyaga-county-executive-bursary-fund.pdf,2026-06-12T11:29:31.596426
1198,Kirinyaga County Executive Bursary Fund,2020/21,county_executive,https://www.oagkenya.go.ke/wp-content/uploads/2023/01/Kirinyaga-County-Executive-Bursary-Fund-2021.pdf,C:\Users\user\Data_Science_Course\kenya_public_finance_intelligence\kenya_public_finance_intelligence\data\raw\oag\oag_2020-21_county-executive_kirinyaga-county-executive-bursary-fund.pdf,2026-06-12T11:29:31.596443
1199,Kirinyaga County Alcoholic Drinks and Substance Abuse Control Fund,2020/21,county_fund,https://www.oagkenya.go.ke/wp-content/uploads/2023/01/Kirinyaga-County-Alcoholic-Drinks-and-Substance-Abuse-Control-Fund-2021.pdf#new_tab,C:\Users\user\Data_Science_Course\kenya_public_finance_intelligence\kenya_public_finance_intelligence\data\raw\oag\oag_2020-21_county-fund_kirinyaga-county-alcoholic-drinks-and-su.pdf,2026-06-12T11:29:31.596661
1200,Kirinyaga County Alcoholic Drinks and Substance Abuse Control Fund,2020/21,county_fund,https://www.oagkenya.go.ke/wp-content/uploads/2023/01/Kirinyaga-County-Alcoholic-Drinks-and-Substance-Abuse-Control-Fund-2021.pdf,C:\Users\user\Data_Science_Course\kenya_public_finance_intelligence\kenya_public_finance_intelligence\data\raw\oag\oag_2020-21_county-fund_kirinyaga-county-alcoholic-drinks-and-su.pdf,2026-06-12T11:29:31.596675
1201,Kilifi County Health Services Improvement Fund,2020/21,county_fund,https://www.oagkenya.go.ke/wp-content/uploads/2023/01/Kilifi-County-Health-Services-Improvement-Fund-2021.pdf#new_tab,C:\Users\user\Data_Science_Course\kenya_public_finance_intelligence\kenya_public_finance_intelligence\data\raw\oag\oag_2020-21_county-fund_kilifi-county-health-services-improvemen.pdf,2026-06-12T11:29:31.596974
1202,Kilifi County Health Services Improvement Fund,2020/21,county_fund,https://www.oagkenya.go.ke/wp-content/uploads/2023/01/Kilifi-County-Health-Services-Improvement-Fund-2021.pdf,C:\Users\user\Data_Science_Course\kenya_public_finance_intelligence\kenya_public_finance_intelligence\data\raw\oag\oag_2020-21_county-fund_kilifi-county-health-services-improvemen.pdf,2026-06-12T11:29:31.596990
1203,Kilifi County Emergency Fund,2020/21,county_fund,https://www.oagkenya.go.ke/wp-content/uploads/2023/01/Kilifi-County-Emergency-Fund-2021.pdf#new_tab,C:\Users\user\Data_Science_Course\kenya_public_finance_intelligence\kenya_public_finance_intelligence\data\raw\oag\oag_2020-21_county-fund_kilifi-county-emergency-fund.pdf,2026-06-12T11:29:31.597239
1204,Kilifi County Emergency Fund,2020/21,county_fund,https://www.oagkenya.go.ke/wp-content/uploads/2023/01/Kilifi-County-Emergency-Fund-2021.pdf,C:\Users\user\Data_Science_Course\kenya_public_finance_intelligence\kenya_public_finance_intelligence\data\raw\oag\oag_2020-21_county-fund_kilifi-county-emergency-fund.pdf,2026-06-12T11:29:31.597254
1205,Kakamega County Farm Inputs Fund,2020/21,county_fund,https://www.oagkenya.go.ke/wp-content/uploads/2023/01/Kakamega-County-Farm-Inputs-Fund-2021.pdf#new_tab,C:\Users\user\Data_Science_Course\kenya_public_finance_intelligence\kenya_public_finance_intelligence\data\raw\oag\oag_2020-21_county-fund_kakamega-county-farm-inputs-fund.pdf,2026-06-12T11:29:31.597469
1206,Kakamega County Farm Inputs Fund,2020/21,county_fund,https://www.oagkenya.go.ke/wp-content/uploads/2023/01/Kakamega-County-Farm-Inputs-Fund-2021.pdf,C:\Users\user\Data_Science_Course\kenya_public_finance_intelligence\kenya_public_finance_intelligence\data\raw\oag\oag_2020-21_county-fund_kakamega-county-farm-inputs-fund.pdf,2026-06-12T11:29:31.597483
1207,Kajiado County Youth and Women Enterprise Fund,2020/21,county_fund,https://www.oagkenya.go.ke/wp-content/uploads/2023/01/Kajiado-County-Youth-and-Women-Enterprise-Fund-2021.pdf#new_tab,C:\Users\user\Data_Science_Course\kenya_public_finance_intelligence\kenya_public_finance_intelligence\data\raw\oag\oag_2020-21_county-fund_kajiado-county-youth-and-women-enterpris.pdf,2026-06-12T11:29:31.597698
1208,Kajiado County Youth and Women Enterprise Fund,2020/21,county_fund,https://www.oagkenya.go.ke/wp-content/uploads/2023/01/Kajiado-County-Youth-and-Women-Enterprise-Fund-2021.pdf,C:\Users\user\Data_Science_Course\kenya_public_finance_intelligence\kenya_public_finance_intelligence\data\raw\oag\oag_2020-21_county-fund_kajiado-county-youth-and-women-enterpris.pdf,2026-06-12T11:29:31.597713
1209,Isiolo County Education Bursary Fund,2020/21,county_fund,https://www.oagkenya.go.ke/wp-content/uploads/2023/01/Isiolo-County-Education-Bursary-Fund-2021-.pdf#new_tab,C:\Users\user\Data_Science_Course\kenya_public_finance_intelligence\kenya_public_finance_intelligence\data\raw\oag\oag_2020-21_county-fund_isiolo-county-education-bursary-fund.pdf,2026-06-12T11:29:31.597928
1210,Isiolo County Education Bursary Fund,2020/21,county_fund,https://www.oagkenya.go.ke/wp-content/uploads/2023/01/Isiolo-County-Education-Bursary-Fund-2021-.pdf,C:\Users\user\Data_Science_Course\kenya_public_finance_intelligence\kenya_public_finance_intelligence\data\raw\oag\oag_2020-21_county-fund_isiolo-county-education-bursary-fund.pdf,2026-06-12T11:29:31.597944
1211,Homa Bay County Executive Car Loan and Mortgage (Members) Scheme Fund,2020/21,county_executive,https://www.oagkenya.go.ke/wp-content/uploads/2023/01/Homa-Bay-County-Executive-Car-Loan-and-Mortgage-Members-Scheme-Fund-2021-.pdf#new_tab,C:\Users\user\Data_Science_Course\kenya_public_finance_intelligence\kenya_public_finance_intelligence\data\raw\oag\oag_2020-21_county-executive_homa-bay-county-executive-car-loan-and-m.pdf,2026-06-12T11:29:31.598179
1212,Homa Bay County Executive Car Loan and Mortgage (Members) Scheme Fund,2020/21,county_executive,https://www.oagkenya.go.ke/wp-content/uploads/2023/01/Homa-Bay-County-Executive-Car-Loan-and-Mortgage-Members-Scheme-Fund-2021-.pdf,C:\Users\user\Data_Science_Course\kenya_public_finance_intelligence\kenya_public_finance_intelligence\data\raw\oag\oag_2020-21_county-executive_homa-bay-county-executive-car-loan-and-m.pdf,2026-06-12T11:29:31.598192
1213,Garissa County Scholarship Fund,2020/21,county_fund,https://www.oagkenya.go.ke/wp-content/uploads/2023/01/Garissa-County-Scholarship-Fund-2021.pdf#new_tab,C:\Users\user\Data_Science_Course\kenya_public_finance_intelligence\kenya_public_finance_intelligence\data\raw\oag\oag_2020-21_county-fund_garissa-county-scholarship-fund.pdf,2026-06-12T11:29:31.598409
1214,Garissa County Scholarship Fund,2020/21,county_fund,https://www.oagkenya.go.ke/wp-content/uploads/2023/01/Garissa-County-Scholarship-Fund-2021.pdf,C:\Users\user\Data_Science_Course\kenya_public_finance_intelligence\kenya_public_finance_intelligence\data\raw\oag\oag_2020-21_county-fund_garissa-county-scholarship-fund.pdf,2026-06-12T11:29:31.598422
1215,Garissa County Emergency Fund,2020/21,county_fund,https://www.oagkenya.go.ke/wp-content/uploads/2023/01/Garissa-County-Emergency-Fund-2021.pdf#new_tab,C:\Users\user\Data_Science_Course\kenya_public_finance_intelligence\kenya_public_finance_intelligence\data\raw\oag\oag_2020-21_county-fund_garissa-county-emergency-fund.pdf,2026-06-12T11:29:31.598640
1216,Garissa County Emergency Fund,2020/21,county_fund,https://www.oagkenya.go.ke/wp-content/uploads/2023/01/Garissa-County-Emergency-Fund-2021.pdf,C:\Users\user\Data_Science_Course\kenya_public_finance_intelligence\kenya_public_finance_intelligence\data\raw\oag\oag_2020-21_county-fund_garissa-county-emergency-fund.pdf,2026-06-12T11:29:31.598653
1217,Embu County Youth Trust Fund,2020/21,county_fund,https://www.oagkenya.go.ke/wp-content/uploads/2023/01/Embu-County-Youth-Trust-Fund-2021.pdf#new_tab,C:\Users\user\Data_Science_Course\kenya_public_finance_intelligence\kenya_public_finance_intelligence\data\raw\oag\oag_2020-21_county-fund_embu-county-youth-trust-fund.pdf,2026-06-12T11:29:31.598868
1218,Embu County Youth Trust Fund,2020/21,county_fund,https://www.oagkenya.go.ke/wp-content/uploads/2023/01/Embu-County-Youth-Trust-Fund-2021.pdf,C:\Users\user\Data_Science_Course\kenya_public_finance_intelligence\kenya_public_finance_intelligence\data\raw\oag\oag_2020-21_county-fund_embu-county-youth-trust-fund.pdf,2026-06-12T11:29:31.598882
1219,Embu County Executive Car Loan and Mortgage (Committee Members) Scheme Fund,2020/21,county_executive,https://www.oagkenya.go.ke/wp-content/uploads/2023/01/Embu-County-Executive-Car-Loan-and-Mortgage-Committee-Members-Scheme-Fund-2021.pdf#new_tab,C:\Users\user\Data_Science_Course\kenya_public_finance_intelligence\kenya_public_finance_intelligence\data\raw\oag\oag_2020-21_county-executive_embu-county-executive-car-loan-and-mortg.pdf,2026-06-12T11:29:31.599113
1220,Embu County Executive Car Loan and Mortgage (Committee Members) Scheme Fund,2020/21,county_executive,https://www.oagkenya.go.ke/wp-content/uploads/2023/01/Embu-County-Executive-Car-Loan-and-Mortgage-Committee-Members-Scheme-Fund-2021.pdf,C:\Users\user\Data_Science_Course\kenya_public_finance_intelligence\kenya_public_finance_intelligence\data\raw\oag\oag_2020-21_county-executive_embu-county-executive-car-loan-and-mortg.pdf,2026-06-12T11:29:31.599126
1221,Elgeyo Marakwet Alcoholic Drinks Control Fund,2020/21,county_fund,https://www.oagkenya.go.ke/wp-content/uploads/2023/01/Elgeyo-Marakwet-Alcoholic-Drinks-Control-Fund-.pdf#new_tab,C:\Users\user\Data_Science_Course\kenya_public_finance_intelligence\kenya_public_finance_intelligence\data\raw\oag\oag_2020-21_county-fund_elgeyo-marakwet-alcoholic-drinks-control.pdf,2026-06-12T11:29:31.599342
1222,Elgeyo Marakwet Alcoholic Drinks Control Fund,2020/21,county_fund,https://www.oagkenya.go.ke/wp-content/uploads/2023/01/Elgeyo-Marakwet-Alcoholic-Drinks-Control-Fund-.pdf,C:\Users\user\Data_Science_Course\kenya_public_finance_intelligence\kenya_public_finance_intelligence\data\raw\oag\oag_2020-21_county-fund_elgeyo-marakwet-alcoholic-drinks-control.pdf,2026-06-12T11:29:31.599356
1223,Diani Municipal Board,2020/21,county_fund,https://www.oagkenya.go.ke/wp-content/uploads/2023/01/Diani-Municipal-Board-2021.pdf#new_tab,C:\Users\user\Data_Science_Course\kenya_public_finance_intelligence\kenya_public_finance_intelligence\data\raw\oag\oag_2020-21_county-fund_diani-municipal-board.pdf,2026-06-12T11:29:31.599568
1224,Diani Municipal Board,2020/21,county_fund,https://www.oagkenya.go.ke/wp-content/uploads/2023/01/Diani-Municipal-Board-2021.pdf,C:\Users\user\Data_Science_Course\kenya_public_finance_intelligence\kenya_public_finance_intelligence\data\raw\oag\oag_2020-21_county-fund_diani-municipal-board.pdf,2026-06-12T11:29:31.599581
1225,County Government of Marsabit Car Loan Fund,2020/21,county_executive,https://www.oagkenya.go.ke/wp-content/uploads/2023/01/County-Government-of-Marsabit-Car-Loan-Fund-2021.pdf#new_tab,C:\Users\user\Data_Science_Course\kenya_public_finance_intelligence\kenya_public_finance_intelligence\data\raw\oag\oag_2020-21_county-executive_county-government-of-marsabit-car-loan-f.pdf,2026-06-12T11:29:31.599793
1226,County Government of Marsabit Car Loan Fund,2020/21,county_executive,https://www.oagkenya.go.ke/wp-content/uploads/2023/01/County-Government-of-Marsabit-Car-Loan-Fund-2021.pdf,C:\Users\user\Data_Science_Course\kenya_public_finance_intelligence\kenya_public_finance_intelligence\data\raw\oag\oag_2020-21_county-executive_county-government-of-marsabit-car-loan-f.pdf,2026-06-12T11:29:31.599805
1227,Busia County Cooperative Enterprise Fund,2020/21,county_fund,https://www.oagkenya.go.ke/wp-content/uploads/2023/01/Busia-County-Co-operative-Enterprise-Fund-2021.pdf#new_tab,C:\Users\user\Data_Science_Course\kenya_public_finance_intelligence\kenya_public_finance_intelligence\data\raw\oag\oag_2020-21_county-fund_busia-county-cooperative-enterprise-fund.pdf,2026-06-12T11:29:31.600019
1228,Busia County Cooperative Enterprise Fund,2020/21,county_fund,https://www.oagkenya.go.ke/wp-content/uploads/2023/01/Busia-County-Co-operative-Enterprise-Fund-2021.pdf,C:\Users\user\Data_Science_Course\kenya_public_finance_intelligence\kenya_public_finance_intelligence\data\raw\oag\oag_2020-21_county-fund_busia-county-cooperative-enterprise-fund.pdf,2026-06-12T11:29:31.600045
1229,Busia County Agricultural Development Fund,2020/21,county_fund,https://www.oagkenya.go.ke/wp-content/uploads/2023/01/Busia-County-Agricultural-Development-Fund-2021.pdf#new_tab,C:\Users\user\Data_Science_Course\kenya_public_finance_intelligence\kenya_public_finance_intelligence\data\raw\oag\oag_2020-21_county-fund_busia-county-agricultural-development-fu.pdf,2026-06-12T11:29:31.600263
1230,Busia County Agricultural Development Fund,2020/21,county_fund,https://www.oagkenya.go.ke/wp-content/uploads/2023/01/Busia-County-Agricultural-Development-Fund-2021.pdf,C:\Users\user\Data_Science_Course\kenya_public_finance_intelligence\kenya_public_finance_intelligence\data\raw\oag\oag_2020-21_county-fund_busia-county-agricultural-development-fu.pdf,2026-06-12T11:29:31.600276
1231,Bungoma County Education Support Scheme,2020/21,county_fund,https://www.oagkenya.go.ke/wp-content/uploads/2023/01/Bungoma-County-Education-Support-Scheme-2021.pdf#new_tab,C:\Users\user\Data_Science_Course\kenya_public_finance_intelligence\kenya_public_finance_intelligence\data\raw\oag\oag_2020-21_county-fund_bungoma-county-education-support-scheme.pdf,2026-06-12T11:29:31.600488
1232,Bungoma County Education Support Scheme,2020/21,county_fund,https://www.oagkenya.go.ke/wp-content/uploads/2023/01/Bungoma-County-Education-Support-Scheme-2021.pdf,C:\Users\user\Data_Science_Course\kenya_public_finance_intelligence\kenya_public_finance_intelligence\data\raw\oag\oag_2020-21_county-fund_bungoma-county-education-support-scheme.pdf,2026-06-12T11:29:31.600502
1233,Baringo County Older Persons and Persons with Disability Fund,2020/21,county_fund,https://www.oagkenya.go.ke/wp-content/uploads/2023/01/Baringo-County-Older-Persons-and-Persons-with-Disability-Fund-2021.pdf#new_tab,C:\Users\user\Data_Science_Course\kenya_public_finance_intelligence\kenya_public_finance_intelligence\data\raw\oag\oag_2020-21_county-fund_baringo-county-older-persons-and-persons.pdf,2026-06-12T11:29:31.600713
1234,Baringo County Older Persons and Persons with Disability Fund,2020/21,county_fund,https://www.oagkenya.go.ke/wp-content/uploads/2023/01/Baringo-County-Older-Persons-and-Persons-with-Disability-Fund-2021.pdf,C:\Users\user\Data_Science_Course\kenya_public_finance_intelligence\kenya_public_finance_intelligence\data\raw\oag\oag_2020-21_county-fund_baringo-county-older-persons-and-persons.pdf,2026-06-12T11:29:31.600727
1235,Baringo County Emergency Fund,2020/21,county_fund,https://www.oagkenya.go.ke/wp-content/uploads/2023/01/Baringo-County-Emergency-Fund-2020-2021.pdf#new_tab,C:\Users\user\Data_Science_Course\kenya_public_finance_intelligence\kenya_public_finance_intelligence\data\raw\oag\oag_2020-21_county-fund_baringo-county-emergency-fund.pdf,2026-06-12T11:29:31.600938
1236,Baringo County Emergency Fund,2020/21,county_fund,https://www.oagkenya.go.ke/wp-content/uploads/2023/01/Baringo-County-Emergency-Fund-2020-2021.pdf,C:\Users\user\Data_Science_Course\kenya_public_finance_intelligence\kenya_public_finance_intelligence\data\raw\oag\oag_2020-21_county-fund_baringo-county-emergency-fund.pdf,2026-06-12T11:29:31.600951
1237,Busia Alcoholic Drinks Control Fund,2020/21,county_fund,https://www.oagkenya.go.ke/wp-content/uploads/2023/01/Busia-Alcoholic-Drinks-Control-Fund-2020-2021.pdf#new_tab,C:\Users\user\Data_Science_Course\kenya_public_finance_intelligence\kenya_public_finance_intelligence\data\raw\oag\oag_2020-21_county-fund_busia-alcoholic-drinks-control-fund.pdf,2026-06-12T11:29:31.601189
1238,Busia Alcoholic Drinks Control Fund,2020/21,county_fund,https://www.oagkenya.go.ke/wp-content/uploads/2023/01/Busia-Alcoholic-Drinks-Control-Fund-2020-2021.pdf,C:\Users\user\Data_Science_Course\kenya_public_finance_intelligence\kenya_public_finance_intelligence\data\raw\oag\oag_2020-21_county-fund_busia-alcoholic-drinks-control-fund.pdf,2026-06-12T11:29:31.601206
1239,County Government of Taita Taveta Emergency Fund,2020/21,county_executive,https://www.oagkenya.go.ke/wp-content/uploads/2023/01/County-Government-of-Taita-Taveta-Emergency-Fund-2020-2021.pdf#new_tab,C:\Users\user\Data_Science_Course\kenya_public_finance_intelligence\kenya_public_finance_intelligence\data\raw\oag\oag_2020-21_county-executive_county-government-of-taita-taveta-emerge.pdf,2026-06-12T11:29:31.601419
1240,County Government of Taita Taveta Emergency Fund,2020/21,county_executive,https://www.oagkenya.go.ke/wp-content/uploads/2023/01/County-Government-of-Taita-Taveta-Emergency-Fund-2020-2021.pdf,C:\Users\user\Data_Science_Course\kenya_public_finance_intelligence\kenya_public_finance_intelligence\data\raw\oag\oag_2020-21_county-executive_county-government-of-taita-taveta-emerge.pdf,2026-06-12T11:29:31.601431
1241,Bungoma County Disaster Fund,2020/21,county_fund,https://www.oagkenya.go.ke/wp-content/uploads/2023/01/Bungoma-County-Disaster-Fund-2020-2021.pdf#new_tab,C:\Users\user\Data_Science_Course\kenya_public_finance_intelligence\kenya_public_finance_intelligence\data\raw\oag\oag_2020-21_county-fund_bungoma-county-disaster-fund.pdf,2026-06-12T11:29:31.601644
1242,Bungoma County Disaster Fund,2020/21,county_fund,https://www.oagkenya.go.ke/wp-content/uploads/2023/01/Bungoma-County-Disaster-Fund-2020-2021.pdf,C:\Users\user\Data_Science_Course\kenya_public_finance_intelligence\kenya_public_finance_intelligence\data\raw\oag\oag_2020-21_county-fund_bungoma-county-disaster-fund.pdf,2026-06-12T11:29:31.601657
1243,Demonstration Farm Fund Kisii,2020/21,county_fund,https://www.oagkenya.go.ke/wp-content/uploads/2023/01/Demonstartion-Farm-Fund-Kisii-2020-2021.pdf#new_tab,C:\Users\user\Data_Science_Course\kenya_public_finance_intelligence\kenya_public_finance_intelligence\data\raw\oag\oag_2020-21_county-fund_demonstration-farm-fund-kisii.pdf,2026-06-12T11:29:31.601870
1244,Demonstration Farm Fund Kisii,2020/21,county_fund,https://www.oagkenya.go.ke/wp-content/uploads/2023/01/Demonstartion-Farm-Fund-Kisii-2020-2021.pdf,C:\Users\user\Data_Science_Course\kenya_public_finance_intelligence\kenya_public_finance_intelligence\data\raw\oag\oag_2020-21_county-fund_demonstration-farm-fund-kisii.pdf,2026-06-12T11:29:31.601884
1245,Elgeyo Marakwet Executive Revolving Fund,2020/21,county_executive,https://www.oagkenya.go.ke/wp-content/uploads/2023/01/Elgeyo-Marakwet-Executive-Revolving-Fund-2020-2021.pdf#new_tab,C:\Users\user\Data_Science_Course\kenya_public_finance_intelligence\kenya_public_finance_intelligence\data\raw\oag\oag_2020-21_county-executive_elgeyo-marakwet-executive-revolving-fund.pdf,2026-06-12T11:29:31.602114
1246,Elgeyo Marakwet Executive Revolving Fund,2020/21,county_executive,https://www.oagkenya.go.ke/wp-content/uploads/2023/01/Elgeyo-Marakwet-Executive-Revolving-Fund-2020-2021.pdf,C:\Users\user\Data_Science_Course\kenya_public_finance_intelligence\kenya_public_finance_intelligence\data\raw\oag\oag_2020-21_county-executive_elgeyo-marakwet-executive-revolving-fund.pdf,2026-06-12T11:29:31.602126
1247,Bungoma County Trade Development Loan Fund,2020/21,county_fund,https://www.oagkenya.go.ke/wp-content/uploads/2023/01/Bungoma-County-Trade-Development-Loan-Fund-2020-2021.pdf#new_tab,C:\Users\user\Data_Science_Course\kenya_public_finance_intelligence\kenya_public_finance_intelligence\data\raw\oag\oag_2020-21_county-fund_bungoma-county-trade-development-loan-fu.pdf,2026-06-12T11:29:31.602341
1248,Bungoma County Trade Development Loan Fund,2020/21,county_fund,https://www.oagkenya.go.ke/wp-content/uploads/2023/01/Bungoma-County-Trade-Development-Loan-Fund-2020-2021.pdf,C:\Users\user\Data_Science_Course\kenya_public_finance_intelligence\kenya_public_finance_intelligence\data\raw\oag\oag_2020-21_county-fund_bungoma-county-trade-development-loan-fu.pdf,2026-06-12T11:29:31.602354
1249,Embu County Education Support Fund,2020/21,county_fund,https://www.oagkenya.go.ke/wp-content/uploads/2023/01/Embu-County-Education-Support-Fund-2020-2021.pdf#new_tab,C:\Users\user\Data_Science_Course\kenya_public_finance_intelligence\kenya_public_finance_intelligence\data\raw\oag\oag_2020-21_county-fund_embu-county-education-support-fund.pdf,2026-06-12T11:29:31.602568
1250,Embu County Education Support Fund,2020/21,county_fund,https://www.oagkenya.go.ke/wp-content/uploads/2023/01/Embu-County-Education-Support-Fund-2020-2021.pdf,C:\Users\user\Data_Science_Course\kenya_public_finance_intelligence\kenya_public_finance_intelligence\data\raw\oag\oag_2020-21_county-fund_embu-county-education-support-fund.pdf,2026-06-12T11:29:31.602582
1251,Bungoma Youth  Women  Empowerment Fund,2020/21,county_fund,https://www.oagkenya.go.ke/wp-content/uploads/2023/01/Bungoma-Youth-Women-Empowerment-Fund-2020-2021.pdf#new_tab,C:\Users\user\Data_Science_Course\kenya_public_finance_intelligence\kenya_public_finance_intelligence\data\raw\oag\oag_2020-21_county-fund_bungoma-youth-women-empowerment-fund.pdf,2026-06-12T11:29:31.602799
1252,Bungoma Youth  Women  Empowerment Fund,2020/21,county_fund,https://www.oagkenya.go.ke/wp-content/uploads/2023/01/Bungoma-Youth-Women-Empowerment-Fund-2020-2021.pdf,C:\Users\user\Data_Science_Course\kenya_public_finance_intelligence\kenya_public_finance_intelligence\data\raw\oag\oag_2020-21_county-fund_bungoma-youth-women-empowerment-fund.pdf,2026-06-12T11:29:31.602812
1253,Kilifi County Ward Scholarship Fund,2020/21,county_fund,https://www.oagkenya.go.ke/wp-content/uploads/2023/01/Kilifi-County-Ward-Scholarship-Fund-2020-2021.pdf#new_tab,C:\Users\user\Data_Science_Course\kenya_public_finance_intelligence\kenya_public_finance_intelligence\data\raw\oag\oag_2020-21_county-fund_kilifi-county-ward-scholarship-fund.pdf,2026-06-12T11:29:31.603043
1254,Kilifi County Ward Scholarship Fund,2020/21,county_fund,https://www.oagkenya.go.ke/wp-content/uploads/2023/01/Kilifi-County-Ward-Scholarship-Fund-2020-2021.pdf,C:\Users\user\Data_Science_Course\kenya_public_finance_intelligence\kenya_public_finance_intelligence\data\raw\oag\oag_2020-21_county-fund_kilifi-county-ward-scholarship-fund.pdf,2026-06-12T11:29:31.603061
1255,Baringo Youth & Women Fund,2020/21,county_fund,https://www.oagkenya.go.ke/wp-content/uploads/2023/01/Baringo-Youth-Women-Fund-2020-2021.pdf#new_tab,C:\Users\user\Data_Science_Course\kenya_public_finance_intelligence\kenya_public_finance_intelligence\data\raw\oag\oag_2020-21_county-fund_baringo-youth-women-fund.pdf,2026-06-12T11:29:31.603349
1256,Baringo Youth & Women Fund,2020/21,county_fund,https://www.oagkenya.go.ke/wp-content/uploads/2023/01/Baringo-Youth-Women-Fund-2020-2021.pdf,C:\Users\user\Data_Science_Course\kenya_public_finance_intelligence\kenya_public_finance_intelligence\data\raw\oag\oag_2020-21_county-fund_baringo-youth-women-fund.pdf,2026-06-12T11:29:31.603365
1257,Kakamega County Trade Loans Fund,2020/21,county_fund,https://www.oagkenya.go.ke/wp-content/uploads/2023/01/Kakamega-County-Trade-Loans-Fund-2020-2021.pdf#new_tab,C:\Users\user\Data_Science_Course\kenya_public_finance_intelligence\kenya_public_finance_intelligence\data\raw\oag\oag_2020-21_county-fund_kakamega-county-trade-loans-fund.pdf,2026-06-12T11:29:31.603648
1258,Kakamega County Trade Loans Fund,2020/21,county_fund,https://www.oagkenya.go.ke/wp-content/uploads/2023/01/Kakamega-County-Trade-Loans-Fund-2020-2021.pdf,C:\Users\user\Data_Science_Course\kenya_public_finance_intelligence\kenya_public_finance_intelligence\data\raw\oag\oag_2020-21_county-fund_kakamega-county-trade-loans-fund.pdf,2026-06-12T11:29:31.603663
1259,Nandi County Emergency Fund,2020/21,county_fund,https://www.oagkenya.go.ke/wp-content/uploads/2023/01/Nandi-County-Emergency-Fund-2020-2021.pdf#new_tab,C:\Users\user\Data_Science_Course\kenya_public_finance_intelligence\kenya_public_finance_intelligence\data\raw\oag\oag_2020-21_county-fund_nandi-county-emergency-fund.pdf,2026-06-12T11:29:31.603945
1260,Nandi County Emergency Fund,2020/21,county_fund,https://www.oagkenya.go.ke/wp-content/uploads/2023/01/Nandi-County-Emergency-Fund-2020-2021.pdf,C:\Users\user\Data_Science_Course\kenya_public_finance_intelligence\kenya_public_finance_intelligence\data\raw\oag\oag_2020-21_county-fund_nandi-county-emergency-fund.pdf,2026-06-12T11:29:31.603960
1261,Baringo County Cooperative Development Fund,2020/21,county_fund,https://www.oagkenya.go.ke/wp-content/uploads/2023/01/Baringo-County-Cooperative-Development-Fund-2020-2021.pdf#new_tab,C:\Users\user\Data_Science_Course\kenya_public_finance_intelligence\kenya_public_finance_intelligence\data\raw\oag\oag_2020-21_county-fund_baringo-county-cooperative-development-f.pdf,2026-06-12T11:29:31.604214
1262,Baringo County Cooperative Development Fund,2020/21,county_fund,https://www.oagkenya.go.ke/wp-content/uploads/2023/01/Baringo-County-Cooperative-Development-Fund-2020-2021.pdf,C:\Users\user\Data_Science_Course\kenya_public_finance_intelligence\kenya_public_finance_intelligence\data\raw\oag\oag_2020-21_county-fund_baringo-county-cooperative-development-f.pdf,2026-06-12T11:29:31.604228
1263,Bomet County Education Revolving Fund,2020/21,county_fund,https://www.oagkenya.go.ke/wp-content/uploads/2023/01/Bomet-County-Education-Revolving-Fund-2020-2021.pdf#new_tab,C:\Users\user\Data_Science_Course\kenya_public_finance_intelligence\kenya_public_finance_intelligence\data\raw\oag\oag_2020-21_county-fund_bomet-county-education-revolving-fund.pdf,2026-06-12T11:29:31.604440
1264,Bomet County Education Revolving Fund,2020/21,county_fund,https://www.oagkenya.go.ke/wp-content/uploads/2023/01/Bomet-County-Education-Revolving-Fund-2020-2021.pdf,C:\Users\user\Data_Science_Course\kenya_public_finance_intelligence\kenya_public_finance_intelligence\data\raw\oag\oag_2020-21_county-fund_bomet-county-education-revolving-fund.pdf,2026-06-12T11:29:31.604454
1265,Baringo county Executive Car Loan Scheme Fund,2020/21,county_executive,https://www.oagkenya.go.ke/wp-content/uploads/2023/01/Baringo-county-Executive-Car-Loan-Scheme-Fund-2020-2021.pdf#new_tab,C:\Users\user\Data_Science_Course\kenya_public_finance_intelligence\kenya_public_finance_intelligence\data\raw\oag\oag_2020-21_county-executive_baringo-county-executive-car-loan-scheme.pdf,2026-06-12T11:29:31.604665
1266,Baringo county Executive Car Loan Scheme Fund,2020/21,county_executive,https://www.oagkenya.go.ke/wp-content/uploads/2023/01/Baringo-county-Executive-Car-Loan-Scheme-Fund-2020-2021.pdf,C:\Users\user\Data_Science_Course\kenya_public_finance_intelligence\kenya_public_finance_intelligence\data\raw\oag\oag_2020-21_county-executive_baringo-county-executive-car-loan-scheme.pdf,2026-06-12T11:29:31.604677
1267,Kajiado County Emergency Fund,2020/21,county_fund,https://www.oagkenya.go.ke/wp-content/uploads/2023/01/Kajiado-County-Emergency-Fund-2020-2021.pdf#new_tab,C:\Users\user\Data_Science_Course\kenya_public_finance_intelligence\kenya_public_finance_intelligence\data\raw\oag\oag_2020-21_county-fund_kajiado-county-emergency-fund.pdf,2026-06-12T11:29:31.604889
1268,Kajiado County Emergency Fund,2020/21,county_fund,https://www.oagkenya.go.ke/wp-content/uploads/2023/01/Kajiado-County-Emergency-Fund-2020-2021.pdf,C:\Users\user\Data_Science_Course\kenya_public_finance_intelligence\kenya_public_finance_intelligence\data\raw\oag\oag_2020-21_county-fund_kajiado-county-emergency-fund.pdf,2026-06-12T11:29:31.604903
1269,Baringo County Small and Medium Enterprise Fund,2020/21,county_fund,https://www.oagkenya.go.ke/wp-content/uploads/2023/01/Baringo-County-Small-and-Medium-Enterprise-Fund-2020-2021.pdf#new_tab,C:\Users\user\Data_Science_Course\kenya_public_finance_intelligence\kenya_public_finance_intelligence\data\raw\oag\oag_2020-21_county-fund_baringo-county-small-and-medium-enterpri.pdf,2026-06-12T11:29:31.605135
1270,Baringo County Small and Medium Enterprise Fund,2020/21,county_fund,https://www.oagkenya.go.ke/wp-content/uploads/2023/01/Baringo-County-Small-and-Medium-Enterprise-Fund-2020-2021.pdf,C:\Users\user\Data_Science_Course\kenya_public_finance_intelligence\kenya_public_finance_intelligence\data\raw\oag\oag_2020-21_county-fund_baringo-county-small-and-medium-enterpri.pdf,2026-06-12T11:29:31.605152
1271,"Kisumu County Women, Youth and PWF",2020/21,county_fund,https://www.oagkenya.go.ke/wp-content/uploads/2023/01/Kisumu-County-Women-Youth-and-PWF-2020-2021-.pdf#new_tab,C:\Users\user\Data_Science_Course\kenya_public_finance_intelligence\kenya_public_finance_intelligence\data\raw\oag\oag_2020-21_county-fund_kisumu-county-women-youth-and-pwf.pdf,2026-06-12T11:29:31.605366
1272,"Kisumu County Women, Youth and PWF",2020/21,county_fund,https://www.oagkenya.go.ke/wp-content/uploads/2023/01/Kisumu-County-Women-Youth-and-PWF-2020-2021-.pdf,C:\Users\user\Data_Science_Course\kenya_public_finance_intelligence\kenya_public_finance_intelligence\data\raw\oag\oag_2020-21_county-fund_kisumu-county-women-youth-and-pwf.pdf,2026-06-12T11:29:31.605379
1273,Baringo County Executive Car  Mortgage,2020/21,county_executive,https://www.oagkenya.go.ke/wp-content/uploads/2023/01/Baringo-County-Executive-Car-Mortgage-2020-2021-.pdf#new_tab,C:\Users\user\Data_Science_Course\kenya_public_finance_intelligence\kenya_public_finance_intelligence\data\raw\oag\oag_2020-21_county-executive_baringo-county-executive-car-mortgage.pdf,2026-06-12T11:29:31.605590
1274,Baringo County Executive Car  Mortgage,2020/21,county_executive,https://www.oagkenya.go.ke/wp-content/uploads/2023/01/Baringo-County-Executive-Car-Mortgage-2020-2021-.pdf,C:\Users\user\Data_Science_Course\kenya_public_finance_intelligence\kenya_public_finance_intelligence\data\raw\oag\oag_2020-21_county-executive_baringo-county-executive-car-mortgage.pdf,2026-06-12T11:29:31.605602
1275,Siaya Education Bursary Fund,2020/21,county_fund,https://www.oagkenya.go.ke/wp-content/uploads/2023/01/Siaya-Education-Bursary-Fund-2020-2021.pdf#new_tab,C:\Users\user\Data_Science_Course\kenya_public_finance_intelligence\kenya_public_finance_intelligence\data\raw\oag\oag_2020-21_county-fund_siaya-education-bursary-fund.pdf,2026-06-12T11:29:31.605817
1276,Siaya Education Bursary Fund,2020/21,county_fund,https://www.oagkenya.go.ke/wp-content/uploads/2023/01/Siaya-Education-Bursary-Fund-2020-2021.pdf,C:\Users\user\Data_Science_Course\kenya_public_finance_intelligence\kenya_public_finance_intelligence\data\raw\oag\oag_2020-21_county-fund_siaya-education-bursary-fund.pdf,2026-06-12T11:29:31.605830
1277,Uasin Gishu County Staff Mortgage and Car Loan Scheme,2020/21,county_fund,https://www.oagkenya.go.ke/wp-content/uploads/2023/01/Uasin-Gishu-County-Staff-Mortgage-and-Car-Loan-Scheme-2020-2021.pdf#new_tab,C:\Users\user\Data_Science_Course\kenya_public_finance_intelligence\kenya_public_finance_intelligence\data\raw\oag\oag_2020-21_county-fund_uasin-gishu-county-staff-mortgage-and-ca.pdf,2026-06-12T11:29:31.606067
1278,Uasin Gishu County Staff Mortgage and Car Loan Scheme,2020/21,county_fund,https://www.oagkenya.go.ke/wp-content/uploads/2023/01/Uasin-Gishu-County-Staff-Mortgage-and-Car-Loan-Scheme-2020-2021.pdf,C:\Users\user\Data_Science_Course\kenya_public_finance_intelligence\kenya_public_finance_intelligence\data\raw\oag\oag_2020-21_county-fund_uasin-gishu-county-staff-mortgage-and-ca.pdf,2026-06-12T11:29:31.606084
1279,Vihiga County Trade and Enterprise Fund,2020/21,county_fund,https://www.oagkenya.go.ke/wp-content/uploads/2023/01/Vihiga-County-Trade-and-Enterprise-Fund-2020-2021.pdf#new_tab,C:\Users\user\Data_Science_Course\kenya_public_finance_intelligence\kenya_public_finance_intelligence\data\raw\oag\oag_2020-21_county-fund_vihiga-county-trade-and-enterprise-fund.pdf,2026-06-12T11:29:31.606370
1280,Vihiga County Trade and Enterprise Fund,2020/21,county_fund,https://www.oagkenya.go.ke/wp-content/uploads/2023/01/Vihiga-County-Trade-and-Enterprise-Fund-2020-2021.pdf,C:\Users\user\Data_Science_Course\kenya_public_finance_intelligence\kenya_public_finance_intelligence\data\raw\oag\oag_2020-21_county-fund_vihiga-county-trade-and-enterprise-fund.pdf,2026-06-12T11:29:31.606385
1281,"Kajiado County Education Busary, Grants and Scholarship Fund",2020/21,county_fund,https://www.oagkenya.go.ke/wp-content/uploads/2023/01/Kajiado-County-Education-Busary-Grants-and-Scholarship-Fund-2020-2021-.pdf#new_tab,C:\Users\user\Data_Science_Course\kenya_public_finance_intelligence\kenya_public_finance_intelligence\data\raw\oag\oag_2020-21_county-fund_kajiado-county-education-busary-grants-a.pdf,2026-06-12T11:29:31.606701
1282,"Kajiado County Education Busary, Grants and Scholarship Fund",2020/21,county_fund,https://www.oagkenya.go.ke/wp-content/uploads/2023/01/Kajiado-County-Education-Busary-Grants-and-Scholarship-Fund-2020-2021-.pdf,C:\Users\user\Data_Science_Course\kenya_public_finance_intelligence\kenya_public_finance_intelligence\data\raw\oag\oag_2020-21_county-fund_kajiado-county-education-busary-grants-a.pdf,2026-06-12T11:29:31.606720
1283,County Government of Taita Taveta Education Fund,2020/21,county_executive,https://www.oagkenya.go.ke/wp-content/uploads/2023/01/County-Government-of-Taita-Taveta-Education-Fund-2020-2021.pdf#new_tab,C:\Users\user\Data_Science_Course\kenya_public_finance_intelligence\kenya_public_finance_intelligence\data\raw\oag\oag_2020-21_county-executive_county-government-of-taita-taveta-educat.pdf,2026-06-12T11:29:31.607338
1284,County Government of Taita Taveta Education Fund,2020/21,county_executive,https://www.oagkenya.go.ke/wp-content/uploads/2023/01/County-Government-of-Taita-Taveta-Education-Fund-2020-2021.pdf,C:\Users\user\Data_Science_Course\kenya_public_finance_intelligence\kenya_public_finance_intelligence\data\raw\oag\oag_2020-21_county-executive_county-government-of-taita-taveta-educat.pdf,2026-06-12T11:29:31.607361
1285,Uasin Gishu County Enterprise Development Fund 2020-2021,2020/21,county_fund,https://www.oagkenya.go.ke/wp-content/uploads/2023/01/Uasin-Gishu-County-Enterprise-Development-Fund-2020-2021.pdf#new_tab,C:\Users\user\Data_Science_Course\kenya_public_finance_intelligence\kenya_public_finance_intelligence\data\raw\oag\oag_2020-21_county-fund_uasin-gishu-county-enterprise-developmen.pdf,2026-06-12T11:29:31.607675
1286,Uasin Gishu County Enterprise Development Fund 2020-2021,2020/21,county_fund,https://www.oagkenya.go.ke/wp-content/uploads/2023/01/Uasin-Gishu-County-Enterprise-Development-Fund-2020-2021.pdf,C:\Users\user\Data_Science_Course\kenya_public_finance_intelligence\kenya_public_finance_intelligence\data\raw\oag\oag_2020-21_county-fund_uasin-gishu-county-enterprise-developmen.pdf,2026-06-12T11:29:31.607692
1287,Bomet County Bursary Fund,2020/21,county_fund,https://www.oagkenya.go.ke/wp-content/uploads/2023/01/Bomet-County-Bursary-Fund-2020-2021.pdf#new_tab,C:\Users\user\Data_Science_Course\kenya_public_finance_intelligence\kenya_public_finance_intelligence\data\raw\oag\oag_2020-21_county-fund_bomet-county-bursary-fund.pdf,2026-06-12T11:29:31.607992
1288,Bomet County Bursary Fund,2020/21,county_fund,https://www.oagkenya.go.ke/wp-content/uploads/2023/01/Bomet-County-Bursary-Fund-2020-2021.pdf,C:\Users\user\Data_Science_Course\kenya_public_finance_intelligence\kenya_public_finance_intelligence\data\raw\oag\oag_2020-21_county-fund_bomet-county-bursary-fund.pdf,2026-06-12T11:29:31.608008
1289,County Government of Mombasa Elimu Fund,2020/21,county_executive,https://www.oagkenya.go.ke/wp-content/uploads/2023/01/County-Government-of-Mombasa-Elimu-Fund-2020-2021.pdf#new_tab,C:\Users\user\Data_Science_Course\kenya_public_finance_intelligence\kenya_public_finance_intelligence\data\raw\oag\oag_2020-21_county-executive_county-government-of-mombasa-elimu-fund.pdf,2026-06-12T11:29:31.608255
1290,County Government of Mombasa Elimu Fund,2020/21,county_executive,https://www.oagkenya.go.ke/wp-content/uploads/2023/01/County-Government-of-Mombasa-Elimu-Fund-2020-2021.pdf,C:\Users\user\Data_Science_Course\kenya_public_finance_intelligence\kenya_public_finance_intelligence\data\raw\oag\oag_2020-21_county-executive_county-government-of-mombasa-elimu-fund.pdf,2026-06-12T11:29:31.608268
1291,Nakuru County Bursary Fund,2020/21,county_fund,https://www.oagkenya.go.ke/wp-content/uploads/2023/01/Nakuru-County-Bursary-Fund-2020-2021-.pdf#new_tab,C:\Users\user\Data_Science_Course\kenya_public_finance_intelligence\kenya_public_finance_intelligence\data\raw\oag\oag_2020-21_county-fund_nakuru-county-bursary-fund.pdf,2026-06-12T11:29:31.608492
1292,Nakuru County Bursary Fund,2020/21,county_fund,https://www.oagkenya.go.ke/wp-content/uploads/2023/01/Nakuru-County-Bursary-Fund-2020-2021-.pdf,C:\Users\user\Data_Science_Course\kenya_public_finance_intelligence\kenya_public_finance_intelligence\data\raw\oag\oag_2020-21_county-fund_nakuru-county-bursary-fund.pdf,2026-06-12T11:29:31.608506
1293,Kisii County Loans and Mortgage Fund,2020/21,county_fund,https://www.oagkenya.go.ke/wp-content/uploads/2023/01/Kisii-County-Loans-and-Mortgage-Fund-2020-2021.pdf#new_tab,C:\Users\user\Data_Science_Course\kenya_public_finance_intelligence\kenya_public_finance_intelligence\data\raw\oag\oag_2020-21_county-fund_kisii-county-loans-and-mortgage-fund.pdf,2026-06-12T11:29:31.608726
1294,Kisii County Loans and Mortgage Fund,2020/21,county_fund,https://www.oagkenya.go.ke/wp-content/uploads/2023/01/Kisii-County-Loans-and-Mortgage-Fund-2020-2021.pdf,C:\Users\user\Data_Science_Course\kenya_public_finance_intelligence\kenya_public_finance_intelligence\data\raw\oag\oag_2020-21_county-fund_kisii-county-loans-and-mortgage-fund.pdf,2026-06-12T11:29:31.608740
1295,Makueni County State and Public Officers Car and Mortgage Fund,2020/21,county_fund,https://www.oagkenya.go.ke/wp-content/uploads/2023/01/Makueni-County-State-and-Public-Officers-Car-and-Mortgage-Fund-2020-2021.pdf#new_tab,C:\Users\user\Data_Science_Course\kenya_public_finance_intelligence\kenya_public_finance_intelligence\data\raw\oag\oag_2020-21_county-fund_makueni-county-state-and-public-officers.pdf,2026-06-12T11:29:31.608960
1296,Makueni County State and Public Officers Car and Mortgage Fund,2020/21,county_fund,https://www.oagkenya.go.ke/wp-content/uploads/2023/01/Makueni-County-State-and-Public-Officers-Car-and-Mortgage-Fund-2020-2021.pdf,C:\Users\user\Data_Science_Course\kenya_public_finance_intelligence\kenya_public_finance_intelligence\data\raw\oag\oag_2020-21_county-fund_makueni-county-state-and-public-officers.pdf,2026-06-12T11:29:31.608974
1297,Kajiado County Executive Staff Car Loan and Mortgage Scheme Fund,2020/21,county_executive,https://www.oagkenya.go.ke/wp-content/uploads/2023/01/Kajiado-County-Executive-Staff-Car-Loan-and-Mortgage-Scheme-Fund-2020-2021.pdf#new_tab,C:\Users\user\Data_Science_Course\kenya_public_finance_intelligence\kenya_public_finance_intelligence\data\raw\oag\oag_2020-21_county-executive_kajiado-county-executive-staff-car-loan-.pdf,2026-06-12T11:29:31.609198
1298,Kajiado County Executive Staff Car Loan and Mortgage Scheme Fund,2020/21,county_executive,https://www.oagkenya.go.ke/wp-content/uploads/2023/01/Kajiado-County-Executive-Staff-Car-Loan-and-Mortgage-Scheme-Fund-2020-2021.pdf,C:\Users\user\Data_Science_Course\kenya_public_finance_intelligence\kenya_public_finance_intelligence\data\raw\oag\oag_2020-21_county-executive_kajiado-county-executive-staff-car-loan-.pdf,2026-06-12T11:29:31.609211
1299,Narok County Bursary Fund,2020/21,county_fund,https://www.oagkenya.go.ke/wp-content/uploads/2023/01/Narok-County-Bursary-Fund-2020-2021.pdf#new_tab,C:\Users\user\Data_Science_Course\kenya_public_finance_intelligence\kenya_public_finance_intelligence\data\raw\oag\oag_2020-21_county-fund_narok-county-bursary-fund.pdf,2026-06-12T11:29:31.609426
1300,Narok County Bursary Fund,2020/21,county_fund,https://www.oagkenya.go.ke/wp-content/uploads/2023/01/Narok-County-Bursary-Fund-2020-2021.pdf,C:\Users\user\Data_Science_Course\kenya_public_finance_intelligence\kenya_public_finance_intelligence\data\raw\oag\oag_2020-21_county-fund_narok-county-bursary-fund.pdf,2026-06-12T11:29:31.609440
1301,Machakos County Bursary Fund,2020/21,county_fund,https://www.oagkenya.go.ke/wp-content/uploads/2023/01/Machakos-County-Bursary-Fund-2020-2021.pdf#new_tab,C:\Users\user\Data_Science_Course\kenya_public_finance_intelligence\kenya_public_finance_intelligence\data\raw\oag\oag_2020-21_county-fund_machakos-county-bursary-fund.pdf,2026-06-12T11:29:31.609651
1302,Machakos County Bursary Fund,2020/21,county_fund,https://www.oagkenya.go.ke/wp-content/uploads/2023/01/Machakos-County-Bursary-Fund-2020-2021.pdf,C:\Users\user\Data_Science_Course\kenya_public_finance_intelligence\kenya_public_finance_intelligence\data\raw\oag\oag_2020-21_county-fund_machakos-county-bursary-fund.pdf,2026-06-12T11:29:31.609665
1303,Trans Nzoia County Public Service Board,2020/21,county_fund,https://www.oagkenya.go.ke/wp-content/uploads/2023/01/Trans-Nzoia-County-Public-Service-Board-2020-2021.pdf#new_tab,C:\Users\user\Data_Science_Course\kenya_public_finance_intelligence\kenya_public_finance_intelligence\data\raw\oag\oag_2020-21_county-fund_trans-nzoia-county-public-service-board.pdf,2026-06-12T11:29:31.609879
1304,Trans Nzoia County Public Service Board,2020/21,county_fund,https://www.oagkenya.go.ke/wp-content/uploads/2023/01/Trans-Nzoia-County-Public-Service-Board-2020-2021.pdf,C:\Users\user\Data_Science_Course\kenya_public_finance_intelligence\kenya_public_finance_intelligence\data\raw\oag\oag_2020-21_county-fund_trans-nzoia-county-public-service-board.pdf,2026-06-12T11:29:31.609893
1305,Vihiga County Education Fund,2020/21,county_fund,https://www.oagkenya.go.ke/wp-content/uploads/2023/01/Vihiga-County-Education-Fund-2020-2021.pdf#new_tab,C:\Users\user\Data_Science_Course\kenya_public_finance_intelligence\kenya_public_finance_intelligence\data\raw\oag\oag_2020-21_county-fund_vihiga-county-education-fund.pdf,2026-06-12T11:29:31.610113
1306,Vihiga County Education Fund,2020/21,county_fund,https://www.oagkenya.go.ke/wp-content/uploads/2023/01/Vihiga-County-Education-Fund-2020-2021.pdf,C:\Users\user\Data_Science_Course\kenya_public_finance_intelligence\kenya_public_finance_intelligence\data\raw\oag\oag_2020-21_county-fund_vihiga-county-education-fund.pdf,2026-06-12T11:29:31.610129
1307,Tana River County Staff Car Loan and Mortgage Fund,2020/21,county_fund,https://www.oagkenya.go.ke/wp-content/uploads/2023/01/Tana-River-County-Staff-Car-Loan-and-Mortgage-Fund-2020-2021.pdf#new_tab,C:\Users\user\Data_Science_Course\kenya_public_finance_intelligence\kenya_public_finance_intelligence\data\raw\oag\oag_2020-21_county-fund_tana-river-county-staff-car-loan-and-mor.pdf,2026-06-12T11:29:31.610345
1308,Tana River County Staff Car Loan and Mortgage Fund,2020/21,county_fund,https://www.oagkenya.go.ke/wp-content/uploads/2023/01/Tana-River-County-Staff-Car-Loan-and-Mortgage-Fund-2020-2021.pdf,C:\Users\user\Data_Science_Course\kenya_public_finance_intelligence\kenya_public_finance_intelligence\data\raw\oag\oag_2020-21_county-fund_tana-river-county-staff-car-loan-and-mor.pdf,2026-06-12T11:29:31.610359
1309,Kiambu County Executive Emergency Fund,2020/21,county_executive,https://www.oagkenya.go.ke/wp-content/uploads/2023/01/Kiambu-County-Executive-Emergency-Fund-2020-2021.pdf#new_tab,C:\Users\user\Data_Science_Course\kenya_public_finance_intelligence\kenya_public_finance_intelligence\data\raw\oag\oag_2020-21_county-executive_kiambu-county-executive-emergency-fund.pdf,2026-06-12T11:29:31.610573
1310,Kiambu County Executive Emergency Fund,2020/21,county_executive,https://www.oagkenya.go.ke/wp-content/uploads/2023/01/Kiambu-County-Executive-Emergency-Fund-2020-2021.pdf,C:\Users\user\Data_Science_Course\kenya_public_finance_intelligence\kenya_public_finance_intelligence\data\raw\oag\oag_2020-21_county-executive_kiambu-county-executive-emergency-fund.pdf,2026-06-12T11:29:31.610584
1311,Migori County Ward Development Fund,2020/21,county_fund,https://www.oagkenya.go.ke/wp-content/uploads/2023/01/Migori-County-Ward-Development-Fund-2020-2021.pdf#new_tab,C:\Users\user\Data_Science_Course\kenya_public_finance_intelligence\kenya_public_finance_intelligence\data\raw\oag\oag_2020-21_county-fund_migori-county-ward-development-fund.pdf,2026-06-12T11:29:31.610797
1312,Migori County Ward Development Fund,2020/21,county_fund,https://www.oagkenya.go.ke/wp-content/uploads/2023/01/Migori-County-Ward-Development-Fund-2020-2021.pdf,C:\Users\user\Data_Science_Course\kenya_public_finance_intelligence\kenya_public_finance_intelligence\data\raw\oag\oag_2020-21_county-fund_migori-county-ward-development-fund.pdf,2026-06-12T11:29:31.610811
1313,Mombasa County Alcoholic Drinks Control Fund,2020/21,county_fund,https://www.oagkenya.go.ke/wp-content/uploads/2023/01/Mombasa-County-Alcoholic-Drinks-Control-Fund-2020-2021.pdf#new_tab,C:\Users\user\Data_Science_Course\kenya_public_finance_intelligence\kenya_public_finance_intelligence\data\raw\oag\oag_2020-21_county-fund_mombasa-county-alcoholic-drinks-control-.pdf,2026-06-12T11:29:31.611027
1314,Mombasa County Alcoholic Drinks Control Fund,2020/21,county_fund,https://www.oagkenya.go.ke/wp-content/uploads/2023/01/Mombasa-County-Alcoholic-Drinks-Control-Fund-2020-2021.pdf,C:\Users\user\Data_Science_Course\kenya_public_finance_intelligence\kenya_public_finance_intelligence\data\raw\oag\oag_2020-21_county-fund_mombasa-county-alcoholic-drinks-control-.pdf,2026-06-12T11:29:31.611041
1315,Samburu COVID-19 Emergency Response Fund,2020/21,county_fund,https://www.oagkenya.go.ke/wp-content/uploads/2023/01/Samburu-COVID-19-Emergency-Response-Fund-2020-2021.pdf#new_tab,C:\Users\user\Data_Science_Course\kenya_public_finance_intelligence\kenya_public_finance_intelligence\data\raw\oag\oag_2020-21_county-fund_samburu-covid-19-emergency-response-fund.pdf,2026-06-12T11:29:31.611595
1316,Samburu COVID-19 Emergency Response Fund,2020/21,county_fund,https://www.oagkenya.go.ke/wp-content/uploads/2023/01/Samburu-COVID-19-Emergency-Response-Fund-2020-2021.pdf,C:\Users\user\Data_Science_Course\kenya_public_finance_intelligence\kenya_public_finance_intelligence\data\raw\oag\oag_2020-21_county-fund_samburu-covid-19-emergency-response-fund.pdf,2026-06-12T11:29:31.611616
1317,Uasin Gishu County Emergency Fund,2020/21,county_fund,https://www.oagkenya.go.ke/wp-content/uploads/2023/01/Uasin-Gishu-County-Emergency-Fund-2020-2021.pdf#new_tab,C:\Users\user\Data_Science_Course\kenya_public_finance_intelligence\kenya_public_finance_intelligence\data\raw\oag\oag_2020-21_county-fund_uasin-gishu-county-emergency-fund.pdf,2026-06-12T11:29:31.611906
1318,Uasin Gishu County Emergency Fund,2020/21,county_fund,https://www.oagkenya.go.ke/wp-content/uploads/2023/01/Uasin-Gishu-County-Emergency-Fund-2020-2021.pdf,C:\Users\user\Data_Science_Course\kenya_public_finance_intelligence\kenya_public_finance_intelligence\data\raw\oag\oag_2020-21_county-fund_uasin-gishu-county-emergency-fund.pdf,2026-06-12T11:29:31.611922
1319,Kilifi County Microfinance (MBEGU) Fund,2020/21,county_fund,https://www.oagkenya.go.ke/wp-content/uploads/2023/01/Kilifi-County-Microfinance-MBEGU-Fund-2020-2021.pdf#new_tab,C:\Users\user\Data_Science_Course\kenya_public_finance_intelligence\kenya_public_finance_intelligence\data\raw\oag\oag_2020-21_county-fund_kilifi-county-microfinance-mbegu-fund.pdf,2026-06-12T11:29:31.612191
1320,Kilifi County Microfinance (MBEGU) Fund,2020/21,county_fund,https://www.oagkenya.go.ke/wp-content/uploads/2023/01/Kilifi-County-Microfinance-MBEGU-Fund-2020-2021.pdf,C:\Users\user\Data_Science_Course\kenya_public_finance_intelligence\kenya_public_finance_intelligence\data\raw\oag\oag_2020-21_county-fund_kilifi-county-microfinance-mbegu-fund.pdf,2026-06-12T11:29:31.612205
1321,Lamu County Fisheries Revolving Fund,2020/21,county_fund,https://www.oagkenya.go.ke/wp-content/uploads/2023/01/Lamu-County-Fisheries-Revolving-Fund-2020-2021-.pdf#new_tab,C:\Users\user\Data_Science_Course\kenya_public_finance_intelligence\kenya_public_finance_intelligence\data\raw\oag\oag_2020-21_county-fund_lamu-county-fisheries-revolving-fund.pdf,2026-06-12T11:29:31.612425
1322,Lamu County Fisheries Revolving Fund,2020/21,county_fund,https://www.oagkenya.go.ke/wp-content/uploads/2023/01/Lamu-County-Fisheries-Revolving-Fund-2020-2021-.pdf,C:\Users\user\Data_Science_Course\kenya_public_finance_intelligence\kenya_public_finance_intelligence\data\raw\oag\oag_2020-21_county-fund_lamu-county-fisheries-revolving-fund.pdf,2026-06-12T11:29:31.612439
1323,Uasin Gishu County Education Revolving Fund,2020/21,county_fund,https://www.oagkenya.go.ke/wp-content/uploads/2023/01/Uasin-Gishu-County-Education-Revolving-Fund-2020-2021.pdf#new_tab,C:\Users\user\Data_Science_Course\kenya_public_finance_intelligence\kenya_public_finance_intelligence\data\raw\oag\oag_2020-21_county-fund_uasin-gishu-county-education-revolving-f.pdf,2026-06-12T11:29:31.612655
1324,Uasin Gishu County Education Revolving Fund,2020/21,county_fund,https://www.oagkenya.go.ke/wp-content/uploads/2023/01/Uasin-Gishu-County-Education-Revolving-Fund-2020-2021.pdf,C:\Users\user\Data_Science_Course\kenya_public_finance_intelligence\kenya_public_finance_intelligence\data\raw\oag\oag_2020-21_county-fund_uasin-gishu-county-education-revolving-f.pdf,2026-06-12T11:29:31.612669
1325,Kiambu County Executive Staff Mortgage Scheme Fund,2020/21,county_executive,https://www.oagkenya.go.ke/wp-content/uploads/2023/01/Kiambu-County-Executive-Staff-Mortgage-Scheme-Fund-2020-2021.pdf#new_tab,C:\Users\user\Data_Science_Course\kenya_public_finance_intelligence\kenya_public_finance_intelligence\data\raw\oag\oag_2020-21_county-executive_kiambu-county-executive-staff-mortgage-s.pdf,2026-06-12T11:29:31.612880
1326,Kiambu County Executive Staff Mortgage Scheme Fund,2020/21,county_executive,https://www.oagkenya.go.ke/wp-content/uploads/2023/01/Kiambu-County-Executive-Staff-Mortgage-Scheme-Fund-2020-2021.pdf,C:\Users\user\Data_Science_Course\kenya_public_finance_intelligence\kenya_public_finance_intelligence\data\raw\oag\oag_2020-21_county-executive_kiambu-county-executive-staff-mortgage-s.pdf,2026-06-12T11:29:31.612892
1327,Nyeri County Elimu Fund,2020/21,county_fund,https://www.oagkenya.go.ke/wp-content/uploads/2023/01/Nyeri-County-Elimu-Fund-2020-2021.pdf#new_tab,C:\Users\user\Data_Science_Course\kenya_public_finance_intelligence\kenya_public_finance_intelligence\data\raw\oag\oag_2020-21_county-fund_nyeri-county-elimu-fund.pdf,2026-06-12T11:29:31.613113
1328,Nyeri County Elimu Fund,2020/21,county_fund,https://www.oagkenya.go.ke/wp-content/uploads/2023/01/Nyeri-County-Elimu-Fund-2020-2021.pdf,C:\Users\user\Data_Science_Course\kenya_public_finance_intelligence\kenya_public_finance_intelligence\data\raw\oag\oag_2020-21_county-fund_nyeri-county-elimu-fund.pdf,2026-06-12T11:29:31.613126
1329,Kirinyaga County Health Sector Service Fund,2020/21,county_fund,https://www.oagkenya.go.ke/wp-content/uploads/2023/01/Kirinyaga-County-Health-Sector-Service-Fund-2020-2021-.pdf#new_tab,C:\Users\user\Data_Science_Course\kenya_public_finance_intelligence\kenya_public_finance_intelligence\data\raw\oag\oag_2020-21_county-fund_kirinyaga-county-health-sector-service-f.pdf,2026-06-12T11:29:31.613339
1330,Kirinyaga County Health Sector Service Fund,2020/21,county_fund,https://www.oagkenya.go.ke/wp-content/uploads/2023/01/Kirinyaga-County-Health-Sector-Service-Fund-2020-2021-.pdf,C:\Users\user\Data_Science_Course\kenya_public_finance_intelligence\kenya_public_finance_intelligence\data\raw\oag\oag_2020-21_county-fund_kirinyaga-county-health-sector-service-f.pdf,2026-06-12T11:29:31.613353
1331,Kisumu Covid 19 Emergency Response Fund,2020/21,county_fund,https://www.oagkenya.go.ke/wp-content/uploads/2023/01/Kisumu-Covid-19-Emergency-Response-Fund-2020-2021.pdf#new_tab,C:\Users\user\Data_Science_Course\kenya_public_finance_intelligence\kenya_public_finance_intelligence\data\raw\oag\oag_2020-21_county-fund_kisumu-covid-19-emergency-response-fund.pdf,2026-06-12T11:29:31.613568
1332,Kisumu Covid 19 Emergency Response Fund,2020/21,county_fund,https://www.oagkenya.go.ke/wp-content/uploads/2023/01/Kisumu-Covid-19-Emergency-Response-Fund-2020-2021.pdf,C:\Users\user\Data_Science_Course\kenya_public_finance_intelligence\kenya_public_finance_intelligence\data\raw\oag\oag_2020-21_county-fund_kisumu-covid-19-emergency-response-fund.pdf,2026-06-12T11:29:31.613582
1333,Elgeyo Marakwet Education Fund – Executive,2020/21,county_executive,https://www.oagkenya.go.ke/wp-content/uploads/2023/01/Elgeyo-Marakwet-Education-Fund-Executive-2020-2021.pdf#new_tab,C:\Users\user\Data_Science_Course\kenya_public_finance_intelligence\kenya_public_finance_intelligence\data\raw\oag\oag_2020-21_county-executive_elgeyo-marakwet-education-fund-executive.pdf,2026-06-12T11:29:31.613804
1334,Elgeyo Marakwet Education Fund – Executive,2020/21,county_executive,https://www.oagkenya.go.ke/wp-content/uploads/2023/01/Elgeyo-Marakwet-Education-Fund-Executive-2020-2021.pdf,C:\Users\user\Data_Science_Course\kenya_public_finance_intelligence\kenya_public_finance_intelligence\data\raw\oag\oag_2020-21_county-executive_elgeyo-marakwet-education-fund-executive.pdf,2026-06-12T11:29:31.613820
1335,Kirinyaga County Executive Facility Improvement Fund,2020/21,county_executive,https://www.oagkenya.go.ke/wp-content/uploads/2023/01/Kirinyaga-County-Executive-Facility-Improvement-Fund-2020-2021.pdf#new_tab,C:\Users\user\Data_Science_Course\kenya_public_finance_intelligence\kenya_public_finance_intelligence\data\raw\oag\oag_2020-21_county-executive_kirinyaga-county-executive-facility-impr.pdf,2026-06-12T11:29:31.614039
1336,Kirinyaga County Executive Facility Improvement Fund,2020/21,county_executive,https://www.oagkenya.go.ke/wp-content/uploads/2023/01/Kirinyaga-County-Executive-Facility-Improvement-Fund-2020-2021.pdf,C:\Users\user\Data_Science_Course\kenya_public_finance_intelligence\kenya_public_finance_intelligence\data\raw\oag\oag_2020-21_county-executive_kirinyaga-county-executive-facility-impr.pdf,2026-06-12T11:29:31.614082
1337,Kisii County Busaries Fund,2020/21,county_fund,https://www.oagkenya.go.ke/wp-content/uploads/2023/01/Kisii-County-Busaries-Fund-2020-2021.pdf#new_tab,C:\Users\user\Data_Science_Course\kenya_public_finance_intelligence\kenya_public_finance_intelligence\data\raw\oag\oag_2020-21_county-fund_kisii-county-busaries-fund.pdf,2026-06-12T11:29:31.614306
1338,Kisii County Busaries Fund,2020/21,county_fund,https://www.oagkenya.go.ke/wp-content/uploads/2023/01/Kisii-County-Busaries-Fund-2020-2021.pdf,C:\Users\user\Data_Science_Course\kenya_public_finance_intelligence\kenya_public_finance_intelligence\data\raw\oag\oag_2020-21_county-fund_kisii-county-busaries-fund.pdf,2026-06-12T11:29:31.614320
1339,Trans Nzoia Nawiri Fund,2020/21,county_fund,https://www.oagkenya.go.ke/wp-content/uploads/2022/12/Trans-Nzoia-Nawiri-Fund-2020-2021.pdf#new_tab,C:\Users\user\Data_Science_Course\kenya_public_finance_intelligence\kenya_public_finance_intelligence\data\raw\oag\oag_2020-21_county-fund_trans-nzoia-nawiri-fund.pdf,2026-06-12T11:29:31.614539
1340,Trans Nzoia Nawiri Fund,2020/21,county_fund,https://www.oagkenya.go.ke/wp-content/uploads/2022/12/Trans-Nzoia-Nawiri-Fund-2020-2021.pdf,C:\Users\user\Data_Science_Course\kenya_public_finance_intelligence\kenya_public_finance_intelligence\data\raw\oag\oag_2020-21_county-fund_trans-nzoia-nawiri-fund.pdf,2026-06-12T11:29:31.614552
1341,Trans Nzoia County Youth & Women Development Fund,2020/21,county_fund,https://www.oagkenya.go.ke/wp-content/uploads/2022/12/Trans-Nzoia-County-Youth-Women-Development-Fund-2021-2021.pdf#new_tab,C:\Users\user\Data_Science_Course\kenya_public_finance_intelligence\kenya_public_finance_intelligence\data\raw\oag\oag_2020-21_county-fund_trans-nzoia-county-youth-women-developme.pdf,2026-06-12T11:29:31.614769
1342,Trans Nzoia County Youth & Women Development Fund,2020/21,county_fund,https://www.oagkenya.go.ke/wp-content/uploads/2022/12/Trans-Nzoia-County-Youth-Women-Development-Fund-2021-2021.pdf,C:\Users\user\Data_Science_Course\kenya_public_finance_intelligence\kenya_public_finance_intelligence\data\raw\oag\oag_2020-21_county-fund_trans-nzoia-county-youth-women-developme.pdf,2026-06-12T11:29:31.614783
1343,Trans Nzoia County Executive Car Loan and Mortgage Fund,2020/21,county_executive,https://www.oagkenya.go.ke/wp-content/uploads/2022/12/Trans-Nzoia-County-Executive-Car-Loan-and-Mortgage-Fund-2021-2021.pdf#new_tab,C:\Users\user\Data_Science_Course\kenya_public_finance_intelligence\kenya_public_finance_intelligence\data\raw\oag\oag_2020-21_county-executive_trans-nzoia-county-executive-car-loan-an.pdf,2026-06-12T11:29:31.614996
1344,Trans Nzoia County Executive Car Loan and Mortgage Fund,2020/21,county_executive,https://www.oagkenya.go.ke/wp-content/uploads/2022/12/Trans-Nzoia-County-Executive-Car-Loan-and-Mortgage-Fund-2021-2021.pdf,C:\Users\user\Data_Science_Course\kenya_public_finance_intelligence\kenya_public_finance_intelligence\data\raw\oag\oag_2020-21_county-executive_trans-nzoia-county-executive-car-loan-an.pdf,2026-06-12T11:29:31.615008
1345,Trans Nzoia County Elimu Bursary Fund,2020/21,county_fund,https://www.oagkenya.go.ke/wp-content/uploads/2022/12/Trans-Nzoia-County-Elimu-Bursary-Fund-2020-2021.pdf#new_tab,C:\Users\user\Data_Science_Course\kenya_public_finance_intelligence\kenya_public_finance_intelligence\data\raw\oag\oag_2020-21_county-fund_trans-nzoia-county-elimu-bursary-fund.pdf,2026-06-12T11:29:31.615233
1346,Trans Nzoia County Elimu Bursary Fund,2020/21,county_fund,https://www.oagkenya.go.ke/wp-content/uploads/2022/12/Trans-Nzoia-County-Elimu-Bursary-Fund-2020-2021.pdf,C:\Users\user\Data_Science_Course\kenya_public_finance_intelligence\kenya_public_finance_intelligence\data\raw\oag\oag_2020-21_county-fund_trans-nzoia-county-elimu-bursary-fund.pdf,2026-06-12T11:29:31.615251
1347,Combined Consolidated Report on County Governments Revenue Funds 2022-2023,2022/23,county_executive,https://www.oagkenya.go.ke/wp-content/uploads/2024/07/Combined-Consolidated-Report-County-Governments-Revenue-Funds-2023.pdf#new_tab,C:\Users\user\Data_Science_Course\kenya_public_finance_intelligence\kenya_public_finance_intelligence\data\raw\oag\oag_2022-23_county-executive_combined-consolidated-report-on-county-g.pdf,2026-06-12T11:29:50.611412
1348,Combined Consolidated Report on County Governments Revenue Funds 2022-2023,2022/23,county_executive,https://www.oagkenya.go.ke/wp-content/uploads/2024/07/Combined-Consolidated-Report-County-Governments-Revenue-Funds-2023.pdf,C:\Users\user\Data_Science_Course\kenya_public_finance_intelligence\kenya_public_finance_intelligence\data\raw\oag\oag_2022-23_county-executive_combined-consolidated-report-on-county-g.pdf,2026-06-12T11:29:50.611436
1349,Combined Summary Report on County Governments Revenue Funds 2022-2023,2022/23,county_executive,https://www.oagkenya.go.ke/wp-content/uploads/2024/07/Combined-Summary-Report-County-Governments-Revenue-Funds-2023.pdf#new_tab,C:\Users\user\Data_Science_Course\kenya_public_finance_intelligence\kenya_public_finance_intelligence\data\raw\oag\oag_2022-23_county-executive_combined-summary-report-on-county-govern.pdf,2026-06-12T11:29:50.611687
1350,Combined Summary Report on County Governments Revenue Funds 2022-2023,2022/23,county_executive,https://www.oagkenya.go.ke/wp-content/uploads/2024/07/Combined-Summary-Report-County-Governments-Revenue-Funds-2023.pdf,C:\Users\user\Data_Science_Course\kenya_public_finance_intelligence\kenya_public_finance_intelligence\data\raw\oag\oag_2022-23_county-executive_combined-summary-report-on-county-govern.pdf,2026-06-12T11:29:50.611701
