flag_type,severity,ocid,description,entity,supplier,fiscal_year,award_value
EXTREME_OUTLIER,HIGH,"ocds-5whusi-047/ADM/2022-2023,","Award value KES 82,534,252 exceeds 99th percentile (KES 82,429,441)",Kenya Institute of Curriculum Development,KENYA INSTITUTE FOR THE BLIND,2022/23,82534251.84
EXTREME_OUTLIER,HIGH,ocds-5whusi-1393446-2023-24,"Award value KES 247,422,915 exceeds 99th percentile (KES 82,429,441)",Bungoma County Government,,2023/24,247422915.0
EXTREME_OUTLIER,HIGH,ocds-5whusi-1479039-2023/2024,"Award value KES 94,568,509 exceeds 99th percentile (KES 82,429,441)",Kwale County Government,,2023/24,94568509.0
EXTREME_OUTLIER,HIGH,ocds-5whusi-3585,"Award value KES 1,159,894,600 exceeds 99th percentile (KES 82,429,441)",The Meru National Polytechnic,NANCHANG FOREIGN ENGINEERING COMPANY (KENYA) LIMITED,2023/24,1159894600.0
EXTREME_OUTLIER,HIGH,ocds-5whusi-892775-2021/2022-3,"Award value KES 535,007,177 exceeds 99th percentile (KES 82,429,441)",Kwale County Government,AAR INSURANCE,2023/24,535007177.0
EXTREME_OUTLIER,HIGH,ocds-5whusi-BSA/CG/PWRT/332/2023/2024,"Award value KES 484,603,541 exceeds 99th percentile (KES 82,429,441)",Busia County Government,MEGALASER INTERNATIONAL,2024/25,484603541.0
EXTREME_OUTLIER,HIGH,ocds-5whusi-BSA/CG/WIENRCCE/67/2024/2025,"Award value KES 149,840,886 exceeds 99th percentile (KES 82,429,441)",Busia County Government,KEEN DEVELOPERS KENYA LIMITED,2024/25,149840885.75
EXTREME_OUTLIER,HIGH,ocds-5whusi-CBK/031/2024-2025,"Award value KES 430,292,049 exceeds 99th percentile (KES 82,429,441)",Central Bank of Kenya,NEXT TECHNOLOGIES LIMITED,2024/25,430292048.6
EXTREME_OUTLIER,HIGH,ocds-5whusi-CBK/048/2024-2025,"Award value KES 570,099,522 exceeds 99th percentile (KES 82,429,441)",Central Bank of Kenya,ISOLUTIONS ASSOCIATES LIMITED,2024/25,570099521.81
EXTREME_OUTLIER,HIGH,ocds-5whusi-CGK-1684908- FEP-2024/2025,"Award value KES 381,146,704 exceeds 99th percentile (KES 82,429,441)",Kwale County Government,First Assurance Company Limited,2024/25,381146704.0
EXTREME_OUTLIER,HIGH,ocds-5whusi-CGK/PS/ONT/01/2024-2025,"Award value KES 347,935,478 exceeds 99th percentile (KES 82,429,441)",Kajiado County Government,CIC General Insurance Limited,2024/25,347935478.0
EXTREME_OUTLIER,HIGH,ocds-5whusi-CGU/LPP/T/25/2022/2023,"Award value KES 97,000,000 exceeds 99th percentile (KES 82,429,441)",Uasin Gishu County Government,RAEL JEMUTAI  KIBOR,2022/23,97000000.0
EXTREME_OUTLIER,HIGH,ocds-5whusi-JUD/OT/034/2023-2024,"Award value KES 491,460,969 exceeds 99th percentile (KES 82,429,441)",The Judiciary,,2023/24,491460969.0
EXTREME_OUTLIER,HIGH,ocds-5whusi-KarU/OT/006/2024-2025,"Award value KES 448,660,487 exceeds 99th percentile (KES 82,429,441)",Karatina University,Topchoice Surveillance,2024/25,448660487.0
EXTREME_OUTLIER,HIGH,ocds-5whusi-KCAA/001/2024-2025,"Award value KES 131,344,800 exceeds 99th percentile (KES 82,429,441)",Kenya Civil Aviation Authority,VICKERS SECURITY SERVICES LTD,2024/25,131344800.0
EXTREME_OUTLIER,HIGH,ocds-5whusi-KCAA/055/2023-2024,"Award value KES 154,054,709 exceeds 99th percentile (KES 82,429,441)",Kenya Civil Aviation Authority,AAR INSURANCE,2023/24,154054709.0
EXTREME_OUTLIER,HIGH,ocds-5whusi-KCG/KCDHSS/1666473/2024/2025,"Award value KES 83,433,000 exceeds 99th percentile (KES 82,429,441)",Kilifi County Government,C.D DONDA AND COMPANY LIMITED,2024/25,83433000.0
EXTREME_OUTLIER,HIGH,ocds-5whusi-KE-ICTA-395947-GO-RFB,"Award value KES 88,775,000 exceeds 99th percentile (KES 82,429,441)",ICT Authority,Dignity Traders Limited,2024/25,88775000.0
EXTREME_OUTLIER,HIGH,ocds-5whusi-KE-ICTA-441844-GO-RFB,"Award value KES 101,697,305 exceeds 99th percentile (KES 82,429,441)",ICT Authority,Yabra Technologies Ltd,2024/25,101697305.17
EXTREME_OUTLIER,HIGH,ocds-5whusi-KE-MOMBE&MA-KWL-2024-004-CW/MMBE&MA/SDBE&F/15/2023-2024,"Award value KES 378,190,808 exceeds 99th percentile (KES 82,429,441)","State Department for Fisheries, Aquaculture and the Blue Economy",MASHIN CONSTRUCTION COMPANY LIMITED,2024/25,378190808.23
EXTREME_OUTLIER,HIGH,ocds-5whusi-KE-MOMBE&MA-KWL-2024-005-CW/MMBE&MA/SDBE&F/16/2023-2024,"Award value KES 112,697,250 exceeds 99th percentile (KES 82,429,441)","State Department for Fisheries, Aquaculture and the Blue Economy",GREYVOID ENGINEERING LTD,2024/25,112697250.0
EXTREME_OUTLIER,HIGH,ocds-5whusi-KEMSA/ONT08/2024-2026,"Award value KES 194,436,000 exceeds 99th percentile (KES 82,429,441)",Kenya Medical Supplies Authority,FAMI INVESTMENT LTD,2024/25,194436000.0
EXTREME_OUTLIER,HIGH,ocds-5whusi-KeNHA/2825/2024,"Award value KES 1,326,860,937 exceeds 99th percentile (KES 82,429,441)",Kenya National Highway Authority,Gokhan Technical Services,2024/25,1326860937.05
EXTREME_OUTLIER,HIGH,ocds-5whusi-KeNHA/R10/347/2024,"Award value KES 166,398,076 exceeds 99th percentile (KES 82,429,441)",Kenya National Highway Authority,CAUSEWAY ENGINEERING SOLUTIONS LIMITED,2024/25,166398075.61
EXTREME_OUTLIER,HIGH,ocds-5whusi-KeNHA/R1/283/2024,"Award value KES 125,422,509 exceeds 99th percentile (KES 82,429,441)",Kenya National Highway Authority,Keema Investment Limited,2024/25,125422509.0
EXTREME_OUTLIER,HIGH,ocds-5whusi-KeNHA/R1/284/2024,"Award value KES 137,877,965 exceeds 99th percentile (KES 82,429,441)",Kenya National Highway Authority,Sosmut Trading Company Limited,2024/25,137877964.96
EXTREME_OUTLIER,HIGH,ocds-5whusi-KeNHA/R1/288/2024,"Award value KES 151,232,721 exceeds 99th percentile (KES 82,429,441)",Kenya National Highway Authority,Spanska Construction Limited,2024/25,151232721.18
EXTREME_OUTLIER,HIGH,ocds-5whusi-KeNHA/R1/296/2024,"Award value KES 111,497,749 exceeds 99th percentile (KES 82,429,441)",Kenya National Highway Authority,Vivid Mission Enterprises Limited,2024/25,111497749.13
EXTREME_OUTLIER,HIGH,ocds-5whusi-KeNHA/R4/300/2024,"Award value KES 324,168,914 exceeds 99th percentile (KES 82,429,441)",Kenya National Highway Authority,M/s Fountain Construction Company Limited,2024/25,324168913.88
EXTREME_OUTLIER,HIGH,ocds-5whusi-KeNHA/R9/143/2024,"Award value KES 268,872,433 exceeds 99th percentile (KES 82,429,441)",Kenya National Highway Authority,A.A.Bayusuf & Sons Ltd,2024/25,268872433.38
EXTREME_OUTLIER,HIGH,ocds-5whusi-KeRRA/08/39/3/2023 - 2024,"Award value KES 1,309,001,218 exceeds 99th percentile (KES 82,429,441)",Kenya Rural Roads Authority,Henan Highway Eng. Co.Ltd,2023/24,1309001217.7
EXTREME_OUTLIER,HIGH,ocds-5whusi-KeRRA/08/39/4/2023 - 2024,"Award value KES 566,641,005 exceeds 99th percentile (KES 82,429,441)",Kenya Rural Roads Authority,Mutech Motors & Civil Engineering Limited,2023/24,566641005.0
EXTREME_OUTLIER,HIGH,ocds-5whusi-KGN-LEG-017-2023,"Award value KES 188,138,368 exceeds 99th percentile (KES 82,429,441)",Kenya Electricity  Generating Company,,2023/24,188138368.0
EXTREME_OUTLIER,HIGH,ocds-5whusi-KICD/ADM/048/2022-2023,"Award value KES 102,555,488 exceeds 99th percentile (KES 82,429,441)",Kenya Institute of Curriculum Development,KENYA LITERATURE BUREAU,2022/23,102555488.37
EXTREME_OUTLIER,HIGH,ocds-5whusi-KICD/FC/1/2024-2025,"Award value KES 1,194,755,175 exceeds 99th percentile (KES 82,429,441)",Kenya Institute of Curriculum Development,MOUNTAINTOP,2024/25,1194755175.0
EXTREME_OUTLIER,HIGH,ocds-5whusi-KP1/9A.2/DT/004/ICT/23-24,"Award value KES 193,430,000 exceeds 99th percentile (KES 82,429,441)",Kenya Power & Lighting Company,,2023/24,193430000.0
EXTREME_OUTLIER,HIGH,ocds-5whusi-KP1/9A.3/DT/09/21-22,"Award value KES 138,745,657 exceeds 99th percentile (KES 82,429,441)",Kenya Power & Lighting Company,M/S NUMERICAL MACHINING COMPLEX LTD,2022/23,138745657.0
EXTREME_OUTLIER,HIGH,ocds-5whusi-KP1/9A.3/OT/15/FA/21-22,"Award value KES 470,941,732 exceeds 99th percentile (KES 82,429,441)",Kenya Power & Lighting Company,ABCOS INDUSTRIAL LIMITED,2022/23,470941732.2
EXTREME_OUTLIER,HIGH,ocds-5whusi-KP1/9A.3/OT/24/23-24,"Award value KES 90,573,380 exceeds 99th percentile (KES 82,429,441)",Kenya Power & Lighting Company,YOCEAN (GROUP) LIMITED,2024/25,90573380.0
EXTREME_OUTLIER,HIGH,ocds-5whusi-KPA/001/2024-25/PDM,"Award value KES 8,344,521,663 exceeds 99th percentile (KES 82,429,441)",Kenya Ports Authority,STECOL-MILIKI JOINT VENTURE,2024/25,8344521662.93
EXTREME_OUTLIER,HIGH,ocds-5whusi-KPA/005/2024-25/ICT,"Award value KES 290,523,810 exceeds 99th percentile (KES 82,429,441)",Kenya Ports Authority,MILLENIUM SOLUTIONS E.A LIMITED,2024/25,290523810.08
EXTREME_OUTLIER,HIGH,ocds-5whusi-KPA/007/2024-25/TE,"Award value KES 361,766,590 exceeds 99th percentile (KES 82,429,441)",Kenya Ports Authority,M/S ZPOJAWO CONSULTING ENGINEERS,2024/25,361766589.93
EXTREME_OUTLIER,HIGH,ocds-5whusi-KPA/021/2023-24/PDM,"Award value KES 121,971,736 exceeds 99th percentile (KES 82,429,441)",Kenya Ports Authority,,2023/24,121971735.68
EXTREME_OUTLIER,HIGH,ocds-5whusi-KPA/046/2023-24/MKTG,"Award value KES 111,832,789 exceeds 99th percentile (KES 82,429,441)",Kenya Ports Authority,,2023/24,111832789.0
EXTREME_OUTLIER,HIGH,ocds-5whusi-KPA/070/2023-24/PDM,"Award value KES 1,556,920,120 exceeds 99th percentile (KES 82,429,441)",Kenya Ports Authority,YOOSHIN ENGINEERING CORPORATION,2023/24,1556920120.0
EXTREME_OUTLIER,HIGH,ocds-5whusi-KPA/077/2023-24/TE,"Award value KES 296,702,201 exceeds 99th percentile (KES 82,429,441)",Kenya Ports Authority,POWER PARTS (K) LTD,2023/24,296702201.0
EXTREME_OUTLIER,HIGH,ocds-5whusi-KPA/082/2023-24/AM,"Award value KES 178,135,910 exceeds 99th percentile (KES 82,429,441)",Kenya Ports Authority,CRYSTAL VALUERS LTD,2024/25,178135910.4
EXTREME_OUTLIER,HIGH,ocds-5whusi-KPA/085/2023-24/FS,"Award value KES 3,195,115,312 exceeds 99th percentile (KES 82,429,441)",Kenya Ports Authority,KENYA SHIPYARD LIMITED,2024/25,3195115311.88
EXTREME_OUTLIER,HIGH,ocds-5whusi-KPA/145/2023-24/EE,"Award value KES 86,386,427 exceeds 99th percentile (KES 82,429,441)",Kenya Ports Authority,M/s Perfcon Ltd,2023/24,86386427.28
EXTREME_OUTLIER,HIGH,ocds-5whusi-KPA/152/2023-24/ICT,"Award value KES 1,021,785,425 exceeds 99th percentile (KES 82,429,441)",Kenya Ports Authority,NEXT TECHNOLOGIES LIMITED,2023/24,1021785425.0
EXTREME_OUTLIER,HIGH,ocds-5whusi-KPA/204/2023-24/TE,"Award value KES 94,634,249 exceeds 99th percentile (KES 82,429,441)",Kenya Ports Authority,FIREFOX KENYA LTD,2024/25,94634249.0
EXTREME_OUTLIER,HIGH,ocds-5whusi-KPA/246/2023-24/CE,"Award value KES 102,082,582 exceeds 99th percentile (KES 82,429,441)",Kenya Ports Authority,TRANSMAR LIMMITED,2024/25,102082581.58
EXTREME_OUTLIER,HIGH,ocds-5whusi-KPA/259/2023-24/PDM,"Award value KES 489,910,439 exceeds 99th percentile (KES 82,429,441)",Kenya Ports Authority,ASSOCIATED ELECTRICAL & HARDWARE  SUPPLIES LIMITED,2024/25,489910439.0
EXTREME_OUTLIER,HIGH,ocds-5whusi-KPC/PU/OT - 053/ICT/NBI/24 - 25,"Award value KES 118,653,743 exceeds 99th percentile (KES 82,429,441)",Kenya Pipeline Company,TIVELLA TECHNOLOGIES LIMITED,2024/25,118653743.3
EXTREME_OUTLIER,HIGH,ocds-5whusi-KPC-PU-OT-069-I&C-NBI-23-24-NEWDOCUMENT,"Award value KES 345,126,738 exceeds 99th percentile (KES 82,429,441)",Kenya Pipeline Company,,2023/24,345126738.0
EXTREME_OUTLIER,HIGH,ocds-5whusi-KPC/PU/OT – 076/ICT/NBI/24 - 25,"Award value KES 119,164,950 exceeds 99th percentile (KES 82,429,441)",Kenya Pipeline Company,AGILE BUSINESS TECHNOLOGIES LIMITED,2024/25,119164950.0
EXTREME_OUTLIER,HIGH,ocds-5whusi-KRA/HQS/DP-048/2023-2024,"Award value KES 108,277,440 exceeds 99th percentile (KES 82,429,441)",Kenya Revenue Authority,Bridgewater Investments Limited,2024/25,108277440.0
EXTREME_OUTLIER,HIGH,ocds-5whusi-KRA/HQS/NCB-043/2023-2024,"Award value KES 153,640,780 exceeds 99th percentile (KES 82,429,441)",Kenya Revenue Authority,Sybyl Kenya Limited,2024/25,153640779.91
EXTREME_OUTLIER,HIGH,ocds-5whusi-KRA/HQS/NCB-062/2023-2024,"Award value KES 369,509,996 exceeds 99th percentile (KES 82,429,441)",Kenya Revenue Authority,Symphony Technologies Limited,2024/25,369509995.68
EXTREME_OUTLIER,HIGH,ocds-5whusi-LVNWWDA/GK/BGM/STATELODGE/2023-2024/02,"Award value KES 126,600,000 exceeds 99th percentile (KES 82,429,441)",Lake Victoria North Water services Board,Blue Swift Contractor &General Supplies,2023/24,126600000.0
EXTREME_OUTLIER,HIGH,ocds-5whusi-MCG/OT/002/2023-2024,"Award value KES 138,214,663 exceeds 99th percentile (KES 82,429,441)",Mandera County Government,SHARUS CONSTRUCTION AND SUPPLIERS COMPANY LIMITE,2023/24,138214663.0
EXTREME_OUTLIER,HIGH,ocds-5whusi-MCG/OT/020/2023-2024,"Award value KES 208,818,953 exceeds 99th percentile (KES 82,429,441)",Mandera County Government,,2023/24,208818952.65
EXTREME_OUTLIER,HIGH,ocds-5whusi-RFX No. 1000001199,"Award value KES 138,307,753 exceeds 99th percentile (KES 82,429,441)",Rural Electrification Authority,STELEC KENYA LIMITED,2024/25,138307752.68
EXTREME_OUTLIER,HIGH,ocds-5whusi-TENDERNO.CBK/142/2023-2024,"Award value KES 246,005,846 exceeds 99th percentile (KES 82,429,441)",Central Bank of Kenya,Envision Global,2023/24,246005845.57
EXTREME_OUTLIER,HIGH,ocds-5whusi-TENDERNO.KMF/HQS/19/2023-2024,"Award value KES 228,958,861 exceeds 99th percentile (KES 82,429,441)",Kenya Marine and fisheries Research Institute,,2023/24,228958861.0
EXTREME_OUTLIER,HIGH,ocds-5whusi-TNCA/OP/02/2024-2025.,"Award value KES 172,137,365 exceeds 99th percentile (KES 82,429,441)",County Assembly Of Tharaka-Nithi,Chuka General Construction Ltd,2024/25,172137365.0
EXTREME_OUTLIER,HIGH,ocds-5whusi-WCG/OT/PSL/27/2023-2024,"Award value KES 348,125,879 exceeds 99th percentile (KES 82,429,441)",Wajir County Government,JUBILEE HEALTH INSURANCE,2023/24,348125879.0
EXTREME_OUTLIER,HIGH,ocds-5whusi-015/ADM/2023-2024,"Award value KES 522,400,873 exceeds 99th percentile (KES 82,429,441)",Kenya Institute of Curriculum Development,,2023/24,522400873.0
EXTREME_OUTLIER,HIGH,ocds-5whusi-1366221,"Award value KES 99,525,216 exceeds 99th percentile (KES 82,429,441)",Kwale County Government,,2023/24,99525216.0
EXTREME_OUTLIER,HIGH,ocds-5whusi-1678926/2024/2025,"Award value KES 210,000,000 exceeds 99th percentile (KES 82,429,441)",Makueni County Government,MADISON GENERAL INSURANCE KENYA LIMITED,2024/25,210000000.0
EXTREME_OUTLIER,HIGH,ocds-5whusi-218906-CGS/GOV.&ADM/OT/2024-2025/06,"Award value KES 296,645,940 exceeds 99th percentile (KES 82,429,441)",Siaya County Government,JOHNCELE INSURANCE BROKERS LIMITED,2024/25,296645940.0
EXTREME_OUTLIER,HIGH,ocds-5whusi-4652,"Award value KES 1,150,571,187 exceeds 99th percentile (KES 82,429,441)",The Meru National Polytechnic,SOLITAIRE CONSTRUCTION LIMITED,2024/25,1150571187.0
EXTREME_OUTLIER,HIGH,ocds-5whusi-CA/PROC/RT/03/2022-2023,"Award value KES 197,835,300 exceeds 99th percentile (KES 82,429,441)",Communications Authority of Kenya,COM 21,2022/23,197835300.0
EXTREME_OUTLIER,HIGH,ocds-5whusi-CA/SCM/OT/74/2023-2024,"Award value KES 110,593,105 exceeds 99th percentile (KES 82,429,441)",Communications Authority of Kenya,,2024/25,110593105.06
EXTREME_OUTLIER,HIGH,ocds-5whusi-CBK/061/2024-2025,"Award value KES 85,832,444 exceeds 99th percentile (KES 82,429,441)",Central Bank of Kenya,ISOLUTIONS ASSOCIATES LIMITED,2024/25,85832443.57
EXTREME_OUTLIER,HIGH,ocds-5whusi-CGOKTI/PSMGA/002/2024-2025 NEGOTIATION NO: 1666726,"Award value KES 293,650,365 exceeds 99th percentile (KES 82,429,441)",Kitui County Government,BRITAM GENERAL INSURANCE COMPANY KENYA LIMITED,2024/25,293650365.32
EXTREME_OUTLIER,HIGH,ocds-5whusi-CGS/SCM/TCSA/OT/2023-2024/022,"Award value KES 137,350,000 exceeds 99th percentile (KES 82,429,441)",Siaya County Government,COMNETE TECHNOLOGIES LIMITED,2023/24,137350000.0
EXTREME_OUTLIER,HIGH,ocds-5whusi-ENNDA/CONTR/012/2023-2024LOT18,"Award value KES 140,481,880 exceeds 99th percentile (KES 82,429,441)",Ewaso Ng'iro North Development Authority,,2023/24,140481880.0
EXTREME_OUTLIER,HIGH,ocds-5whusi-EU/ONT/25/2023-2024,"Award value KES 88,882,285 exceeds 99th percentile (KES 82,429,441)",Egerton University,STARTERS INVESTMENTS LIMITED,2023/24,88882284.67
EXTREME_OUTLIER,HIGH,ocds-5whusi-GFATMHIVNFM-2023/2024-DP-011,"Award value KES 248,116,556 exceeds 99th percentile (KES 82,429,441)",Kenya Medical Supplies Authority,REDDYS PHARMA LTD,2023/24,248116556.0
EXTREME_OUTLIER,HIGH,ocds-5whusi-GFATMHIVNFM-2023/2024DP08,"Award value KES 457,470,000 exceeds 99th percentile (KES 82,429,441)",Kenya Medical Supplies Authority,,2023/24,457470000.0
EXTREME_OUTLIER,HIGH,ocds-5whusi-HELB/OT/10B/2023-2024,"Award value KES 107,340,294 exceeds 99th percentile (KES 82,429,441)",Higher Education Loan Board,COMPUTER REVOLUTION AFRICA,2024/25,107340293.67
EXTREME_OUTLIER,HIGH,ocds-5whusi-JUD/OT/032/2023-2024,"Award value KES 163,214,414 exceeds 99th percentile (KES 82,429,441)",The Judiciary,UNIVERSAL TRENDS LTD,2023/24,163214414.0
EXTREME_OUTLIER,HIGH,ocds-5whusi-JUD/OT/033/2023-2024,"Award value KES 126,178,635 exceeds 99th percentile (KES 82,429,441)",The Judiciary,All weather investments company,2023/24,126178635.2
EXTREME_OUTLIER,HIGH,ocds-5whusi-KAA/DP/MATULO/0215/2023-2024,"Award value KES 101,499,594 exceeds 99th percentile (KES 82,429,441)",Kenya Airport Authority,CONTRALINKS SOLUTIONS AND SERVICES LTD,2023/24,101499594.0
EXTREME_OUTLIER,HIGH,ocds-5whusi-KAA/DP/RFP/HQ/0008/2024-2025,"Award value KES 126,000,000 exceeds 99th percentile (KES 82,429,441)",Kenya Airport Authority,ASHITIVA ADVOCATES LLP,2024/25,126000000.0
EXTREME_OUTLIER,HIGH,ocds-5whusi-KALRO/001/HQTS/2024-2025,"Award value KES 149,286,960 exceeds 99th percentile (KES 82,429,441)",Kenya Agricultural & Livestock Research Organization,Ismax Security Limited,2024/25,149286960.0
EXTREME_OUTLIER,HIGH,ocds-5whusi-KALRO/007/HQTS/2024-2025,"Award value KES 146,281,969 exceeds 99th percentile (KES 82,429,441)",Kenya Agricultural & Livestock Research Organization,Liaison Group,2024/25,146281969.0
EXTREME_OUTLIER,HIGH,ocds-5whusi-KCG/WSNRM/1371933-2/2023/2024,"Award value KES 399,984,014 exceeds 99th percentile (KES 82,429,441)",Kilifi County Government,RICHPENDOH INTERNATIONAL,2023/24,399984014.0
EXTREME_OUTLIER,HIGH,ocds-5whusi-KCG/WSNRM/1422120-2023-2024,"Award value KES 89,012,457 exceeds 99th percentile (KES 82,429,441)",Kilifi County Government,BIOMAX AFRICA LIMITED,2023/24,89012457.03
EXTREME_OUTLIER,HIGH,ocds-5whusi-KEFRI/ONT/001/2024 - 2025,"Award value KES 173,894,353 exceeds 99th percentile (KES 82,429,441)",Kenya Forestry Research Institute,Britam Genaral Insurance Limited,2024/25,173894353.23
EXTREME_OUTLIER,HIGH,ocds-5whusi-KE-MOMBE&MA-LM-2024-011-CW/MMBE&MA/SDBE&F/21/2023-2024,"Award value KES 125,116,200 exceeds 99th percentile (KES 82,429,441)","State Department for Fisheries, Aquaculture and the Blue Economy",SUPER SERV LTD,2024/25,125116200.0
EXTREME_OUTLIER,HIGH,ocds-5whusi-KE-MOMBE&MA-TR-2024-013-CW/MMBE&MA/SDBE&F/23/2023-2024,"Award value KES 116,845,367 exceeds 99th percentile (KES 82,429,441)","State Department for Fisheries, Aquaculture and the Blue Economy",HIROLA INVESTMENT LTD,2024/25,116845367.0
EXTREME_OUTLIER,HIGH,ocds-5whusi-KeNHA/2821/2024,"Award value KES 1,414,020,353 exceeds 99th percentile (KES 82,429,441)",Kenya National Highway Authority,Ebenezer Commercial Works,2024/25,1414020353.48
EXTREME_OUTLIER,HIGH,ocds-5whusi-KeNHA/2824/2024,"Award value KES 785,667,203 exceeds 99th percentile (KES 82,429,441)",Kenya National Highway Authority,Savory Agencies  Ltd,2024/25,785667202.59
EXTREME_OUTLIER,HIGH,ocds-5whusi-KeNHA/R10/362/2024,"Award value KES 94,394,387 exceeds 99th percentile (KES 82,429,441)",Kenya National Highway Authority,ARIDLANDS BUSINESS LIMITED,2024/25,94394386.55
EXTREME_OUTLIER,HIGH,ocds-5whusi-KeNHA/R1/285/2024,"Award value KES 124,067,661 exceeds 99th percentile (KES 82,429,441)",Kenya National Highway Authority,Turgo Investment Limited,2024/25,124067661.42
EXTREME_OUTLIER,HIGH,ocds-5whusi-KeNHA/R1/289/2024,"Award value KES 87,084,393 exceeds 99th percentile (KES 82,429,441)",Kenya National Highway Authority,Digicon Enterprises Limited,2024/25,87084393.48
EXTREME_OUTLIER,HIGH,ocds-5whusi-KeNHA/R4/301/2024,"Award value KES 342,002,816 exceeds 99th percentile (KES 82,429,441)",Kenya National Highway Authority,M/s Onster Group Ltd,2024/25,342002816.22
EXTREME_OUTLIER,HIGH,ocds-5whusi-KeNHA/R4/303/2024,"Award value KES 142,042,909 exceeds 99th percentile (KES 82,429,441)",Kenya National Highway Authority,M/s Tykon Holdings Limited.,2024/25,142042909.15
EXTREME_OUTLIER,HIGH,ocds-5whusi-KeNHA/R4/311/2024,"Award value KES 215,678,854 exceeds 99th percentile (KES 82,429,441)",Kenya National Highway Authority,Mumtahaz Ltd,2024/25,215678854.09
EXTREME_OUTLIER,HIGH,ocds-5whusi-KeNHA/R4/314/2024,"Award value KES 121,836,388 exceeds 99th percentile (KES 82,429,441)",Kenya National Highway Authority,Brexit Kenya Ltd,2024/25,121836388.05
EXTREME_OUTLIER,HIGH,ocds-5whusi-KeNHA/R5/207/2024,"Award value KES 92,380,731 exceeds 99th percentile (KES 82,429,441)",Kenya National Highway Authority,M/s Yatico Supplies & Construction Ltd,2024/25,92380731.1
EXTREME_OUTLIER,HIGH,ocds-5whusi-KeNHA/R9/147/2024,"Award value KES 166,841,839 exceeds 99th percentile (KES 82,429,441)",Kenya National Highway Authority,Southwark Connections Ltd,2024/25,166841838.56
EXTREME_OUTLIER,HIGH,ocds-5whusi-KeRRA/08/39/2/2023-2024,"Award value KES 2,171,008,107 exceeds 99th percentile (KES 82,429,441)",Kenya Rural Roads Authority,STECOL CORPORATION LIMITED,2023/24,2171008107.0
EXTREME_OUTLIER,HIGH,ocds-5whusi-KeRRA/08/39/45/2023-24,"Award value KES 352,400,808 exceeds 99th percentile (KES 82,429,441)",Kenya Rural Roads Authority,Lunaric Contractors Ltd,2023/24,352400808.0
EXTREME_OUTLIER,HIGH,ocds-5whusi-KICC/22/2022-2023,"Award value KES 94,430,830 exceeds 99th percentile (KES 82,429,441)",The Kenyatta International Convention Centre,ANCHOR CONSOLIDATED LTD,2024/25,94430830.0
EXTREME_OUTLIER,HIGH,ocds-5whusi-KICD/035/ADM/2022-2023,"Award value KES 83,084,326 exceeds 99th percentile (KES 82,429,441)",Kenya Institute of Curriculum Development,KENYA LITERATURE BUREAU,2022/23,83084326.0
EXTREME_OUTLIER,HIGH,"ocds-5whusi-KICD/FC/001/2022-2023,","Award value KES 787,875,004 exceeds 99th percentile (KES 82,429,441)",Kenya Institute of Curriculum Development,MENTOR PUBLISHERS,2023/24,787875004.0
EXTREME_OUTLIER,HIGH,ocds-5whusi-KP1/9A.2/DT/005/ICT/23-24,"Award value KES 281,875,868 exceeds 99th percentile (KES 82,429,441)",Kenya Power & Lighting Company,,2023/24,281875867.5
EXTREME_OUTLIER,HIGH,ocds-5whusi-KP1/9A.2/OT/046/ICT/20-21,"Award value KES 104,243,000 exceeds 99th percentile (KES 82,429,441)",Kenya Power & Lighting Company,DETRIX COMMUNICATIONS LTD,2021/22,104243000.0
EXTREME_OUTLIER,HIGH,ocds-5whusi-KP1/9A.2/OT/093/ICT/23-24,"Award value KES 278,977,817 exceeds 99th percentile (KES 82,429,441)",Kenya Power & Lighting Company,SASAIT LIMITED,2024/25,278977816.88
EXTREME_OUTLIER,HIGH,ocds-5whusi-KP1/9A.3/OT/30/23-24,"Award value KES 110,362,400 exceeds 99th percentile (KES 82,429,441)",Kenya Power & Lighting Company,AMOTECH AFRICA LIMITED,2024/25,110362400.07
EXTREME_OUTLIER,HIGH,ocds-5whusi-KP1/9A.3/OT/33/23-24,"Award value KES 114,970,760 exceeds 99th percentile (KES 82,429,441)",Kenya Power & Lighting Company,Amotech Africa Limited,2024/25,114970759.66
EXTREME_OUTLIER,HIGH,ocds-5whusi-KPA/006/2024-25/ICT,"Award value KES 249,025,735 exceeds 99th percentile (KES 82,429,441)",Kenya Ports Authority,MILLENIUN SOLUTIONS E.A LIMITED,2024/25,249025735.0
EXTREME_OUTLIER,HIGH,ocds-5whusi-KPA/011/2024-25/SS,"Award value KES 129,635,994 exceeds 99th percentile (KES 82,429,441)",Kenya Ports Authority,RADIANT SYSTEMS LTD,2024/25,129635994.37
EXTREME_OUTLIER,HIGH,ocds-5whusi-KPA/241/2023-24/TE,"Award value KES 151,032,906 exceeds 99th percentile (KES 82,429,441)",Kenya Ports Authority,STINIS SINGAPORE LIMITED,2024/25,151032906.0
EXTREME_OUTLIER,HIGH,ocds-5whusi-KPA/249/2023-24/ME,"Award value KES 695,553,118 exceeds 99th percentile (KES 82,429,441)",Kenya Ports Authority,KENYA SHIPYARDS LIMITED,2024/25,695553117.93
EXTREME_OUTLIER,HIGH,ocds-5whusi-KPC/PU/OT - 055/ICT/NBI/24 - 25,"Award value KES 94,890,503 exceeds 99th percentile (KES 82,429,441)",Kenya Pipeline Company,BARAN TELECOM NETWORK LIMITED,2024/25,94890503.0
EXTREME_OUTLIER,HIGH,ocds-5whusi-KRA/HQS/NCB-003/2024-2025,"Award value KES 348,651,317 exceeds 99th percentile (KES 82,429,441)",Kenya Revenue Authority,SYBYL KENYA LIMITED,2024/25,348651316.88
EXTREME_OUTLIER,HIGH,ocds-5whusi-KRA/HQS/NCB-007/2024-2025,"Award value KES 117,943,560 exceeds 99th percentile (KES 82,429,441)",Kenya Revenue Authority,Xerode Civil and Building Contractors Limited,2024/25,117943560.01
EXTREME_OUTLIER,HIGH,ocds-5whusi-KRA/HQS/NCB-104/2022-2023,"Award value KES 162,770,000 exceeds 99th percentile (KES 82,429,441)",Kenya Revenue Authority,Petma Restaurant Limited,2023/24,162770000.0
EXTREME_OUTLIER,HIGH,ocds-5whusi-KRA/HQS/RFP-042/2023-2024,"Award value KES 1,185,760,793 exceeds 99th percentile (KES 82,429,441)",Kenya Revenue Authority,Safcom Technologies,2023/24,1185760793.0
EXTREME_OUTLIER,HIGH,ocds-5whusi-KR/SCM/104/2023-2024,"Award value KES 100,870,000 exceeds 99th percentile (KES 82,429,441)",Kenya Railways,GLOHOPEN KENYA LIMITED,2024/25,100870000.0
EXTREME_OUTLIER,HIGH,ocds-5whusi-MCA/OT/01/2023/2024,"Award value KES 170,498,000 exceeds 99th percentile (KES 82,429,441)",County Assembly Of Mandera,"saarma general construction and supplies ltd of P.o Box 515-70300,Mandera",2023/24,170498000.0
EXTREME_OUTLIER,HIGH,ocds-5whusi-MCG/OT/015/2023-2024,"Award value KES 220,434,636 exceeds 99th percentile (KES 82,429,441)",Mandera County Government,,2023/24,220434636.0
EXTREME_OUTLIER,HIGH,ocds-5whusi-MCG/OT/019/2023-2024,"Award value KES 117,910,821 exceeds 99th percentile (KES 82,429,441)",Mandera County Government,AHQA COMPANY LIMITED,2023/24,117910821.0
EXTREME_OUTLIER,HIGH,ocds-5whusi-MCG/OT/055/2023-2024,"Award value KES 199,999,879 exceeds 99th percentile (KES 82,429,441)",Mandera County Government,,2023/24,199999879.0
EXTREME_OUTLIER,HIGH,ocds-5whusi-MCG/OT/070/2023-2024,"Award value KES 184,682,867 exceeds 99th percentile (KES 82,429,441)",Mandera County Government,,2023/24,184682867.46
EXTREME_OUTLIER,HIGH,ocds-5whusi-MOE/KPEELP/RFB/01/2022-2023,"Award value KES 114,478,328 exceeds 99th percentile (KES 82,429,441)",Early Learning & Basic Education,Metronome Tech Solutions Limited,2022/23,114478328.0
EXTREME_OUTLIER,HIGH,ocds-5whusi-NCG/OT/027/2024-2025,"Award value KES 196,470,760 exceeds 99th percentile (KES 82,429,441)",Narok County Government,OLOONKERIN LTD,2024/25,196470760.35
EXTREME_OUTLIER,HIGH,ocds-5whusi-NHC/TECH/CHW/023/2022-2023,"Award value KES 498,751,950 exceeds 99th percentile (KES 82,429,441)",National Housing Corporation,Quest Civil Engineers Ltd,2023/24,498751949.75
EXTREME_OUTLIER,HIGH,ocds-5whusi-NNP/NT/03/2024,"Award value KES 90,954,717 exceeds 99th percentile (KES 82,429,441)",The Nyeri National Polytechnic,,2024/25,90954717.0
EXTREME_OUTLIER,HIGH,ocds-5whusi-RFQ173/23-24,"Award value KES 103,200,000 exceeds 99th percentile (KES 82,429,441)",Chuka University,Nairobi sports house ltd,2023/24,103200000.0
EXTREME_OUTLIER,HIGH,ocds-5whusi-RFX1000001055,"Award value KES 83,870,958 exceeds 99th percentile (KES 82,429,441)",Rural Electrification Authority,Africa Bechtel Logistics Limited,2023/24,83870958.0
EXTREME_OUTLIER,HIGH,ocds-5whusi-SNSC/AGRIC/293/2021/2022-FR,"Award value KES 229,734,558 exceeds 99th percentile (KES 82,429,441)",South Nyanza Sugar Company Limited,Total Energies & Marketing Kenya PLC,2021/22,229734558.4
EXTREME_OUTLIER,HIGH,ocds-5whusi-TENDERNO:DP/SHA/001/2024-2025,"Award value KES 229,028,777 exceeds 99th percentile (KES 82,429,441)",National Hospital Insurance Fund,1,2024/25,229028777.0
EXTREME_OUTLIER,HIGH,ocds-5whusi-TENDER NO. KRA/HQS/NCB-011/2024-2025,"Award value KES 369,864,684 exceeds 99th percentile (KES 82,429,441)",Kenya Revenue Authority,Zamara Risk & Insurance Brokers Ltd,2024/25,369864684.0
EXTREME_OUTLIER,HIGH,ocds-5whusi-TRCG/OT/HEALTH/54/2023-2024,"Award value KES 84,913,536 exceeds 99th percentile (KES 82,429,441)",Tana River County Government,THE KITCHEN HUB ENTERTAINMENT LIMITED,2023/24,84913536.0
EXTREME_OUTLIER,HIGH,ocds-5whusi-TRCG/OT/PSM/50/2023/2024-,"Award value KES 155,666,956 exceeds 99th percentile (KES 82,429,441)",Tana River County Government,KENYA ALLIANCE INSURANCE COMPANY,2023/24,155666956.0
EXTREME_OUTLIER,HIGH,ocds-5whusi-TUM/T/02/2024-2025,"Award value KES 93,599,047 exceeds 99th percentile (KES 82,429,441)",Technical University of Mombasa,AAR Insurance Kenya Limited,2024/25,93599047.0
EXTREME_OUTLIER,HIGH,ocds-5whusi-WPITEMNO.D114NB/NB/2301JOBNO.10002B,"Award value KES 287,284,435 exceeds 99th percentile (KES 82,429,441)",Labour,Sadasa Construction Limited,2023/24,287284435.2
EXTREME_OUTLIER,HIGH,ocds-5whusi-1479043-2023/2024,"Award value KES 97,164,481 exceeds 99th percentile (KES 82,429,441)",Kwale County Government,AFRICENT ENTERPRISES LIMITED,2023/24,97164481.15
EXTREME_OUTLIER,HIGH,ocds-5whusi-218178-KEMSA/DP05/2024-2026,"Award value KES 97,225,142 exceeds 99th percentile (KES 82,429,441)",Kenya Medical Supplies Authority,Cellpharm Healthcare Ltd,2024/25,97225142.0
EXTREME_OUTLIER,HIGH,ocds-5whusi-219227-EMC/OT/PSM/01/2024-2025,"Award value KES 139,401,635 exceeds 99th percentile (KES 82,429,441)",Elgeyo-Marakwet County Government,TRANSNEP INSURANCE BROKER LIMITED,2024/25,139401635.0
EXTREME_OUTLIER,HIGH,ocds-5whusi-3453,"Award value KES 106,500,682 exceeds 99th percentile (KES 82,429,441)",The Meru National Polytechnic,SAI PHARMACEUTICALS LIMITED,2018/19,106500682.0
EXTREME_OUTLIER,HIGH,ocds-5whusi-3584,"Award value KES 500,139,446 exceeds 99th percentile (KES 82,429,441)",The Meru National Polytechnic,ZHONGHAO OVERSEAS CONSTRUCTION ENGINEERING CO LIMITED,2023/24,500139446.0
EXTREME_OUTLIER,HIGH,ocds-5whusi-4317,"Award value KES 90,013,625 exceeds 99th percentile (KES 82,429,441)",The Meru National Polytechnic,WORLD ELECTRONICS COMPANY LIMITED,2017/18,90013625.0
EXTREME_OUTLIER,HIGH,ocds-5whusi-AFC/OT/10/2023-2024,"Award value KES 172,074,016 exceeds 99th percentile (KES 82,429,441)",Agricultural Finance Corporation,,2023/24,172074016.0
EXTREME_OUTLIER,HIGH,ocds-5whusi-CBK/007/2024-2025,"Award value KES 191,459,455 exceeds 99th percentile (KES 82,429,441)",Central Bank of Kenya,AGILE BUSINESS SOLUTIONS LIMITED,2024/25,191459455.2
EXTREME_OUTLIER,HIGH,ocds-5whusi-CGK/OT/OO6/MEDINS/2024-2025,"Award value KES 510,375,472 exceeds 99th percentile (KES 82,429,441)",Kisumu County Government,MADISON GENERAL INSURANCE,2024/25,510375472.0
EXTREME_OUTLIER,HIGH,ocds-5whusi-CGN/MOH/ONT/080B/2023-2024,"Award value KES 248,246,866 exceeds 99th percentile (KES 82,429,441)",Nakuru County Government,DAKUKI CONSTRUCTION COMPANY LIMITED,2024/25,248246866.5
EXTREME_OUTLIER,HIGH,ocds-5whusi-CGN/ONT/FIN/001/2024-2025,"Award value KES 287,463,548 exceeds 99th percentile (KES 82,429,441)",Nakuru County Government,TRANSNEP INSURANCE BROKERS LIMITED,2024/25,287463548.0
EXTREME_OUTLIER,HIGH,ocds-5whusi-CGTN/AGRIC/Q002/2023/2024,"Award value KES 99,999,900 exceeds 99th percentile (KES 82,429,441)",Trans Nzoia County Government,Western Seed Company Limited,2023/24,99999900.0
EXTREME_OUTLIER,HIGH,ocds-5whusi-GF ATM HIV GC7/DP03/2024-2025,"Award value KES 418,270,431 exceeds 99th percentile (KES 82,429,441)",Kenya Medical Supplies Authority,MEDIONICS HEALTHCARE LIMITED,2024/25,418270431.25
EXTREME_OUTLIER,HIGH,ocds-5whusi-GF ATM HIV GC7/OIT04/2024-2025,"Award value KES 182,224,724 exceeds 99th percentile (KES 82,429,441)",Kenya Medical Supplies Authority,HETERO LABS LIMITED,2024/25,182224724.0
EXTREME_OUTLIER,HIGH,ocds-5whusi-GFATMHIVNFM2023/2024OIT014,"Award value KES 592,045,879 exceeds 99th percentile (KES 82,429,441)",Kenya Medical Supplies Authority,,2023/24,592045879.1
EXTREME_OUTLIER,HIGH,ocds-5whusi-GFATMHIVNFM-2023/2024-OIT-08,"Award value KES 98,650,937 exceeds 99th percentile (KES 82,429,441)",Kenya Medical Supplies Authority,,2023/24,98650936.8
EXTREME_OUTLIER,HIGH,ocds-5whusi-KCG/KCDHSS/1493553-2/2023/2024,"Award value KES 783,687,764 exceeds 99th percentile (KES 82,429,441)",Kilifi County Government,EPCO BUILDERS LIMITED,2023/24,783687764.0
EXTREME_OUTLIER,HIGH,ocds-5whusi-KE-MOMBE&MA-KLF-2024-014-CW/MMBE&MA/SDBE&F/24/2023-2024,"Award value KES 152,357,486 exceeds 99th percentile (KES 82,429,441)","State Department for Fisheries, Aquaculture and the Blue Economy",BELION GENERAL AGENCY LTD,2024/25,152357486.0
EXTREME_OUTLIER,HIGH,ocds-5whusi-KE-MOMBE&MA-TR-2024-012-CW/MMBE&MA/SDBE&F/22/2023-2024,"Award value KES 151,720,695 exceeds 99th percentile (KES 82,429,441)","State Department for Fisheries, Aquaculture and the Blue Economy",TODDY CIVIL ENG.CO.LTD,2024/25,151720695.0
EXTREME_OUTLIER,HIGH,ocds-5whusi-KEMSA/OIT01/2024-2026,"Award value KES 125,713,248 exceeds 99th percentile (KES 82,429,441)",Kenya Medical Supplies Authority,HIGHRIDGE PHARM LTD,2024/25,125713248.0
EXTREME_OUTLIER,HIGH,ocds-5whusi-KEMSA/ONT02/2024-2026,"Award value KES 143,651,934 exceeds 99th percentile (KES 82,429,441)",Kenya Medical Supplies Authority,Laboratory and Allied Limited,2024/25,143651934.0
EXTREME_OUTLIER,HIGH,ocds-5whusi-KEMSA/ONT04/2024-2026,"Award value KES 202,455,200 exceeds 99th percentile (KES 82,429,441)",Kenya Medical Supplies Authority,MEDIVET PRODUCTS LIMITED,2024/25,202455200.0
EXTREME_OUTLIER,HIGH,ocds-5whusi-KEMSA/ONT26/2023-2025,"Award value KES 123,368,870 exceeds 99th percentile (KES 82,429,441)",Kenya Medical Supplies Authority,escobar kenya ltd,2024/25,123368870.0
EXTREME_OUTLIER,HIGH,ocds-5whusi-KeNHA/2740/2024,"Award value KES 229,997,486 exceeds 99th percentile (KES 82,429,441)",Kenya National Highway Authority,GOKHAN TECHNICAL SERVICES LIMITED IN JV WITH MASTERSPACE SOLUTIONS LIMITED,2023/24,229997486.35
EXTREME_OUTLIER,HIGH,ocds-5whusi-KeNHA/R1/282/2024,"Award value KES 293,540,215 exceeds 99th percentile (KES 82,429,441)",Kenya National Highway Authority,Amas Trading Company Limited,2024/25,293540215.02
EXTREME_OUTLIER,HIGH,ocds-5whusi-KeNHA/R1/287/2024,"Award value KES 181,400,669 exceeds 99th percentile (KES 82,429,441)",Kenya National Highway Authority,Milwise Company Limited,2024/25,181400668.92
EXTREME_OUTLIER,HIGH,ocds-5whusi-KeNHA/R4/305/2024,"Award value KES 181,107,579 exceeds 99th percentile (KES 82,429,441)",Kenya National Highway Authority,M/s Rgis Kenya Ltd,2024/25,181107578.59
EXTREME_OUTLIER,HIGH,ocds-5whusi-KeNHA/R4/309/2024,"Award value KES 109,909,678 exceeds 99th percentile (KES 82,429,441)",Kenya National Highway Authority,M/S Maimen Enterprise Ltd,2024/25,109909678.32
EXTREME_OUTLIER,HIGH,ocds-5whusi-KeNHA/R9/142/2024,"Award value KES 120,113,169 exceeds 99th percentile (KES 82,429,441)",Kenya National Highway Authority,Lessken Investment Ltd,2024/25,120113168.69
EXTREME_OUTLIER,HIGH,ocds-5whusi-KeRRA/08/39/1/2023-24,"Award value KES 2,033,653,692 exceeds 99th percentile (KES 82,429,441)",Kenya Rural Roads Authority,Henan Highway Engineering Group Co. Ltd,2023/24,2033653691.88
EXTREME_OUTLIER,HIGH,ocds-5whusi-KE-TransNzoiaCounty-399514-CW-RFB,"Award value KES 940,358,829 exceeds 99th percentile (KES 82,429,441)",Trans Nzoia County Government,SIHAAM LIMITED,2024/25,940358829.0
EXTREME_OUTLIER,HIGH,ocds-5whusi-KP1/9A.2/OT/004/ICT/24-25,"Award value KES 316,814,734 exceeds 99th percentile (KES 82,429,441)",Kenya Power & Lighting Company,Tritel Technologies Ltd,2024/25,316814733.59
EXTREME_OUTLIER,HIGH,ocds-5whusi-KP1/9A.3/OT/51/23-24,"Award value KES 92,684,000 exceeds 99th percentile (KES 82,429,441)",Kenya Power & Lighting Company,M/s Yocean Group Ltd,2024/25,92684000.0
EXTREME_OUTLIER,HIGH,ocds-5whusi-KP1/9A.3/RT/04/24-25,"Award value KES 1,146,328,034 exceeds 99th percentile (KES 82,429,441)",Kenya Power & Lighting Company,PAN AFRICA TRANSFORMERS & SWITCH GEAR LTD,2024/25,1146328033.52
EXTREME_OUTLIER,HIGH,ocds-5whusi-KPA/101/2023-24/ME,"Award value KES 753,832,614 exceeds 99th percentile (KES 82,429,441)",Kenya Ports Authority,KENYA SHIPYARDS LIMITED,2023/24,753832614.15
EXTREME_OUTLIER,HIGH,ocds-5whusi-KPA/111/2023-24/EE,"Award value KES 84,326,200 exceeds 99th percentile (KES 82,429,441)",Kenya Ports Authority,,2023/24,84326200.0
EXTREME_OUTLIER,HIGH,ocds-5whusi-KPA/131/2023-24/ME,"Award value KES 259,665,439 exceeds 99th percentile (KES 82,429,441)",Kenya Ports Authority,KENYA SHIPYARDS LTD,2024/25,259665438.54
EXTREME_OUTLIER,HIGH,ocds-5whusi-KPA/304/2023-24/PDM,"Award value KES 101,725,795 exceeds 99th percentile (KES 82,429,441)",Kenya Ports Authority,ABSAL AND SONS ENTERPRISES LTD,2024/25,101725795.16
EXTREME_OUTLIER,HIGH,ocds-5whusi-KPC/PU/OT – 072/ICT/NBI/24 - 25,"Award value KES 544,648,909 exceeds 99th percentile (KES 82,429,441)",Kenya Pipeline Company,BARAN TELECOM NETWORKS K.LIMITED-LOT 2,2024/25,544648909.0
EXTREME_OUTLIER,HIGH,ocds-5whusi-KPC/PU/OT-241/CORR/NBI/23-24,"Award value KES 320,786,285 exceeds 99th percentile (KES 82,429,441)",Kenya Pipeline Company,Assis Construction Company Limited,2023/24,320786284.81
EXTREME_OUTLIER,HIGH,ocds-5whusi-KRA/HQS/NCB-002/2024-2025,"Award value KES 1,182,024,000 exceeds 99th percentile (KES 82,429,441)",Kenya Revenue Authority,Hatari Security Guards Limited,2024/25,1182024000.0
EXTREME_OUTLIER,HIGH,ocds-5whusi-KRA/HQS/NCB-045/2023-2024,"Award value KES 279,584,058 exceeds 99th percentile (KES 82,429,441)",Kenya Revenue Authority,NEXT TECHNOLOGIES LTD,2024/25,279584057.54
EXTREME_OUTLIER,HIGH,ocds-5whusi-KRA/HQS/NCB-049/2023-2024,"Award value KES 114,617,927 exceeds 99th percentile (KES 82,429,441)",Kenya Revenue Authority,,2024/25,114617927.0
EXTREME_OUTLIER,HIGH,ocds-5whusi-KSG/VHG/01/2023-2024,"Award value KES 1,173,990,701 exceeds 99th percentile (KES 82,429,441)",Kenya School Of Government,,2023/24,1173990701.0
EXTREME_OUTLIER,HIGH,ocds-5whusi-KWSC/01/2024-2025,"Award value KES 82,538,416 exceeds 99th percentile (KES 82,429,441)",KISUMU WATER AND SANITATION COMPANY LIMITED,PAN AFRICA CHEMICALS LTD,2024/25,82538416.0
EXTREME_OUTLIER,HIGH,ocds-5whusi-MTRH/T/20/2024-2025,"Award value KES 253,460,158 exceeds 99th percentile (KES 82,429,441)",Moi Teaching and Referral Hostipal,SCORTIS EAST AFRICA LIMITED,2024/25,253460157.7
EXTREME_OUTLIER,HIGH,ocds-5whusi-NCG/OT/031/2024-2025,"Award value KES 90,064,639 exceeds 99th percentile (KES 82,429,441)",Narok County Government,FIG ENGINEERING SERVICES LTD,2024/25,90064638.51
EXTREME_OUTLIER,HIGH,ocds-5whusi-NHC/TECH/MRU/024/2022-2023,"Award value KES 447,072,516 exceeds 99th percentile (KES 82,429,441)",National Housing Corporation,Top Choice Surveillnce Limited,2023/24,447072516.0
EXTREME_OUTLIER,HIGH,ocds-5whusi-NHIF-DP-005-2021-2022,"Award value KES 211,500,000 exceeds 99th percentile (KES 82,429,441)",National Hospital Insurance Fund,MIBM,2022/23,211500000.0
EXTREME_OUTLIER,HIGH,ocds-5whusi-NMK/T/13/EMA SERVICES/24-26,"Award value KES 158,124,000 exceeds 99th percentile (KES 82,429,441)",National Museums of Kenya,INTER MANAGEMENT GROUP (K) LIMITED,2024/25,158124000.0
EXTREME_OUTLIER,HIGH,ocds-5whusi-NTSA/DP-021/2023-2024,"Award value KES 235,000,000 exceeds 99th percentile (KES 82,429,441)",National Transport and Safety Authority,NATIONAL BANK IN CONSORTIUM WITH PESA PRINT,2024/25,235000000.0
EXTREME_OUTLIER,HIGH,ocds-5whusi-RFX1000001054,"Award value KES 130,831,094 exceeds 99th percentile (KES 82,429,441)",Rural Electrification Authority,Bidconsult Investments Limited,2023/24,130831094.16
EXTREME_OUTLIER,HIGH,ocds-5whusi-SDLPP/OT/01/2024-2025 (IFMIS TENDER NO: 1654726-2024/2025),"Award value KES 998,508,597 exceeds 99th percentile (KES 82,429,441)",Ministry of Lands and Physical Planning,Isuzu East Africa Limited,2024/25,998508597.0
EXTREME_OUTLIER,HIGH,ocds-5whusi-TCG/LPP&UAM/202/2023-2024NEGOTIATIONNO:1483994,"Award value KES 111,743,960 exceeds 99th percentile (KES 82,429,441)",Turkana County Government,GEOPLAN CONSULTANTS LTD,2023/24,111743960.0
EXTREME_OUTLIER,HIGH,ocds-5whusi-TCG/PSADM/165/2022-2023,"Award value KES 277,001,037 exceeds 99th percentile (KES 82,429,441)",Turkana County Government,M/s Jubilee Life Insurance,2022/23,277001037.0
EXTREME_OUTLIER,HIGH,ocds-5whusi-TNT/035/2023-2024,"Award value KES 657,357,297 exceeds 99th percentile (KES 82,429,441)",The National Treasury,Down to Earth Technologies Ltd,2023/24,657357296.81
EXTREME_OUTLIER,HIGH,ocds-5whusi-TNT/RFP/036/2023-2024,"Award value KES 139,610,405 exceeds 99th percentile (KES 82,429,441)",The National Treasury,,2023/24,139610405.0
EXTREME_OUTLIER,HIGH,ocds-5whusi-1656854-2024/2025,"Award value KES 110,694,857 exceeds 99th percentile (KES 82,429,441)",Nyandarua County Government,MADISON GENERAL INSURANCE,2024/25,110694857.0
EXTREME_OUTLIER,HIGH,ocds-5whusi-218460-KPA/091/2024-25/ICT,"Award value KES 504,600,000 exceeds 99th percentile (KES 82,429,441)",Kenya Ports Authority,M/S CENTRIC LIMITED,2024/25,504600000.0
EXTREME_OUTLIER,HIGH,ocds-5whusi-3888,"Award value KES 92,511,732 exceeds 99th percentile (KES 82,429,441)",The Meru National Polytechnic,EBONY CONSOLIDATED LIMITED,2018/19,92511732.0
EXTREME_OUTLIER,HIGH,ocds-5whusi-4658,"Award value KES 140,861,707 exceeds 99th percentile (KES 82,429,441)",The Meru National Polytechnic,RAMJI HARIBHAI DEVANI LIMITED,2024/25,140861707.0
EXTREME_OUTLIER,HIGH,ocds-5whusi-55369,"Award value KES 243,933,564 exceeds 99th percentile (KES 82,429,441)",Chemelil Sugar Company Limited,ONGATA WORKS LIMITED,2023/24,243933563.51
EXTREME_OUTLIER,HIGH,ocds-5whusi-BCA/08/2023-2024,"Award value KES 101,061,404 exceeds 99th percentile (KES 82,429,441)",County Assembly Of Bomet,,2023/24,101061404.0
EXTREME_OUTLIER,HIGH,ocds-5whusi-BSA/CG/PSA/66/2024/2025,"Award value KES 216,855,295 exceeds 99th percentile (KES 82,429,441)",Busia County Government,TRANSNEP INSURANCE BROKERS LIMITED,2024/25,216855295.0
EXTREME_OUTLIER,HIGH,ocds-5whusi-CAM/ONT/HSRD/02/2024-2025,"Award value KES 89,134,159 exceeds 99th percentile (KES 82,429,441)",County Assembly Of Meru,PILLAR AUDIO VISUAL SERVICES,2024/25,89134159.0
EXTREME_OUTLIER,HIGH,ocds-5whusi-CA/SCM/OT/57/2023-2024,"Award value KES 221,438,621 exceeds 99th percentile (KES 82,429,441)",Communications Authority of Kenya,CENTRIC TECHNOLOGY SOLUTIONS,2023/24,221438621.21
EXTREME_OUTLIER,HIGH,ocds-5whusi-CGN/MOH/ONT/079B/2023-2024,"Award value KES 249,800,321 exceeds 99th percentile (KES 82,429,441)",Nakuru County Government,FINE ENGINEERING WORKS LIMITED,2024/25,249800321.0
EXTREME_OUTLIER,HIGH,ocds-5whusi-CGS/SCM/TCIA/OT/2022-2023/022,"Award value KES 137,350,000 exceeds 99th percentile (KES 82,429,441)",Siaya County Government,,2023/24,137350000.0
EXTREME_OUTLIER,HIGH,ocds-5whusi-CGTT/DPSA/OPEN/001/2024-2025,"Award value KES 188,605,933 exceeds 99th percentile (KES 82,429,441)",Taita-Taveta County Government,SCORELINE INSURANCE BROKERS LIMITED,2024/25,188605933.0
EXTREME_OUTLIER,HIGH,ocds-5whusi-ENNDA/CONTR/015/2023-2024 LOT4,"Award value KES 95,422,887 exceeds 99th percentile (KES 82,429,441)",Ewaso Ng'iro North Development Authority,Tron Ventures,2024/25,95422887.0
EXTREME_OUTLIER,HIGH,ocds-5whusi-GF ATM HIV GC7/OIT013/2024-2025,"Award value KES 94,481,390 exceeds 99th percentile (KES 82,429,441)",Kenya Medical Supplies Authority,Ultralab E. A Limited,2024/25,94481389.6
EXTREME_OUTLIER,HIGH,ocds-5whusi-HBC/PH&MS/ONT/002/2023-2024,"Award value KES 229,619,315 exceeds 99th percentile (KES 82,429,441)",Homa Bay County Government,M/S YUVI CONSTRUCTION LIMITED,2023/24,229619315.0
EXTREME_OUTLIER,HIGH,ocds-5whusi-IPC / ICB No: KAA/OT/MIA/0036/2024-2025,"Award value KES 1,295,265,450 exceeds 99th percentile (KES 82,429,441)",Kenya Airport Authority,VANIAX DEVELOPERS LIMITED,2024/25,1295265449.94
EXTREME_OUTLIER,HIGH,ocds-5whusi-KAA/DP/MIA/0096/2023-2024,"Award value KES 106,665,814 exceeds 99th percentile (KES 82,429,441)",Kenya Airport Authority,JO-KIRK REAL ESTATE DEVELOPMENTS LTD,2023/24,106665814.0
EXTREME_OUTLIER,HIGH,ocds-5whusi-KAA/DP/RFP/HQ//0097/2023-2024,"Award value KES 101,476,800 exceeds 99th percentile (KES 82,429,441)",Kenya Airport Authority,ALG Global Infrastructure Advisors SLU,2023/24,101476800.0
EXTREME_OUTLIER,HIGH,ocds-5whusi-KarU/OT/0008/2024-2025,"Award value KES 95,922,306 exceeds 99th percentile (KES 82,429,441)",Karatina University,Dinesh Construction Ltd,2024/25,95922306.0
EXTREME_OUTLIER,HIGH,ocds-5whusi-KarU/OT/008/2023-2024,"Award value KES 448,685,911 exceeds 99th percentile (KES 82,429,441)",Karatina University,Top Choice Surveillance Ltd,2024/25,448685911.08
EXTREME_OUTLIER,HIGH,ocds-5whusi-KCAA/046/2023-2024-,"Award value KES 112,509,670 exceeds 99th percentile (KES 82,429,441)",Kenya Civil Aviation Authority,Acentria Insurance Brokers Ltd,2023/24,112509670.0
EXTREME_OUTLIER,HIGH,ocds-5whusi-KCG/KCDHSS/1493259-2/2023/2024,"Award value KES 658,509,223 exceeds 99th percentile (KES 82,429,441)",Kilifi County Government,EPCO BUILDERS LIMITED,2023/24,658509223.4
EXTREME_OUTLIER,HIGH,ocds-5whusi-KCG/KCDHSS/1666583/2024/2025,"Award value KES 99,493,977 exceeds 99th percentile (KES 82,429,441)",Kilifi County Government,KULTY SUPPLIES LIMITED,2024/25,99493977.2
EXTREME_OUTLIER,HIGH,ocds-5whusi-KCG/PSM/1491258/2023/2024,"Award value KES 499,995,244 exceeds 99th percentile (KES 82,429,441)",Kilifi County Government,EPCO BUILDERS LIMITED,2024/25,499995244.0
EXTREME_OUTLIER,HIGH,ocds-5whusi-KE-ICTA-441843-GO-RFB,"Award value KES 141,035,750 exceeds 99th percentile (KES 82,429,441)",ICT Authority,Isolutions Associates Ltd,2024/25,141035749.53
EXTREME_OUTLIER,HIGH,ocds-5whusi-KE-KWALECOUNTY-405086-CW-RFB,"Award value KES 179,235,791 exceeds 99th percentile (KES 82,429,441)",Kwale County Government,LENDA CONSTRUCTION COMPANY LIMITED,2023/24,179235790.71
EXTREME_OUTLIER,HIGH,ocds-5whusi-KE-MOMBE&MA-KWL-2024-003-CW/MMBE&MA/SDBE&F/14/2023-2024,"Award value KES 255,239,950 exceeds 99th percentile (KES 82,429,441)","State Department for Fisheries, Aquaculture and the Blue Economy",DALTON ENTERPRISES,2024/25,255239950.0
EXTREME_OUTLIER,HIGH,ocds-5whusi-KE-MOMBE&MA-LM-2024-010-CW/MMBE&MA/SDBE&F/20/2023-2024,"Award value KES 239,337,275 exceeds 99th percentile (KES 82,429,441)","State Department for Fisheries, Aquaculture and the Blue Economy",JESKEN ENTERPRISES LTD,2024/25,239337275.0
EXTREME_OUTLIER,HIGH,ocds-5whusi-KE-MOMBE&MA-KWL-2024-006-CW/MMBE&MA-SDBE&F-17-2023-2024,"Award value KES 443,097,346 exceeds 99th percentile (KES 82,429,441)","State Department for Fisheries, Aquaculture and the Blue Economy",TOP CHOICE SURVEILLANCE LTD,2024/25,443097346.0
EXTREME_OUTLIER,HIGH,ocds-5whusi-KEMRI/HQ/001/2024-2025,"Award value KES 189,888,298 exceeds 99th percentile (KES 82,429,441)",KENYA MEDICAL RESEARCH INSTITUTE,GA Insurance,2024/25,189888298.0
EXTREME_OUTLIER,HIGH,ocds-5whusi-KeNHA/2738/2024,"Award value KES 865,191,640 exceeds 99th percentile (KES 82,429,441)",Kenya National Highway Authority,Ebenezer Commercial Works Limited,2023/24,865191639.55
EXTREME_OUTLIER,HIGH,ocds-5whusi-KeNHA/R1/279/2024,"Award value KES 215,641,986 exceeds 99th percentile (KES 82,429,441)",Kenya National Highway Authority,Jengocon Limited,2024/25,215641985.81
EXTREME_OUTLIER,HIGH,ocds-5whusi-KeNHA/R1/280/2024,"Award value KES 165,299,748 exceeds 99th percentile (KES 82,429,441)",Kenya National Highway Authority,Nyabikaye Communications Limited,2024/25,165299748.28
EXTREME_OUTLIER,HIGH,ocds-5whusi-KeNHA/R1/286/2024,"Award value KES 117,247,393 exceeds 99th percentile (KES 82,429,441)",Kenya National Highway Authority,Suze Limited,2024/25,117247393.0
EXTREME_OUTLIER,HIGH,ocds-5whusi-KeNHA/R4/302/2024,"Award value KES 202,464,805 exceeds 99th percentile (KES 82,429,441)",Kenya National Highway Authority,M/s  Iftin Building & Civil Engineering Ltd,2024/25,202464805.28
EXTREME_OUTLIER,HIGH,ocds-5whusi-KeNHA/R4/304/2024,"Award value KES 316,720,208 exceeds 99th percentile (KES 82,429,441)",Kenya National Highway Authority,M/s Associated Electrical & Hardware Suppliers Ltd,2024/25,316720207.92
EXTREME_OUTLIER,HIGH,ocds-5whusi-KeNHA/R4/308/2024,"Award value KES 145,348,123 exceeds 99th percentile (KES 82,429,441)",Kenya National Highway Authority,M/s. Citi Capital Limited,2024/25,145348123.22
EXTREME_OUTLIER,HIGH,ocds-5whusi-KeNHA/R4/318/2024,"Award value KES 83,706,350 exceeds 99th percentile (KES 82,429,441)",Kenya National Highway Authority,Afela Co. LTD,2024/25,83706349.53
EXTREME_OUTLIER,HIGH,ocds-5whusi-KeNHA/R9/141/2024,"Award value KES 233,847,492 exceeds 99th percentile (KES 82,429,441)",Kenya National Highway Authority,Dynality Trading Ltd,2023/24,233847491.57
EXTREME_OUTLIER,HIGH,ocds-5whusi-KeRRA/08/39/11/2023-24,"Award value KES 419,927,876 exceeds 99th percentile (KES 82,429,441)",Kenya Rural Roads Authority,Ebenezer Commercial Works Limited,2023/24,419927876.4
EXTREME_OUTLIER,HIGH,ocds-5whusi-KICD/ADM/014/2021-2022.,"Award value KES 370,727,410 exceeds 99th percentile (KES 82,429,441)",Kenya Institute of Curriculum Development,,2022/23,370727410.35
EXTREME_OUTLIER,HIGH,ocds-5whusi-KP11/9A.1A/RFQ/HRA/05/23-24,"Award value KES 104,346,640 exceeds 99th percentile (KES 82,429,441)",Kenya Power & Lighting Company,KEAPH ENTERPRISES,2023/24,104346640.0
EXTREME_OUTLIER,HIGH,ocds-5whusi-KP1/9A.2/RT/017/ICT/23-24,"Award value KES 336,854,047 exceeds 99th percentile (KES 82,429,441)",Kenya Power & Lighting Company,VILCOM NETWORKS LIMITED,2024/25,336854046.59
EXTREME_OUTLIER,HIGH,ocds-5whusi-KP1/9A.3/DT/006/23-24,"Award value KES 89,320,731 exceeds 99th percentile (KES 82,429,441)",Kenya Power & Lighting Company,,2023/24,89320730.63
EXTREME_OUTLIER,HIGH,ocds-5whusi-KP1/9A.3/RT/001/FA/MFB1/24-25,"Award value KES 359,733,168 exceeds 99th percentile (KES 82,429,441)",Kenya Power & Lighting Company,ABM HOLDINGS LIMITED,2024/25,359733168.0
EXTREME_OUTLIER,HIGH,ocds-5whusi-KP1/9A.3/RT/O7/23-24,"Award value KES 88,578,180 exceeds 99th percentile (KES 82,429,441)",Kenya Power & Lighting Company,DIRECT FLINT KE LIMITED,2023/24,88578180.0
EXTREME_OUTLIER,HIGH,ocds-5whusi-KPA/003/2024-25/ICT,"Award value KES 110,200,000 exceeds 99th percentile (KES 82,429,441)",Kenya Ports Authority,CENTRIC LTD,2024/25,110200000.0
EXTREME_OUTLIER,HIGH,ocds-5whusi-KPA/004/2024-25/PDM,"Award value KES 16,945,162,970 exceeds 99th percentile (KES 82,429,441)",Kenya Ports Authority,M/S CHINA CIVIL ENGINEERING CONSTRUCTION CORPORATION & CRCC HARBOR & CHANNEL ENGINEERING BUREAU GROUP CO. LTD,2024/25,16945162970.15
EXTREME_OUTLIER,HIGH,ocds-5whusi-KPA/018/2024-25/TE,"Award value KES 173,348,700 exceeds 99th percentile (KES 82,429,441)",Kenya Ports Authority,M/S BEK SUPPLIERS LTD,2024/25,173348700.0
EXTREME_OUTLIER,HIGH,ocds-5whusi-KPA/033/2023-24/TE,"Award value KES 199,383,304 exceeds 99th percentile (KES 82,429,441)",Kenya Ports Authority,POWER PARTS KENYA,2023/24,199383304.46
EXTREME_OUTLIER,HIGH,ocds-5whusi-KPA/035/2023-24/TE,"Award value KES 111,082,577 exceeds 99th percentile (KES 82,429,441)",Kenya Ports Authority,M/S SOHAN SINGH JOSH & SONS LTD,2023/24,111082576.75
EXTREME_OUTLIER,HIGH,ocds-5whusi-KPA/036/2023-24/CE,"Award value KES 495,490,430 exceeds 99th percentile (KES 82,429,441)",Kenya Ports Authority,KENYA SHIPYARDS LIMITED,2023/24,495490430.0
EXTREME_OUTLIER,HIGH,ocds-5whusi-KPA/041/2024-25/TE,"Award value KES 299,790,730 exceeds 99th percentile (KES 82,429,441)",Kenya Ports Authority,HEADY BERGE LIMITED,2024/25,299790729.65
EXTREME_OUTLIER,HIGH,ocds-5whusi-KPA/074/2023-24/PDM,"Award value KES 174,779,690 exceeds 99th percentile (KES 82,429,441)",Kenya Ports Authority,,2023/24,174779690.0
EXTREME_OUTLIER,HIGH,ocds-5whusi-KPA/075/2023-24/PDM,"Award value KES 221,563,188 exceeds 99th percentile (KES 82,429,441)",Kenya Ports Authority,RESCONSULT LIMITED,2023/24,221563188.0
EXTREME_OUTLIER,HIGH,ocds-5whusi-KPA/092/2023-24/PDM,"Award value KES 120,023,316 exceeds 99th percentile (KES 82,429,441)",Kenya Ports Authority,DISENEY SOLUTIONS LTD,2023/24,120023316.16
EXTREME_OUTLIER,HIGH,ocds-5whusi-KPA/143/2023-24/CE,"Award value KES 91,913,486 exceeds 99th percentile (KES 82,429,441)",Kenya Ports Authority,ALTAIR COMPANY LIMITED,2023/24,91913486.17
EXTREME_OUTLIER,HIGH,ocds-5whusi-KPA/164/2023-24/EE,"Award value KES 124,454,261 exceeds 99th percentile (KES 82,429,441)",Kenya Ports Authority,CHECHE SUPPLIES LTD,2023/24,124454261.4
EXTREME_OUTLIER,HIGH,ocds-5whusi-KPC/PU/OT-065/CORR/NBI/23-24RE-TENDER,"Award value KES 405,328,902 exceeds 99th percentile (KES 82,429,441)",Kenya Pipeline Company,Damey Construction Company Ltd,2023/24,405328902.08
EXTREME_OUTLIER,HIGH,ocds-5whusi-KPC/PU/OT–067/I&C/NBI/23-24.,"Award value KES 164,540,242 exceeds 99th percentile (KES 82,429,441)",Kenya Pipeline Company,Jiragi Enterprises Ltd,2023/24,164540241.72
EXTREME_OUTLIER,HIGH,ocds-5whusi-KRA/HQS/NCB-004/2024-2025,"Award value KES 371,559,713 exceeds 99th percentile (KES 82,429,441)",Kenya Revenue Authority,Four M Insurance Brokers Limited,2024/25,371559712.6
EXTREME_OUTLIER,HIGH,ocds-5whusi-KRA/HQS/NCB-052/2023-2024,"Award value KES 121,984,358 exceeds 99th percentile (KES 82,429,441)",Kenya Revenue Authority,Dimension Data Solutions Ltd,2024/25,121984357.76
EXTREME_OUTLIER,HIGH,ocds-5whusi-KRA/HQS/NCB-075/2023-2024,"Award value KES 87,572,562 exceeds 99th percentile (KES 82,429,441)",Kenya Revenue Authority,Isolutions Associates Limited,2024/25,87572561.94
EXTREME_OUTLIER,HIGH,ocds-5whusi-KR/SCM/052/2024-2025,"Award value KES 141,522,150 exceeds 99th percentile (KES 82,429,441)",Kenya Railways,FOREMEOST EMTERPRISES LMITED,2024/25,141522150.0
EXTREME_OUTLIER,HIGH,ocds-5whusi-LVSWWDA/KC/T/22/2023-2024,"Award value KES 138,861,043 exceeds 99th percentile (KES 82,429,441)",Lake Victoria South Water Services Board,Hiraan Construction Company Limited,2024/25,138861043.0
EXTREME_OUTLIER,HIGH,ocds-5whusi-MCG/OT/018/2023-2024,"Award value KES 128,388,015 exceeds 99th percentile (KES 82,429,441)",Mandera County Government,,2023/24,128388015.0
EXTREME_OUTLIER,HIGH,ocds-5whusi-MTRH/T/94/2023-2024,"Award value KES 85,935,864 exceeds 99th percentile (KES 82,429,441)",Moi Teaching and Referral Hostipal,WESSEX PHARMACEUTICALS LTD,2024/25,85935864.35
EXTREME_OUTLIER,HIGH,ocds-5whusi-NCG/OT/029/2024-2025,"Award value KES 84,773,998 exceeds 99th percentile (KES 82,429,441)",Narok County Government,CHESTO HOLDINGS LIMITED,2024/25,84773997.55
EXTREME_OUTLIER,HIGH,ocds-5whusi-NCG/OT/062/2024-2025,"Award value KES 328,057,657 exceeds 99th percentile (KES 82,429,441)",Narok County Government,Transnep Insurance brokers P.O BOX 78684-00507,2024/25,328057657.0
EXTREME_OUTLIER,HIGH,ocds-5whusi-NHC/TECH/NYD/021/2022-2023,"Award value KES 256,000,000 exceeds 99th percentile (KES 82,429,441)",National Housing Corporation,M/s. Vee Vee Enterprises Limited,2023/24,256000000.0
EXTREME_OUTLIER,HIGH,ocds-5whusi-NHIF-DP-006-2021-2022,"Award value KES 211,500,000 exceeds 99th percentile (KES 82,429,441)",National Hospital Insurance Fund,MIBM,2022/23,211500000.0
EXTREME_OUTLIER,HIGH,ocds-5whusi-NWWDA/T/CW/050/2023-2024,"Award value KES 764,152,180 exceeds 99th percentile (KES 82,429,441)",Northern Water Works Development Agency,Frontier Engineering Limited,2023/24,764152180.0
EXTREME_OUTLIER,HIGH,ocds-5whusi-OAG/OT/31/2023-2024,"Award value KES 87,630,936 exceeds 99th percentile (KES 82,429,441)",Office of the Auditor General,SAFARICOM PLC,2023/24,87630936.14
EXTREME_OUTLIER,HIGH,ocds-5whusi-RFPNo.LVNWWDA/CONS/KAPSABET/2023-2024,"Award value KES 127,124,400 exceeds 99th percentile (KES 82,429,441)",Lake Victoria North Water services Board,,2023/24,127124400.0
EXTREME_OUTLIER,HIGH,ocds-5whusi-RFX1000001105,"Award value KES 151,345,054 exceeds 99th percentile (KES 82,429,441)",Rural Electrification Authority,Kenbright Insurance Brockers Ltd,2024/25,151345054.0
EXTREME_OUTLIER,HIGH,ocds-5whusi-TARDA/OT/067/2023-2024,"Award value KES 294,969,688 exceeds 99th percentile (KES 82,429,441)",Tana And Athi Rivers Development Authority,,2023/24,294969688.2
EXTREME_OUTLIER,HIGH,ocds-5whusi-TCG/LMB/173/2023-2024NEGOTIATIONNO:1437509,"Award value KES 189,832,941 exceeds 99th percentile (KES 82,429,441)",Turkana County Government,,2023/24,189832941.11
EXTREME_OUTLIER,HIGH,ocds-5whusi-TENDER REF. NO. CBK/050/2024-2025,"Award value KES 311,969,116 exceeds 99th percentile (KES 82,429,441)",Central Bank of Kenya,COMPUTECH LIMITED,2024/25,311969115.62
EXTREME_OUTLIER,HIGH,ocds-5whusi-222828-KLB/RT/18/2023-2024,"Award value KES 528,054,362 exceeds 99th percentile (KES 82,429,441)",Kenya literature Bureau,PRINTS ARTS LTD,2023/24,528054362.48
EXTREME_OUTLIER,HIGH,ocds-5whusi-227005-KEMSA/GOK/MOH-ONT02/2024-2025,"Award value KES 263,354,640 exceeds 99th percentile (KES 82,429,441)",Kenya Medical Supplies Authority,REGAL PHARMACEUTICALS LIMITED,2024/25,263354640.0
EXTREME_OUTLIER,HIGH,ocds-5whusi-230718-GFATMHIVGC7/DP06/2024-2025,"Award value KES 206,642,378 exceeds 99th percentile (KES 82,429,441)",Kenya Medical Supplies Authority,Chemoquip Limited,2024/25,206642378.11686
EXTREME_OUTLIER,HIGH,ocds-5whusi-240676-MOH/SDPH&PS/ONT/14/2024-2025,"Award value KES 101,384,406 exceeds 99th percentile (KES 82,429,441)",PUBLIC HEALTH AND PROFESSIONAL STANDERDS,M/S UNITED PHARMA (K) LIMITED,2024/25,101384406.2
EXTREME_OUTLIER,HIGH,ocds-5whusi-258580-GFATMHIVGC7/OIT01/2025-2026,"Award value KES 138,536,012 exceeds 99th percentile (KES 82,429,441)",Kenya Medical Supplies Authority,AUROBINDO PHARMA LIMITED,2025/26,138536011.53
EXTREME_OUTLIER,HIGH,ocds-5whusi-258994-JUD/OT/003/2025-2026,"Award value KES 497,892,798 exceeds 99th percentile (KES 82,429,441)",The Judiciary,M/s Liaison Health care Ltd,2025/26,497892798.0
EXTREME_OUTLIER,HIGH,ocds-5whusi-263854-KeNHA/2908/2025,"Award value KES 3,388,523,876 exceeds 99th percentile (KES 82,429,441)",Kenya National Highway Authority,H Young & Co (Ea) Ltd,2025/26,3388523876.0
EXTREME_OUTLIER,HIGH,ocds-5whusi-259746-KEMSA/GOK-CPF-HIV/OIT04/2025-2026,"Award value KES 182,490,600 exceeds 99th percentile (KES 82,429,441)",Kenya Medical Supplies Authority,SIMBA PHARMACEUTICALS LIMITED,2025/26,182490600.0
EXTREME_OUTLIER,HIGH,ocds-5whusi-263845-KeNHA/2907/2025,"Award value KES 7,499,010,892 exceeds 99th percentile (KES 82,429,441)",Kenya National Highway Authority,China Wu Yi Co. Ltd,2025/26,7499010892.0
EXTREME_OUTLIER,HIGH,ocds-5whusi-221618-KLB/RT/12/23-24,"Award value KES 124,705,469 exceeds 99th percentile (KES 82,429,441)",Kenya literature Bureau,ENGLISH PRESS LIMITED,2023/24,124705469.4
EXTREME_OUTLIER,HIGH,ocds-5whusi-222219-KPC/PU/OT–114/SEC/NBI/24-25,"Award value KES 112,362,240 exceeds 99th percentile (KES 82,429,441)",Kenya Pipeline Company,HARPCON SECURITY SERVICES LTD LOT2- SEC4,2024/25,112362240.0
EXTREME_OUTLIER,HIGH,ocds-5whusi-222660-KCAA/016/2024-2025,"Award value KES 281,620,022 exceeds 99th percentile (KES 82,429,441)",Kenya Civil Aviation Authority,Micro Nav Limited,2024/25,281620022.33
EXTREME_OUTLIER,HIGH,ocds-5whusi-227487-NCCASB/OT/10/11/2024/2025,"Award value KES 92,584,372 exceeds 99th percentile (KES 82,429,441)",County Assembly Of Nairobi,EASTRA SOLUTIONS LTD,2024/25,92584372.0
EXTREME_OUTLIER,HIGH,ocds-5whusi-228909-CGN/CS/INS/09/2025-2026,"Award value KES 141,890,438 exceeds 99th percentile (KES 82,429,441)",Nyeri County Government,UTMOST INSURANCE BROKERS LIMITED P.O BOX 28269-00200 NAIROBI,2024/25,141890438.0
EXTREME_OUTLIER,HIGH,ocds-5whusi-230854-NCG/OT/030/2024-2025,"Award value KES 150,722,034 exceeds 99th percentile (KES 82,429,441)",Narok County Government,Shabana Industries Ltd,2024/25,150722034.0
EXTREME_OUTLIER,HIGH,ocds-5whusi-233135-CGS/HEALTH/OT/2024-2025/062,"Award value KES 84,319,813 exceeds 99th percentile (KES 82,429,441)",Siaya County Government,ABELARD ENTERPRISES LIMITED,2024/25,84319813.21
EXTREME_OUTLIER,HIGH,ocds-5whusi-234761-TENDER/VCG/T&I/125/2024-2025,"Award value KES 90,769,560 exceeds 99th percentile (KES 82,429,441)",Vihiga County Government,KENTZ JUNGLE LIMITED,2024/25,90769560.0
EXTREME_OUTLIER,HIGH,ocds-5whusi-239513-KeRRA/08/39/01/2024–2025,"Award value KES 193,809,972 exceeds 99th percentile (KES 82,429,441)",Kenya Rural Roads Authority,Southwark Connections Limited,2024/25,193809972.5
EXTREME_OUTLIER,HIGH,ocds-5whusi-242940-KP1/9A.2/OT/010/ICT/24-25,"Award value KES 225,108,590 exceeds 99th percentile (KES 82,429,441)",Kenya Power & Lighting Company,Maasdorp Limited,2024/25,225108590.35
EXTREME_OUTLIER,HIGH,ocds-5whusi-245220-KLB/RT/11/24-25,"Award value KES 92,071,699 exceeds 99th percentile (KES 82,429,441)",Kenya literature Bureau,ENGLISH PRESS LTD,2024/25,92071699.23
EXTREME_OUTLIER,HIGH,ocds-5whusi-244171-SK/003/2025-2026,"Award value KES 736,984,952 exceeds 99th percentile (KES 82,429,441)",SPORTS KENYA,Toddy Civil Engineering Company Limited,2025/26,736984952.33
EXTREME_OUTLIER,HIGH,ocds-5whusi-259585-EACC/T/01/2025-2026,"Award value KES 222,320,882 exceeds 99th percentile (KES 82,429,441)",Ethics and Anti-Corruption Commission,BRITAM GENERAL INSURANCE COMPANY,2025/26,222320882.0
EXTREME_OUTLIER,HIGH,ocds-5whusi-269868-KEMSA/DP05/2025-2026,"Award value KES 82,853,410 exceeds 99th percentile (KES 82,429,441)",Kenya Medical Supplies Authority,Surgipharm Limited,2025/26,82853410.0
EXTREME_OUTLIER,HIGH,ocds-5whusi-263193-PC/01/2025–2026,"Award value KES 98,600,000 exceeds 99th percentile (KES 82,429,441)",Privatisation Authority,FAIDA INVESTMENT BANK LTD,2025/26,98600000.0
EXTREME_OUTLIER,HIGH,ocds-5whusi-258583-GFATMHIVGC7/OIT02/2025-2026,"Award value KES 2,845,321,992 exceeds 99th percentile (KES 82,429,441)",Kenya Medical Supplies Authority,HETERO LABS LIMITED,2025/26,2845321992.0
EXTREME_OUTLIER,HIGH,ocds-5whusi-268362-GFATMHIVGC7/DP03-2025/2026,"Award value KES 113,809,203 exceeds 99th percentile (KES 82,429,441)",Kenya Medical Supplies Authority,Chemoquip Limited,2025/26,113809203.27
EXTREME_OUTLIER,HIGH,ocds-5whusi-258960-KURA/DEV/HQ/010/2025-2026,"Award value KES 214,192,305 exceeds 99th percentile (KES 82,429,441)",Kenya Urban Roads Authority,Kaplan ventures limited,2025/26,214192305.18
EXTREME_OUTLIER,HIGH,ocds-5whusi-258993-JUD/OT/002/2025-2026,"Award value KES 84,434,430 exceeds 99th percentile (KES 82,429,441)",The Judiciary,Liberty Life Assurance Ltd,2025/26,84434430.0
EXTREME_OUTLIER,HIGH,ocds-5whusi-268719-RFX1000001419,"Award value KES 557,014,043 exceeds 99th percentile (KES 82,429,441)",Rural Electrification Authority,Yocean Group Limited,2025/26,557014043.2
EXTREME_OUTLIER,HIGH,ocds-5whusi-270612-CGN/T001/2025-2026,"Award value KES 177,815,900 exceeds 99th percentile (KES 82,429,441)",Nyamira County Government,,2025/26,177815900.0
EXTREME_OUTLIER,HIGH,ocds-5whusi-263859-KeNHA/2909/2025,"Award value KES 4,060,810,667 exceeds 99th percentile (KES 82,429,441)",Kenya National Highway Authority,Shengli Engineeering Construction Group  Company Limited,2025/26,4060810666.66
EXTREME_OUTLIER,HIGH,ocds-5whusi-271296-KIRDI01/1/2025/2026,"Award value KES 2,657,233,639 exceeds 99th percentile (KES 82,429,441)",Kenya Industrial Research & Development Institute,Kingsley Construction Co. Ltd,2025/26,2657233638.71
EXTREME_OUTLIER,HIGH,ocds-5whusi-269318-JUD/OT/014/2025-2026,"Award value KES 94,473,607 exceeds 99th percentile (KES 82,429,441)",The Judiciary,F&A Trading company LTD,2025/26,94473607.0
EXTREME_OUTLIER,HIGH,ocds-5whusi-270621-KRA/HQS/NCB-003/2025-2026,"Award value KES 148,126,272 exceeds 99th percentile (KES 82,429,441)",Kenya Revenue Authority,Crimson Computer Services Ltd,2025/26,148126272.0
EXTREME_OUTLIER,HIGH,ocds-5whusi-063057,"Award value KES 109,242,000 exceeds 99th percentile (KES 82,429,441)",Independent Electoral and Boundaries Commission,Elmak chemicals limited,2024/25,109242000.0
EXTREME_OUTLIER,HIGH,ocds-5whusi-219836-TSC/T/045/2024-2025,"Award value KES 395,001,041 exceeds 99th percentile (KES 82,429,441)",Teachers Service Commission,CIC GENERAL INSURANCE LIMITED,2024/25,395001041.0
EXTREME_OUTLIER,HIGH,ocds-5whusi-220780-KP1/9A.3/DT/001/24-25,"Award value KES 864,592,804 exceeds 99th percentile (KES 82,429,441)",Kenya Power & Lighting Company,NUMERICAL MACHINING COMPLEX LTD,2024/25,864592804.06
EXTREME_OUTLIER,HIGH,ocds-5whusi-221275-1705631-2024/2025,"Award value KES 199,851,008 exceeds 99th percentile (KES 82,429,441)",Trans Nzoia County Government,Scoreline Insurance Brokers Limited,2024/25,199851008.0
EXTREME_OUTLIER,HIGH,ocds-5whusi-223575-CBK/086/2024-2025,"Award value KES 349,343,079 exceeds 99th percentile (KES 82,429,441)",Central Bank of Kenya,Oracle Technologies Kenya Limited,2024/25,349343078.97
EXTREME_OUTLIER,HIGH,ocds-5whusi-225051-KP1/9A.3/DT/008/24-25,"Award value KES 93,990,763 exceeds 99th percentile (KES 82,429,441)",Kenya Power & Lighting Company,Encomm Power Rental Solutions Limited,2024/25,93990763.2
EXTREME_OUTLIER,HIGH,ocds-5whusi-225121-KPA/080/2024-25/PDM,"Award value KES 398,757,127 exceeds 99th percentile (KES 82,429,441)",Kenya Ports Authority,CHINA COMMUNICATIONS CONSTRUCTIONS COMPANY LIMITED,2024/25,398757126.67
EXTREME_OUTLIER,HIGH,ocds-5whusi-233405-1666482.,"Award value KES 90,344,143 exceeds 99th percentile (KES 82,429,441)",Kakamega County Government,MODERN MOBILITY LIMITED,2024/25,90344143.0
EXTREME_OUTLIER,HIGH,ocds-5whusi-245225-KLB/RT/22/2024-2025,"Award value KES 458,870,536 exceeds 99th percentile (KES 82,429,441)",Kenya literature Bureau,ENGLISH PRESS LTD,2024/25,458870535.68
EXTREME_OUTLIER,HIGH,ocds-5whusi-270358-1778865,"Award value KES 195,998,954 exceeds 99th percentile (KES 82,429,441)",County Assembly Of Kwale,MICHA ENGINEERING CONSTRUCTION LTD,2024/25,195998954.0
EXTREME_OUTLIER,HIGH,ocds-5whusi-261990-KEMSA-ONT02-2025/2026,"Award value KES 490,648,150 exceeds 99th percentile (KES 82,429,441)",Kenya Medical Supplies Authority,Adawa Investment Company Ltd,2025/26,490648150.0
EXTREME_OUTLIER,HIGH,ocds-5whusi-269314-JUD/OT/010/2025-2026,"Award value KES 90,136,873 exceeds 99th percentile (KES 82,429,441)",The Judiciary,Larveda Company ltd,2025/26,90136872.75
EXTREME_OUTLIER,HIGH,ocds-5whusi-268635-RFX1000001410,"Award value KES 302,425,368 exceeds 99th percentile (KES 82,429,441)",Rural Electrification Authority,LAMONA TRADERS LIMITED,2025/26,302425367.55
EXTREME_OUTLIER,HIGH,ocds-5whusi-268832-KeNHA/2913/2025,"Award value KES 2,474,858,839 exceeds 99th percentile (KES 82,429,441)",Kenya National Highway Authority,Wak Construction Limited,2025/26,2474858839.21
EXTREME_OUTLIER,HIGH,ocds-5whusi-258893-KPC/PU/OT-012/KPRL/NBI/25-26,"Award value KES 115,480,001 exceeds 99th percentile (KES 82,429,441)",Kenya Pipeline Company,HG Motions Limited,2025/26,115480001.0
EXTREME_OUTLIER,HIGH,ocds-5whusi-258954-KURA/DEV/HQ/004/2025-2026,"Award value KES 88,091,113 exceeds 99th percentile (KES 82,429,441)",Kenya Urban Roads Authority,Tinechri Company Limited,2025/26,88091113.09
EXTREME_OUTLIER,HIGH,ocds-5whusi-267645-KPC/PU/OT-125/CORR/NBI/25-26,"Award value KES 105,884,220 exceeds 99th percentile (KES 82,429,441)",Kenya Pipeline Company,Zaisco Construction Engineering,2025/26,105884220.0
EXTREME_OUTLIER,HIGH,ocds-5whusi-219298-WCG/OT/RTD/28/2023-2024,"Award value KES 197,820,020 exceeds 99th percentile (KES 82,429,441)",Wajir County Government,HALANE CONSTRUCTION CO LIMITED,2023/24,197820020.0
EXTREME_OUTLIER,HIGH,ocds-5whusi-222038-RE-TENDER-KPC/PU/OT-054/ICT/NBI/24-25,"Award value KES 90,216,821 exceeds 99th percentile (KES 82,429,441)",Kenya Pipeline Company,DIMENSION DATA SOLUTION LIMITED,2024/25,90216820.83
EXTREME_OUTLIER,HIGH,ocds-5whusi-222976-KP1/9A.3/DT/006/24-25,"Award value KES 99,369,985 exceeds 99th percentile (KES 82,429,441)",Kenya Power & Lighting Company,M/s Encomm Power Rental Solutions Limited,2024/25,99369984.8
EXTREME_OUTLIER,HIGH,ocds-5whusi-223890-KPA/149/2023-24/TE,"Award value KES 132,767,862 exceeds 99th percentile (KES 82,429,441)",Kenya Ports Authority,M/s Zpojawo Consulting,2024/25,132767861.88
EXTREME_OUTLIER,HIGH,ocds-5whusi-227442-CGK/SCM/FIN/ONT/001/2024-2025-1,"Award value KES 150,397,788 exceeds 99th percentile (KES 82,429,441)",Kirinyaga County Government,TRANSNEP INSURANCE BROKERS LIMITED,2024/25,150397788.0
EXTREME_OUTLIER,HIGH,ocds-5whusi-233807-KEMSA/GOKCPFHIV/DP01/2024-2025,"Award value KES 203,191,877 exceeds 99th percentile (KES 82,429,441)",Kenya Medical Supplies Authority,ULTRALAB E.A LIMITED,2024/25,203191877.0
EXTREME_OUTLIER,HIGH,ocds-5whusi-236094-OAG/DP/02/2024-2025,"Award value KES 117,272,490 exceeds 99th percentile (KES 82,429,441)",Office of the Auditor General,Wolters Kluwer Tax and Accounting Limited,2024/25,117272489.8
EXTREME_OUTLIER,HIGH,ocds-5whusi-241614-SASDF/RFP/001/2024-2025,"Award value KES 42,516,053,525 exceeds 99th percentile (KES 82,429,441)","Sports, Arts and Social Development Fund",LINZI FINCO LLP,2024/25,42516053525.0
EXTREME_OUTLIER,HIGH,ocds-5whusi-244009-MUT/TO4/TBPHIIAD/2024-2025,"Award value KES 144,645,722 exceeds 99th percentile (KES 82,429,441)",Murang’a University of Technology,NK Brothers,2024/25,144645721.92
EXTREME_OUTLIER,HIGH,ocds-5whusi-244938-CGS/HEALTH/OT/2024-2025/065,"Award value KES 106,933,811 exceeds 99th percentile (KES 82,429,441)",Siaya County Government,CADADRA ENTERPRISES LIMITED,2025/26,106933810.52
EXTREME_OUTLIER,HIGH,ocds-5whusi-247438-TMU/OT/01/2025/2029,"Award value KES 138,563,520 exceeds 99th percentile (KES 82,429,441)",Tom Mboya University College (Maseno),COTEC SECURITY GROUP LIMITED,2025/26,138563520.0
EXTREME_OUTLIER,HIGH,ocds-5whusi-260840-CGK/EN&W/ONT/001/2025-2026,"Award value KES 83,676,026 exceeds 99th percentile (KES 82,429,441)",Kirinyaga County Government,GINPEN INVESTMENT,2025/26,83676025.76
EXTREME_OUTLIER,HIGH,ocds-5whusi-274034-KP1/9A.3/RT/001/FA/MFB1/25-26,"Award value KES 186,136,500 exceeds 99th percentile (KES 82,429,441)",Kenya Power & Lighting Company,Alogo Enterprises Limited,2025/26,186136500.0
DIRECT_PROCUREMENT_OVERUSE,MEDIUM,,Kenya Airport Authority used Direct Procurement for 71% of 35 awards,Kenya Airport Authority,,,
HIGH_VALUE_NO_COMPETITION,HIGH,"ocds-5whusi-047/ADM/2022-2023,","High-value contract (KES 82,534,252) awarded via 'direct' — no competition",Kenya Institute of Curriculum Development,KENYA INSTITUTE FOR THE BLIND,2022/23,82534251.84
HIGH_VALUE_NO_COMPETITION,HIGH,ocds-5whusi-1437637-2023/2024,"High-value contract (KES 6,989,000) awarded via 'direct' — no competition",Nyandarua County Government,ISUZU EAST AFRICA LIMITED,2023/24,6989000.0
HIGH_VALUE_NO_COMPETITION,HIGH,ocds-5whusi-218251-KAA/DP/MATULO/0056/2024-2025,"High-value contract (KES 36,438,007) awarded via 'direct' — no competition",Kenya Airport Authority,CONTRALINKS SOLUTIONS AND SERVICES,2024/25,36438007.31
HIGH_VALUE_NO_COMPETITION,HIGH,ocds-5whusi-218688-SNSC/293/2024/2025,"High-value contract (KES 3,650,114) awarded via 'direct' — no competition",South Nyanza Sugar Company Limited,Dansteel Junior Company Limited,2024/25,3650114.0
HIGH_VALUE_NO_COMPETITION,HIGH,ocds-5whusi-2518,"High-value contract (KES 15,533,096) awarded via 'direct' — no competition",State Department of Planning,GARSE ENGINEERING & CONSTRUCTION LIMITED,2023/24,15533096.0
HIGH_VALUE_NO_COMPETITION,HIGH,ocds-5whusi-4204,"High-value contract (KES 4,177,160) awarded via 'direct' — no competition",The Meru National Polytechnic,SEMC LIMITED,2023/24,4177160.0
HIGH_VALUE_NO_COMPETITION,HIGH,ocds-5whusi-892775-2021/2022-3,"High-value contract (KES 535,007,177) awarded via 'direct' — no competition",Kwale County Government,AAR INSURANCE,2023/24,535007177.0
HIGH_VALUE_NO_COMPETITION,HIGH,ocds-5whusi-BSA/CG/DP/01/2023/2024,"High-value contract (KES 5,249,000) awarded via 'direct' — no competition",Busia County Government,Villa Rosa Kempinski,2023/24,5249000.0
HIGH_VALUE_NO_COMPETITION,HIGH,ocds-5whusi-CBK/010/2024-2025,"High-value contract (KES 2,632,680) awarded via 'direct' — no competition",Central Bank of Kenya,MFI DOCUMENT SOLUTIONS LIMITED,2024/25,2632680.0
HIGH_VALUE_NO_COMPETITION,HIGH,ocds-5whusi-CBK-025/2024-2025,"High-value contract (KES 9,018,515) awarded via 'direct' — no competition",Central Bank of Kenya,B.S.I. Management Systems-Dubai Branch,2024/25,9018515.13
HIGH_VALUE_NO_COMPETITION,HIGH,ocds-5whusi-CGK/SCM/PW&H/004/DP/2022-2023,"High-value contract (KES 8,944,763) awarded via 'direct' — no competition",Kirinyaga County Government,ILLUSTRATORS GENERAL SUPPLIES ENTERPRISES LIMITED,2022/23,8944763.0
HIGH_VALUE_NO_COMPETITION,HIGH,ocds-5whusi-CGN/ONT/MOH/01/2023-2024,"High-value contract (KES 22,122,703) awarded via 'direct' — no competition",Nakuru County Government,ELSMED HEALTHCARE SOLUTIONS,2023/24,22122702.69
HIGH_VALUE_NO_COMPETITION,HIGH,ocds-5whusi-EAPCPLC/DP/1222/2024,"High-value contract (KES 8,735,437) awarded via 'direct' — no competition",The East African Portland Cement Company,,2023/24,8735437.15
HIGH_VALUE_NO_COMPETITION,HIGH,ocds-5whusi-GF ATM HIV GC7/DP08/2024-2025,"High-value contract (KES 46,379,376) awarded via 'direct' — no competition",Kenya Medical Supplies Authority,Faram East Africa Limited,2024/25,46379375.76
HIGH_VALUE_NO_COMPETITION,HIGH,ocds-5whusi-GFATMHIVNFM-2023/2024-DP-010,"High-value contract (KES 45,175,000) awarded via 'direct' — no competition",Kenya Medical Supplies Authority,,2023/24,45175000.0
HIGH_VALUE_NO_COMPETITION,HIGH,ocds-5whusi-GFATMHIVNFM-2023/2024DP013,"High-value contract (KES 5,219,240) awarded via 'direct' — no competition",Kenya Medical Supplies Authority,,2023/24,5219240.0
HIGH_VALUE_NO_COMPETITION,HIGH,ocds-5whusi-GFATMHIVNFM-2023/2024DP07,"High-value contract (KES 19,367,889) awarded via 'direct' — no competition",Kenya Medical Supplies Authority,BIOSYSTEMS LIMITED,2024/25,19367888.8
HIGH_VALUE_NO_COMPETITION,HIGH,ocds-5whusi-GFATMTBNFM-2023/2024DP02,"High-value contract (KES 75,042,696) awarded via 'direct' — no competition",Kenya Medical Supplies Authority,,2023/24,75042696.3
HIGH_VALUE_NO_COMPETITION,HIGH,ocds-5whusi-KAA/DP/JKIA/0146/2023-2024,"High-value contract (KES 8,466,000) awarded via 'direct' — no competition",Kenya Airport Authority,MAGENTA KENYA LTD,2023/24,8466000.0
HIGH_VALUE_NO_COMPETITION,HIGH,ocds-5whusi-KAA/DP/MIA/0064/2023-2024,"High-value contract (KES 22,050,000) awarded via 'direct' — no competition",Kenya Airport Authority,MAGENTA KENYA LTD,2023/24,22050000.0
HIGH_VALUE_NO_COMPETITION,HIGH,ocds-5whusi-KAA/DP/UKUNDA/0019/2024-2025,"High-value contract (KES 38,302,324) awarded via 'direct' — no competition",Kenya Airport Authority,DICOM ENGINEERING LIMITED,2024/25,38302323.67
HIGH_VALUE_NO_COMPETITION,HIGH,ocds-5whusi-KEMSA/DP20/2023-2024,"High-value contract (KES 16,857,200) awarded via 'direct' — no competition",Kenya Medical Supplies Authority,ANGELICA MEDICAL SUPPLIES LIMITED,2024/25,16857200.0
HIGH_VALUE_NO_COMPETITION,HIGH,ocds-5whusi-KGN-LEG-017-2023,"High-value contract (KES 188,138,368) awarded via 'direct' — no competition",Kenya Electricity  Generating Company,,2023/24,188138368.0
HIGH_VALUE_NO_COMPETITION,HIGH,ocds-5whusi-KGN-LEG-023-2023,"High-value contract (KES 49,928,254) awarded via 'direct' — no competition",Kenya Electricity  Generating Company,,2023/24,49928254.0
HIGH_VALUE_NO_COMPETITION,HIGH,ocds-5whusi-KICD/ADM/048/2022-2023,"High-value contract (KES 102,555,488) awarded via 'direct' — no competition",Kenya Institute of Curriculum Development,KENYA LITERATURE BUREAU,2022/23,102555488.37
HIGH_VALUE_NO_COMPETITION,HIGH,ocds-5whusi-KP1/9A.2/DT/004/ICT/23-24,"High-value contract (KES 193,430,000) awarded via 'direct' — no competition",Kenya Power & Lighting Company,,2023/24,193430000.0
HIGH_VALUE_NO_COMPETITION,HIGH,ocds-5whusi-KP1/9A.2/DT/052/CC/23-24,"High-value contract (KES 5,220,000) awarded via 'direct' — no competition",Kenya Power & Lighting Company,The Standard Group PLC,2023/24,5220000.0
HIGH_VALUE_NO_COMPETITION,HIGH,ocds-5whusi-KP1/9A.3/DT/09/21-22,"High-value contract (KES 138,745,657) awarded via 'direct' — no competition",Kenya Power & Lighting Company,M/S NUMERICAL MACHINING COMPLEX LTD,2022/23,138745657.0
HIGH_VALUE_NO_COMPETITION,HIGH,ocds-5whusi-KPA/007/2024-25/TE,"High-value contract (KES 361,766,590) awarded via 'direct' — no competition",Kenya Ports Authority,M/S ZPOJAWO CONSULTING ENGINEERS,2024/25,361766589.93
HIGH_VALUE_NO_COMPETITION,HIGH,ocds-5whusi-KPA/016/2024-25/CCE,"High-value contract (KES 2,488,424) awarded via 'direct' — no competition",Kenya Ports Authority,NAJOMACK INVESTMENTS,2024/25,2488423.78
HIGH_VALUE_NO_COMPETITION,HIGH,ocds-5whusi-KPA/067/2023-24/IA,"High-value contract (KES 37,234,959) awarded via 'direct' — no competition",Kenya Ports Authority,AZMASOFT CONSULTING LTD COMPANY,2023/24,37234958.77
HIGH_VALUE_NO_COMPETITION,HIGH,ocds-5whusi-KPA/077/2023-24/TE,"High-value contract (KES 296,702,201) awarded via 'direct' — no competition",Kenya Ports Authority,POWER PARTS (K) LTD,2023/24,296702201.0
HIGH_VALUE_NO_COMPETITION,HIGH,ocds-5whusi-KPA/085/2023-24/FS,"High-value contract (KES 3,195,115,312) awarded via 'direct' — no competition",Kenya Ports Authority,KENYA SHIPYARD LIMITED,2024/25,3195115311.88
HIGH_VALUE_NO_COMPETITION,HIGH,ocds-5whusi-KPA/125/2023-24/PDM,"High-value contract (KES 9,833,058) awarded via 'direct' — no competition",Kenya Ports Authority,JUMBO INTERLINKS LTD,2023/24,9833057.65
HIGH_VALUE_NO_COMPETITION,HIGH,ocds-5whusi-KPA/159/2023-24/FA,"High-value contract (KES 7,065,730) awarded via 'direct' — no competition",Kenya Ports Authority,ONE SOURCE SOLUTIONS LIMITED,2023/24,7065730.0
HIGH_VALUE_NO_COMPETITION,HIGH,ocds-5whusi-KPA/194/2023-24/TE,"High-value contract (KES 17,928,283) awarded via 'direct' — no competition",Kenya Ports Authority,POWER PARTS KENYA LTD,2023/24,17928283.26
HIGH_VALUE_NO_COMPETITION,HIGH,ocds-5whusi-KPA/204/2023-24/TE,"High-value contract (KES 94,634,249) awarded via 'direct' — no competition",Kenya Ports Authority,FIREFOX KENYA LTD,2024/25,94634249.0
HIGH_VALUE_NO_COMPETITION,HIGH,ocds-5whusi-KPA/227/2023-24/ME,"High-value contract (KES 24,138,591) awarded via 'direct' — no competition",Kenya Ports Authority,KENYA SHIPYARDS LIMITED,2024/25,24138590.85
HIGH_VALUE_NO_COMPETITION,HIGH,ocds-5whusi-KPA/343/2023/24,"High-value contract (KES 12,943,580) awarded via 'direct' — no competition",Kenya Ports Authority,KULKIM CONNECTION ENTERPRISES LIMITED,2024/25,12943579.54
HIGH_VALUE_NO_COMPETITION,HIGH,ocds-5whusi-KPC/PU/DP/212(ICT)NBI/23-24,"High-value contract (KES 4,612,480) awarded via 'direct' — no competition",Kenya Pipeline Company,,2023/24,4612480.29
HIGH_VALUE_NO_COMPETITION,HIGH,ocds-5whusi-KPI/9A.2/DT/015/ADM/21-22,"High-value contract (KES 4,798,800) awarded via 'direct' — no competition",Kenya Power & Lighting Company,AIRTEL NETWORKS KENYA LIMITED,2022/23,4798800.0
HIGH_VALUE_NO_COMPETITION,HIGH,ocds-5whusi-KPRL/DP/023.041/2023-2024,"High-value contract (KES 47,058,984) awarded via 'direct' — no competition",Kenya Petroleum Refineries Limited,TIGMAN LIMITED,2023/24,47058984.0
HIGH_VALUE_NO_COMPETITION,HIGH,ocds-5whusi-KRA/HQS/DP-002/2024-2025,"High-value contract (KES 9,000,000) awarded via 'direct' — no competition",Kenya Revenue Authority,Schindler Limited,2024/25,9000000.0
HIGH_VALUE_NO_COMPETITION,HIGH,ocds-5whusi-KRA/HQS/DP-008/2024-2025,"High-value contract (KES 17,701,920) awarded via 'direct' — no competition",Kenya Revenue Authority,Nation Media Group Limited,2024/25,17701920.3
HIGH_VALUE_NO_COMPETITION,HIGH,ocds-5whusi-KRA/HQS/DP-013/2024-2025,"High-value contract (KES 30,119,786) awarded via 'direct' — no competition",Kenya Revenue Authority,Colnet Limited,2024/25,30119786.11
HIGH_VALUE_NO_COMPETITION,HIGH,ocds-5whusi-KRA/HQS/DP-017/2024-2025,"High-value contract (KES 22,093,414) awarded via 'direct' — no competition",Kenya Revenue Authority,Liga Holdings Limited,2024/25,22093413.6
HIGH_VALUE_NO_COMPETITION,HIGH,ocds-5whusi-KRA/HQS/DP-048/2023-2024,"High-value contract (KES 108,277,440) awarded via 'direct' — no competition",Kenya Revenue Authority,Bridgewater Investments Limited,2024/25,108277440.0
HIGH_VALUE_NO_COMPETITION,HIGH,ocds-5whusi-KRA/HQS/DP-052/2023-2024,"High-value contract (KES 26,999,994) awarded via 'direct' — no competition",Kenya Revenue Authority,IT Service & Project Management,2024/25,26999993.77
HIGH_VALUE_NO_COMPETITION,HIGH,ocds-5whusi-KR/SCM/DPR/060/2023-2024,"High-value contract (KES 29,968,750) awarded via 'direct' — no competition",Kenya Railways,AWAD AUTO LIMITED,2023/24,29968750.0
HIGH_VALUE_NO_COMPETITION,HIGH,ocds-5whusi-MOE/SDELBE/01/2021-2022,"High-value contract (KES 3,102,056) awarded via 'direct' — no competition",Early Learning & Basic Education,,2021/22,3102056.0
HIGH_VALUE_NO_COMPETITION,HIGH,ocds-5whusi-MTRH/DP/23/2023-2024,"High-value contract (KES 17,864,916) awarded via 'direct' — no competition",Moi Teaching and Referral Hostipal,SCIENCESCOPE LIMITED,2023/24,17864916.0
HIGH_VALUE_NO_COMPETITION,HIGH,ocds-5whusi-NCPB/ICT/BREP/NEG/2024 – 2025,"High-value contract (KES 10,642,034) awarded via 'direct' — no competition",National Cereals and Produce Board,DYNASOFT BUSINESS SOLUTIONS LIMITED,2024/25,10642034.0
HIGH_VALUE_NO_COMPETITION,HIGH,ocds-5whusi-NOCK/PRC/03(1697)2022/23,"High-value contract (KES 24,921,979) awarded via 'direct' — no competition",National Oil Corporation Of Kenya,CGG Electromagnetics (Italy) SRL,2023/24,24921978.96
HIGH_VALUE_NO_COMPETITION,HIGH,ocds-5whusi-NTSA/DP-012/2023-2024,"High-value contract (KES 10,612,219) awarded via 'direct' — no competition",National Transport and Safety Authority,,2023/24,10612219.4
HIGH_VALUE_NO_COMPETITION,HIGH,ocds-5whusi-PJS/001/2024-2025,"High-value contract (KES 18,169,327) awarded via 'direct' — no competition",PARLIAMENTARY JOINT SERVICES,EASTERN SOFTWARE SYSTEMS AFRICA LIMITED,2024/25,18169327.1
HIGH_VALUE_NO_COMPETITION,HIGH,ocds-5whusi-SNSC/083/2023/2024,"High-value contract (KES 2,794,819) awarded via 'direct' — no competition",South Nyanza Sugar Company Limited,AHR International Limited,2022/23,2794818.82
HIGH_VALUE_NO_COMPETITION,HIGH,ocds-5whusi-SNSC/145/2024/2025,"High-value contract (KES 6,679,254) awarded via 'direct' — no competition",South Nyanza Sugar Company Limited,Thomas Broadbent & Sons Limited,2024/25,6679253.63
HIGH_VALUE_NO_COMPETITION,HIGH,ocds-5whusi-SNSC/186/2024/2025,"High-value contract (KES 3,074,351) awarded via 'direct' — no competition",South Nyanza Sugar Company Limited,Repelectric (Kenya) Limited,2024/25,3074351.02
HIGH_VALUE_NO_COMPETITION,HIGH,ocds-5whusi-015/ADM/2023-2024,"High-value contract (KES 522,400,873) awarded via 'direct' — no competition",Kenya Institute of Curriculum Development,,2023/24,522400873.0
HIGH_VALUE_NO_COMPETITION,HIGH,ocds-5whusi-218764-KAA/DP/LEGAL/0010/2024-2025,"High-value contract (KES 2,500,000) awarded via 'direct' — no competition",Kenya Airport Authority,MUNYAO & MUTHAMA ADVOCATES,2024/25,2500000.0
HIGH_VALUE_NO_COMPETITION,HIGH,ocds-5whusi-3882,"High-value contract (KES 21,735,732) awarded via 'direct' — no competition",The Meru National Polytechnic,ISAPAM ENTERPRISES LIMITED,2023/24,21735732.0
HIGH_VALUE_NO_COMPETITION,HIGH,ocds-5whusi-CBK/021/2024-2024,"High-value contract (KES 19,320,000) awarded via 'direct' — no competition",Central Bank of Kenya,ECLECTICS INTERNATIONAL LIMITED,2024/25,19320000.0
HIGH_VALUE_NO_COMPETITION,HIGH,ocds-5whusi-CBK/098/2023-2024,"High-value contract (KES 4,854,011) awarded via 'direct' — no competition",Central Bank of Kenya,Isolutions Associates,2023/24,4854011.45
HIGH_VALUE_NO_COMPETITION,HIGH,ocds-5whusi-CGB/QTN/DRM/006/2023/2024,"High-value contract (KES 3,737,060) awarded via 'direct' — no competition",Baringo County Government,ALAMASPEC LIMITED,2023/24,3737060.0
HIGH_VALUE_NO_COMPETITION,HIGH,ocds-5whusi-GF ATM HIV GC7/DP05/2024-2025,"High-value contract (KES 26,520,000) awarded via 'direct' — no competition",Kenya Medical Supplies Authority,Premier Medical Corporation Private Limited,2024/25,26520000.0
HIGH_VALUE_NO_COMPETITION,HIGH,ocds-5whusi-GFATMHIVNFM-2023/2024-DP-011,"High-value contract (KES 248,116,556) awarded via 'direct' — no competition",Kenya Medical Supplies Authority,REDDYS PHARMA LTD,2023/24,248116556.0
HIGH_VALUE_NO_COMPETITION,HIGH,ocds-5whusi-GFATMHIVNFM2023/2024DP02,"High-value contract (KES 5,925,140) awarded via 'direct' — no competition",Kenya Medical Supplies Authority,Cepheid HBDC,2023/24,5925140.0
HIGH_VALUE_NO_COMPETITION,HIGH,ocds-5whusi-GFATMHIVNFM-2023/2024DP08,"High-value contract (KES 457,470,000) awarded via 'direct' — no competition",Kenya Medical Supplies Authority,,2023/24,457470000.0
HIGH_VALUE_NO_COMPETITION,HIGH,ocds-5whusi-GFATMTBNFM-2023/2024DP04,"High-value contract (KES 43,448,496) awarded via 'direct' — no competition",Kenya Medical Supplies Authority,F & S SCIENTIFIC LTD,2023/24,43448496.0
HIGH_VALUE_NO_COMPETITION,HIGH,ocds-5whusi-GMC/K/D/056/2023/2024,"High-value contract (KES 8,916,920) awarded via 'direct' — no competition",Makueni County Government,,2023/24,8916920.0
HIGH_VALUE_NO_COMPETITION,HIGH,ocds-5whusi-IRA/276/2023-2024,"High-value contract (KES 2,900,000) awarded via 'direct' — no competition",Insurance Regulatory Authority,HAVI AND COMPNAY ADVOCATES,2023/24,2900000.0
HIGH_VALUE_NO_COMPETITION,HIGH,ocds-5whusi-JKF/Q/028/2023-2024,"High-value contract (KES 7,641,201) awarded via 'direct' — no competition",The Jomo Kenyatta Foundation,Kenya Literature Bureau,2023/24,7641200.82
HIGH_VALUE_NO_COMPETITION,HIGH,ocds-5whusi-KAA/DP/HQ/0197/2023-2024,"High-value contract (KES 28,958,574) awarded via 'direct' — no competition",Kenya Airport Authority,,2024/25,28958574.0
HIGH_VALUE_NO_COMPETITION,HIGH,ocds-5whusi-KAA/DP/JKIA/0124/2023-2024,"High-value contract (KES 50,798,160) awarded via 'direct' — no competition",Kenya Airport Authority,,2024/25,50798160.0
HIGH_VALUE_NO_COMPETITION,HIGH,ocds-5whusi-KAA/DP/MATULO/0215/2023-2024,"High-value contract (KES 101,499,594) awarded via 'direct' — no competition",Kenya Airport Authority,CONTRALINKS SOLUTIONS AND SERVICES LTD,2023/24,101499594.0
HIGH_VALUE_NO_COMPETITION,HIGH,ocds-5whusi-KAA/DP/RFP/HQ/0008/2024-2025,"High-value contract (KES 126,000,000) awarded via 'direct' — no competition",Kenya Airport Authority,ASHITIVA ADVOCATES LLP,2024/25,126000000.0
HIGH_VALUE_NO_COMPETITION,HIGH,ocds-5whusi-KCG/ALI/T/80B/2022/2023,"High-value contract (KES 3,700,000) awarded via 'direct' — no competition",Kiambu County Government,Kenya Veterinary Vaccines Production Institute,2022/23,3700000.0
HIGH_VALUE_NO_COMPETITION,HIGH,ocds-5whusi-KEMSA/DP19/2023-2024,"High-value contract (KES 13,889,050) awarded via 'direct' — no competition",Kenya Medical Supplies Authority,Autosterile (E.A) Limited,2024/25,13889050.0
HIGH_VALUE_NO_COMPETITION,HIGH,ocds-5whusi-KGN-LEG-020-2023,"High-value contract (KES 61,008,058) awarded via 'direct' — no competition",Kenya Electricity  Generating Company,,2023/24,61008058.0
HIGH_VALUE_NO_COMPETITION,HIGH,ocds-5whusi-KICC/22/2022-2023,"High-value contract (KES 94,430,830) awarded via 'direct' — no competition",The Kenyatta International Convention Centre,ANCHOR CONSOLIDATED LTD,2024/25,94430830.0
HIGH_VALUE_NO_COMPETITION,HIGH,ocds-5whusi-KICD/035/ADM/2022-2023,"High-value contract (KES 83,084,326) awarded via 'direct' — no competition",Kenya Institute of Curriculum Development,KENYA LITERATURE BUREAU,2022/23,83084326.0
HIGH_VALUE_NO_COMPETITION,HIGH,"ocds-5whusi-KICD/ADM/079B/2022-2023,","High-value contract (KES 3,164,997) awarded via 'direct' — no competition",Kenya Institute of Curriculum Development,KENYA LITERATURE BUREAU,2023/24,3164997.0
HIGH_VALUE_NO_COMPETITION,HIGH,ocds-5whusi-KP1/9A.2/DT/005/ICT/23-24,"High-value contract (KES 281,875,868) awarded via 'direct' — no competition",Kenya Power & Lighting Company,,2023/24,281875867.5
HIGH_VALUE_NO_COMPETITION,HIGH,ocds-5whusi-KP1/9A.2/DT/018/IA/23-24,"High-value contract (KES 10,420,329) awarded via 'direct' — no competition",Kenya Power & Lighting Company,Azmasoft Consulting Limited,2023/24,10420328.81
HIGH_VALUE_NO_COMPETITION,HIGH,ocds-5whusi-KP1/9A.3/DT/08/23-24,"High-value contract (KES 15,967,378) awarded via 'direct' — no competition",Kenya Power & Lighting Company,HEXING TECHNOLOGY COMPANY LIMITED,2023/24,15967378.19
HIGH_VALUE_NO_COMPETITION,HIGH,ocds-5whusi-KPA/186/2023-24/ME,"High-value contract (KES 12,022,925) awarded via 'direct' — no competition",Kenya Ports Authority,LOWEEN INVESTMENTS,2023/24,12022925.0
HIGH_VALUE_NO_COMPETITION,HIGH,ocds-5whusi-KPA/202/2023-24/EE,"High-value contract (KES 14,774,532) awarded via 'direct' — no competition",Kenya Ports Authority,ALFA SOLUTIONS LTD,2023/24,14774531.79
HIGH_VALUE_NO_COMPETITION,HIGH,ocds-5whusi-KPA/230/2023-24/ME,"High-value contract (KES 43,225,760) awarded via 'direct' — no competition",Kenya Ports Authority,KENYA SHIPYARDS LIMITED,2024/25,43225759.59
HIGH_VALUE_NO_COMPETITION,HIGH,ocds-5whusi-KPA/236/2023-24/ME,"High-value contract (KES 7,494,595) awarded via 'direct' — no competition",Kenya Ports Authority,MANTRAC KENYA  LIMITED,2024/25,7494594.76
HIGH_VALUE_NO_COMPETITION,HIGH,ocds-5whusi-KPA/241/2023-24/TE,"High-value contract (KES 151,032,906) awarded via 'direct' — no competition",Kenya Ports Authority,STINIS SINGAPORE LIMITED,2024/25,151032906.0
HIGH_VALUE_NO_COMPETITION,HIGH,ocds-5whusi-KPA/249/2023-24/ME,"High-value contract (KES 695,553,118) awarded via 'direct' — no competition",Kenya Ports Authority,KENYA SHIPYARDS LIMITED,2024/25,695553117.93
HIGH_VALUE_NO_COMPETITION,HIGH,ocds-5whusi-KPA/268/2023-24/ICDN,"High-value contract (KES 6,311,838) awarded via 'direct' — no competition",Kenya Ports Authority,UNIAH VENTURES LIMITED,2024/25,6311838.5
HIGH_VALUE_NO_COMPETITION,HIGH,ocds-5whusi-KRA/HQS/DP-009/2024-2025,"High-value contract (KES 17,970,000) awarded via 'direct' — no competition",Kenya Revenue Authority,Kamtix Cleaners Co.Ltd,2024/25,17970000.0
HIGH_VALUE_NO_COMPETITION,HIGH,ocds-5whusi-KRA/HQS/DP-014/2024-2025,"High-value contract (KES 7,728,295) awarded via 'direct' — no competition",Kenya Revenue Authority,Hever The Company Limited,2024/25,7728295.2
HIGH_VALUE_NO_COMPETITION,HIGH,ocds-5whusi-KRA/HQS/DP-016/2024-2025,"High-value contract (KES 12,526,928) awarded via 'direct' — no competition",Kenya Revenue Authority,Nadiah Investment Limited,2024/25,12526928.16
HIGH_VALUE_NO_COMPETITION,HIGH,ocds-5whusi-KRA/HQS/DP-049/2023-2024,"High-value contract (KES 32,946,000) awarded via 'direct' — no competition",Kenya Revenue Authority,Mentor Savings and Credit Co,2024/25,32946000.0
HIGH_VALUE_NO_COMPETITION,HIGH,ocds-5whusi-KR/SCM/DPR/073/2023-2024,"High-value contract (KES 15,775,730) awarded via 'direct' — no competition",Kenya Railways,UJENZI QUARIES LIMITED,2023/24,15775730.0
HIGH_VALUE_NO_COMPETITION,HIGH,ocds-5whusi-MCG/180/2023-2024,"High-value contract (KES 49,531,628) awarded via 'direct' — no competition",Murang'a County Government,SAFARICOM PLC,2024/25,49531628.0
HIGH_VALUE_NO_COMPETITION,HIGH,ocds-5whusi-MTRH/DP/22/2023-2026,"High-value contract (KES 11,678,060) awarded via 'direct' — no competition",Moi Teaching and Referral Hostipal,Elsmed Kenya Limited,2023/24,11678060.0
HIGH_VALUE_NO_COMPETITION,HIGH,ocds-5whusi-MUST/DIRECT/CEM-02/2023-2024,"High-value contract (KES 12,119,747) awarded via 'direct' — no competition",Meru University of Science and Technology,Bruker South Africa (Pty) Ltd,2023/24,12119746.87
INSTANT_CONTRACT_START,MEDIUM,ocds-5whusi-005/11/2023,Contract started 0 day(s) after award — possible pre-arranged award,Office of the Prime Cabinet Secretary,THORAYA AGENCIES LIMITED,2023/24,1599900.0
INSTANT_CONTRACT_START,MEDIUM,ocds-5whusi-010/09/2023,Contract started 0 day(s) after award — possible pre-arranged award,Office of the Prime Cabinet Secretary,,2023/24,4705500.0
INSTANT_CONTRACT_START,MEDIUM,"ocds-5whusi-047/ADM/2022-2023,",Contract started 0 day(s) after award — possible pre-arranged award,Kenya Institute of Curriculum Development,KENYA INSTITUTE FOR THE BLIND,2022/23,82534251.84
INSTANT_CONTRACT_START,MEDIUM,ocds-5whusi-07102022,Contract started 0 day(s) after award — possible pre-arranged award,Central Bank of Kenya,,2022/23,946560.0
INSTANT_CONTRACT_START,MEDIUM,ocds-5whusi-10,Contract started 0 day(s) after award — possible pre-arranged award,ASAL Areas,Habei Limited,2023/24,2931192.0
INSTANT_CONTRACT_START,MEDIUM,ocds-5whusi-10017044,Contract started 0 day(s) after award — possible pre-arranged award,South Nyanza Sugar Company Limited,,2023/24,642756.0
INSTANT_CONTRACT_START,MEDIUM,ocds-5whusi-10017049,Contract started 0 day(s) after award — possible pre-arranged award,South Nyanza Sugar Company Limited,Thames Electricals,2024/25,2831328.0
INSTANT_CONTRACT_START,MEDIUM,ocds-5whusi-10017188,Contract started 0 day(s) after award — possible pre-arranged award,South Nyanza Sugar Company Limited,Labrana Enterprises Limited,2023/24,810028.0
INSTANT_CONTRACT_START,MEDIUM,ocds-5whusi-10017393,Contract started 0 day(s) after award — possible pre-arranged award,South Nyanza Sugar Company Limited,,2023/24,680920.0
INSTANT_CONTRACT_START,MEDIUM,ocds-5whusi-10017413,Contract started 0 day(s) after award — possible pre-arranged award,South Nyanza Sugar Company Limited,Labrana Enterprises Limited,2023/24,839998.92
INSTANT_CONTRACT_START,MEDIUM,ocds-5whusi-10017623,Contract started 0 day(s) after award — possible pre-arranged award,South Nyanza Sugar Company Limited,Thames Electrical Limited,2023/24,1132150.72
INSTANT_CONTRACT_START,MEDIUM,ocds-5whusi-10017630,Contract started 0 day(s) after award — possible pre-arranged award,South Nyanza Sugar Company Limited,Hampitech Africa Limited,2023/24,989419.68
INSTANT_CONTRACT_START,MEDIUM,ocds-5whusi-10017644/17926/17766,Contract started 0 day(s) after award — possible pre-arranged award,South Nyanza Sugar Company Limited,Swiftapt Enterprises Limited,2024/25,1415297.37
INSTANT_CONTRACT_START,MEDIUM,ocds-5whusi-10017730A,Contract started 0 day(s) after award — possible pre-arranged award,South Nyanza Sugar Company Limited,,2023/24,976000.0
INSTANT_CONTRACT_START,MEDIUM,ocds-5whusi-10017769,Contract started 0 day(s) after award — possible pre-arranged award,South Nyanza Sugar Company Limited,Sucrotech (K) Limited,2024/25,1081932.0
INSTANT_CONTRACT_START,MEDIUM,ocds-5whusi-10017828,Contract started 0 day(s) after award — possible pre-arranged award,South Nyanza Sugar Company Limited,Eurotech Industrial Supplies Limited,2024/25,1492717.0
INSTANT_CONTRACT_START,MEDIUM,ocds-5whusi-10017916/17154,Contract started 0 day(s) after award — possible pre-arranged award,South Nyanza Sugar Company Limited,General Auto Hardware Limited,2024/25,1009200.0
INSTANT_CONTRACT_START,MEDIUM,ocds-5whusi-10017978,Contract started 0 day(s) after award — possible pre-arranged award,South Nyanza Sugar Company Limited,TYKHE ENTERPRISES LIMITED,2023/24,1790000.0
INSTANT_CONTRACT_START,MEDIUM,ocds-5whusi-10018092,Contract started 0 day(s) after award — possible pre-arranged award,South Nyanza Sugar Company Limited,Feskana Suppliers Limited,2024/25,1450000.0
INSTANT_CONTRACT_START,MEDIUM,ocds-5whusi-10018120/234/235,Contract started 0 day(s) after award — possible pre-arranged award,South Nyanza Sugar Company Limited,Belea Pharmacy Limited,2024/25,806338.0
INSTANT_CONTRACT_START,MEDIUM,ocds-5whusi-10018239,Contract started 0 day(s) after award — possible pre-arranged award,South Nyanza Sugar Company Limited,Habei Limited,2024/25,1199731.17
INSTANT_CONTRACT_START,MEDIUM,ocds-5whusi-10018331,Contract started 0 day(s) after award — possible pre-arranged award,South Nyanza Sugar Company Limited,Habei Limited,2024/25,1174143.83
INSTANT_CONTRACT_START,MEDIUM,ocds-5whusi-10018569,Contract started 0 day(s) after award — possible pre-arranged award,South Nyanza Sugar Company Limited,Powo Tech Limited,2024/25,1313150.16
INSTANT_CONTRACT_START,MEDIUM,ocds-5whusi-10018643,Contract started 0 day(s) after award — possible pre-arranged award,South Nyanza Sugar Company Limited,Shella Sugar and General Suppliers Limited,2024/25,2300001.6
INSTANT_CONTRACT_START,MEDIUM,ocds-5whusi-1015860,Contract started 0 day(s) after award — possible pre-arranged award,Nyandarua County Government,,2021/22,999990.0
INSTANT_CONTRACT_START,MEDIUM,ocds-5whusi-1015932,Contract started 0 day(s) after award — possible pre-arranged award,Nyandarua County Government,MAUZOLINK LIMITED,2021/22,2000000.0
INSTANT_CONTRACT_START,MEDIUM,ocds-5whusi-1015969,Contract started 0 day(s) after award — possible pre-arranged award,Nyandarua County Government,CHATAWA FARM LIMITED,2021/22,2000000.0
INSTANT_CONTRACT_START,MEDIUM,ocds-5whusi-1016554,Contract started 0 day(s) after award — possible pre-arranged award,Nyandarua County Government,,2021/22,1998100.0
INSTANT_CONTRACT_START,MEDIUM,ocds-5whusi-1017151,Contract started 0 day(s) after award — possible pre-arranged award,Nyandarua County Government,TERREJOY LIMITED,2021/22,1999500.0
INSTANT_CONTRACT_START,MEDIUM,ocds-5whusi-1054281-2022/2023,Contract started 0 day(s) after award — possible pre-arranged award,Kirinyaga County Government,,2022/23,1699300.0
INSTANT_CONTRACT_START,MEDIUM,ocds-5whusi-1161809,Contract started 0 day(s) after award — possible pre-arranged award,Nyandarua County Government,,2023/24,1345000.0
INSTANT_CONTRACT_START,MEDIUM,ocds-5whusi-1165860,Contract started 0 day(s) after award — possible pre-arranged award,Kiambu County Government,DELAVINE LIMITED,2022/23,1982999.85
INSTANT_CONTRACT_START,MEDIUM,"ocds-5whusi-1173847,1/2022/2023",Contract started 0 day(s) after award — possible pre-arranged award,Kirinyaga County Government,EMPIRE PRIME CONTRACTORS AND SUPPLIERS LIMITED,2022/23,1650000.0
INSTANT_CONTRACT_START,MEDIUM,ocds-5whusi-117404/2022-2023,Contract started 0 day(s) after award — possible pre-arranged award,County Assembly Of Taita-Taveta,MAGIJO ENTERPRISES,2022/23,832080.0
INSTANT_CONTRACT_START,MEDIUM,ocds-5whusi-1187471,Contract started 0 day(s) after award — possible pre-arranged award,Bomet County Government,,2023/24,1961000.0
INSTANT_CONTRACT_START,MEDIUM,ocds-5whusi-11874894,Contract started 0 day(s) after award — possible pre-arranged award,Bomet County Government,CHEMASUS CO LTD,2022/23,4785000.0
INSTANT_CONTRACT_START,MEDIUM,ocds-5whusi-1189086-2022/2023,Contract started 0 day(s) after award — possible pre-arranged award,Kirinyaga County Government,CENKAR ENTERPRISES LIMITED,2022/23,608720.0
INSTANT_CONTRACT_START,MEDIUM,ocds-5whusi-1223130-2022/2023,Contract started 0 day(s) after award — possible pre-arranged award,Kirinyaga County Government,DECKFROST LIMITED,2022/23,2498000.0
INSTANT_CONTRACT_START,MEDIUM,ocds-5whusi-1225767-2022/2023,Contract started 0 day(s) after award — possible pre-arranged award,Kirinyaga County Government,JUSTEC COMMUNICATIONS LIMITED,2022/23,17557586.0
INSTANT_CONTRACT_START,MEDIUM,ocds-5whusi-1240893,Contract started 0 day(s) after award — possible pre-arranged award,Kiambu County Government,Techwin limited,2022/23,25070000.0
INSTANT_CONTRACT_START,MEDIUM,ocds-5whusi-1251042-2022-2023,Contract started 0 day(s) after award — possible pre-arranged award,Kirinyaga County Government,EXELA ADVENTURES,2022/23,1222655.0
INSTANT_CONTRACT_START,MEDIUM,ocds-5whusi-1285471/2022-2023,Contract started 0 day(s) after award — possible pre-arranged award,Kirinyaga County Government,,2022/23,882000.0
INSTANT_CONTRACT_START,MEDIUM,"ocds-5whusi-1291847,1-2022/2023",Contract started 0 day(s) after award — possible pre-arranged award,Kirinyaga County Government,,2022/23,935000.0
INSTANT_CONTRACT_START,MEDIUM,ocds-5whusi-1303055,Contract started 0 day(s) after award — possible pre-arranged award,Nyandarua County Government,,2023/24,2999596.0
INSTANT_CONTRACT_START,MEDIUM,ocds-5whusi-1303952-2-2023/2024,Contract started 0 day(s) after award — possible pre-arranged award,Kwale County Government,,2023/24,14407780.0
INSTANT_CONTRACT_START,MEDIUM,ocds-5whusi-1304797,Contract started 0 day(s) after award — possible pre-arranged award,Nyandarua County Government,,2023/24,3997801.0
INSTANT_CONTRACT_START,MEDIUM,ocds-5whusi-1306431,Contract started 0 day(s) after award — possible pre-arranged award,Nyandarua County Government,STADAMAR CONTRACTORS,2023/24,1499300.0
INSTANT_CONTRACT_START,MEDIUM,ocds-5whusi-134157-2,Contract started 0 day(s) after award — possible pre-arranged award,Taita-Taveta County Government,,2023/24,1992500.0
INSTANT_CONTRACT_START,MEDIUM,ocds-5whusi-1353739-2023-2024,Contract started 0 day(s) after award — possible pre-arranged award,Kirinyaga County Government,SYEDCRAFT LIMITED,2023/24,710650.0
INSTANT_CONTRACT_START,MEDIUM,ocds-5whusi-1354072-2023-2024,Contract started 0 day(s) after award — possible pre-arranged award,Kirinyaga County Government,,2023/24,954000.0
